,Season,GameNumber,EventNumber,Period,AdvantageType,EventTimeFromZero,EventTimeFromTwenty,EventType,EventDetail,TeamCode,VPlayer,VPosition,HPlayer,HPosition,PlayerNumber,PlayerName,ShotType,Zone,Length,ShotResult,ShotTeamCode,ShotPlayerNumber,ShotPlayerName,WinTeamCode,VTeamCode,HTeamCode,HitterTeamCode,HitterPlayerNumber,HitterPlayerName,HitteeTeamCode,HitteePlayerNumber,HitteePlayerName,PenaltyTeamCode,PenaltyPlayerNumber,PenaltyPlayerName,PenaltyType,DrawnByTeamCode,DrawnByPlayerNumber,DrawnByPlayerName,GameDate,GoalNumber,GoalTime,Assist1Player,Assist2Player,TBGoalandEvent,Counts,block,faceoff,giveaway,goal,hit,miss,penalty,shot,takeaway,eventvalue,heventvalue,veventvalue,vp,hp,vgp,hgp,gp,plyr,zs,vzs,hzs,zvp,zhp,zplyr,vmax,vmin,pos,vpos,hmax,hmin,hpos,position
0,2010,20001,34.0,1,EV,401,799.0,HIT,"TOR #28 ORR HIT MTL #14 PLEKANEC, Off. Zone",TOR,14.0,C,37.0,C,,,,O,,,,,,,MTL,TOR,TOR,28.0,ORR,MTL,14.0,PLEKANEC,,,,,,,,,1.0,402.0,,,1.0,162,0,0,0,0,1,0,0,0,0,0.14814814814814814,0.14814814814814814,-0.14814814814814814,-0.5185185185185185,0.4814814814814815,1,1,1,0.4814814814814815,1,-1,1,-3,0,0.0,4,-3,4,4,1,-6,3,3.0
1,2010,20001,34.0,1,EV,401,799.0,HIT,"TOR #28 ORR HIT MTL #14 PLEKANEC, Off. Zone",TOR,81.0,RW,18.0,RW,,,,O,,,,,,,MTL,TOR,TOR,28.0,ORR,MTL,14.0,PLEKANEC,,,,,,,,,1.0,402.0,,,1.0,162,0,0,0,0,1,0,0,0,0,0.14814814814814814,0.14814814814814814,-0.14814814814814814,-0.5185185185185185,0.33333333333333337,1,1,1,0.33333333333333337,1,-1,1,-3,2,2.0,6,-3,4,4,2,-8,1,1.0
2,2010,20001,34.0,1,EV,401,799.0,HIT,"TOR #28 ORR HIT MTL #14 PLEKANEC, Off. Zone",TOR,46.0,LW,28.0,LW,,,,O,,,,,,,MTL,TOR,TOR,28.0,ORR,MTL,14.0,PLEKANEC,,,,,,,,,1.0,402.0,,,1.0,162,0,0,0,0,1,0,0,0,0,0.14814814814814814,0.14814814814814814,-0.14814814814814814,-0.5185185185185185,0.33333333333333337,1,1,1,0.33333333333333337,1,-1,1,-3,2,2.0,5,-3,4,4,2,-8,1,1.0
3,2010,20001,34.0,1,EV,401,799.0,HIT,"TOR #28 ORR HIT MTL #14 PLEKANEC, Off. Zone",TOR,20.0,RD,3.0,RD,,,,O,,,,,,,MTL,TOR,TOR,28.0,ORR,MTL,14.0,PLEKANEC,,,,,,,,,1.0,402.0,,,1.0,162,0,0,0,0,1,0,0,0,0,0.14814814814814814,0.14814814814814814,-0.14814814814814814,-0.33333333333333337,0.4444444444444444,1,1,1,0.4444444444444444,1,-1,1,-2,0,0.0,6,-2,4,4,0,-5,1,1.0
4,2010,20001,34.0,1,EV,401,799.0,HIT,"TOR #28 ORR HIT MTL #14 PLEKANEC, Off. Zone",TOR,45.0,LD,36.0,LD,,,,O,,,,,,,MTL,TOR,TOR,28.0,ORR,MTL,14.0,PLEKANEC,,,,,,,,,1.0,402.0,,,1.0,162,0,0,0,0,1,0,0,0,0,0.14814814814814814,0.14814814814814814,-0.14814814814814814,-0.33333333333333337,-0.037037037037037035,1,1,1,-0.037037037037037035,1,-1,1,-2,0,0.0,6,-2,4,4,0,-6,1,1.0
5,2010,20001,34.0,1,EV,401,799.0,HIT,"TOR #28 ORR HIT MTL #14 PLEKANEC, Off. Zone",TOR,31.0,G,35.0,G,,,,O,,,,,,,MTL,TOR,TOR,28.0,ORR,MTL,14.0,PLEKANEC,,,,,,,,,1.0,402.0,,,1.0,162,0,0,0,0,1,0,0,0,0,0.14814814814814814,0.14814814814814814,-0.14814814814814814,0.2962962962962963,-0.2962962962962963,1,1,1,-0.2962962962962963,1,-1,1,7,-7,-7.0,7,7,3,3,-7,-7,3,3.0
6,2010,20001,35.0,1,EV,402,798.0,GOAL,"TOR #37 BRENT(1), Tip-In, Off. Zone, 22 ft.Assist: #3 PHANEUF(1)",TOR,14.0,C,37.0,C,37.0,BRENT,Tip-In,O,22.0,,,,,,MTL,TOR,,,,,,,,,,,,,,,1.0,402.0,3 D.PHANEUF(1),,0.0,162,0,0,0,1,0,0,0,0,0,0.25925925925925924,0.25925925925925924,-0.25925925925925924,-0.5185185185185185,0.4814814814814815,1,1,1,0.4814814814814815,1,-1,1,-3,0,0.0,4,-3,4,4,1,-6,3,3.0
7,2010,20001,35.0,1,EV,402,798.0,GOAL,"TOR #37 BRENT(1), Tip-In, Off. Zone, 22 ft.Assist: #3 PHANEUF(1)",TOR,81.0,RW,18.0,RW,37.0,BRENT,Tip-In,O,22.0,,,,,,MTL,TOR,,,,,,,,,,,,,,,1.0,402.0,3 D.PHANEUF(1),,0.0,162,0,0,0,1,0,0,0,0,0,0.25925925925925924,0.25925925925925924,-0.25925925925925924,-0.5185185185185185,0.33333333333333337,1,1,1,0.33333333333333337,1,-1,1,-3,2,2.0,6,-3,4,4,2,-8,1,1.0
8,2010,20001,35.0,1,EV,402,798.0,GOAL,"TOR #37 BRENT(1), Tip-In, Off. Zone, 22 ft.Assist: #3 PHANEUF(1)",TOR,46.0,LW,28.0,LW,37.0,BRENT,Tip-In,O,22.0,,,,,,MTL,TOR,,,,,,,,,,,,,,,1.0,402.0,3 D.PHANEUF(1),,0.0,162,0,0,0,1,0,0,0,0,0,0.25925925925925924,0.25925925925925924,-0.25925925925925924,-0.5185185185185185,0.33333333333333337,1,1,1,0.33333333333333337,1,-1,1,-3,2,2.0,5,-3,4,4,2,-8,1,1.0
9,2010,20001,35.0,1,EV,402,798.0,GOAL,"TOR #37 BRENT(1), Tip-In, Off. Zone, 22 ft.Assist: #3 PHANEUF(1)",TOR,20.0,RD,3.0,RD,37.0,BRENT,Tip-In,O,22.0,,,,,,MTL,TOR,,,,,,,,,,,,,,,1.0,402.0,3 D.PHANEUF(1),,0.0,162,0,0,0,1,0,0,0,0,0,0.25925925925925924,0.25925925925925924,-0.25925925925925924,-0.33333333333333337,0.4444444444444444,1,1,1,0.4444444444444444,1,-1,1,-2,0,0.0,6,-2,4,4,0,-5,1,1.0
10,2010,20001,35.0,1,EV,402,798.0,GOAL,"TOR #37 BRENT(1), Tip-In, Off. Zone, 22 ft.Assist: #3 PHANEUF(1)",TOR,45.0,LD,22.0,LD,37.0,BRENT,Tip-In,O,22.0,,,,,,MTL,TOR,,,,,,,,,,,,,,,1.0,402.0,3 D.PHANEUF(1),,0.0,162,0,0,0,1,0,0,0,0,0,0.25925925925925924,0.25925925925925924,-0.25925925925925924,-0.33333333333333337,-0.4444444444444444,1,1,1,-0.4444444444444444,1,-1,1,-2,-6,-6.0,6,-2,4,4,0,-6,4,4.0
11,2010,20001,35.0,1,EV,402,798.0,GOAL,"TOR #37 BRENT(1), Tip-In, Off. Zone, 22 ft.Assist: #3 PHANEUF(1)",TOR,31.0,G,35.0,G,37.0,BRENT,Tip-In,O,22.0,,,,,,MTL,TOR,,,,,,,,,,,,,,,1.0,402.0,3 D.PHANEUF(1),,0.0,162,0,0,0,1,0,0,0,0,0,0.25925925925925924,0.25925925925925924,-0.25925925925925924,0.2962962962962963,-0.2962962962962963,1,1,1,-0.2962962962962963,1,-1,1,7,-7,-7.0,7,7,3,3,-7,-7,3,3.0
12,2010,20001,47.0,1,EV,523,677.0,FAC,MTL won Neu. Zone - MTL #15 HALPERN vs TOR #42 BOZAK,MTL,15.0,C,42.0,C,,,,N,,,,,,MTL,MTL,TOR,,,,,,,,,,,,,,2010-10-07,2.0,537.0,,,14.0,162,0,1,0,0,0,0,0,0,0,0.14814814814814814,-0.14814814814814814,0.14814814814814814,0.2962962962962963,-0.4814814814814815,1,1,1,-0.4814814814814815,0,0,0,3,-6,-6.0,4,-3,3,3,1,-6,4,4.0
13,2010,20001,47.0,1,EV,523,677.0,FAC,MTL won Neu. Zone - MTL #15 HALPERN vs TOR #42 BOZAK,MTL,40.0,RW,81.0,RW,,,,N,,,,,,MTL,MTL,TOR,,,,,,,,,,,,,,2010-10-07,2.0,537.0,,,14.0,162,0,1,0,0,0,0,0,0,0,0.14814814814814814,-0.14814814814814814,0.14814814814814814,0.8518518518518519,-0.25925925925925924,1,1,1,-0.25925925925925924,0,0,0,6,-5,-5.0,6,-3,1,1,2,-8,3,3.0
14,2010,20001,47.0,1,EV,523,677.0,FAC,MTL won Neu. Zone - MTL #15 HALPERN vs TOR #42 BOZAK,MTL,52.0,LW,32.0,LW,,,,N,,,,,,MTL,MTL,TOR,,,,,,,,,,,,,,2010-10-07,2.0,537.0,,,14.0,162,0,1,0,0,0,0,0,0,0,0.14814814814814814,-0.14814814814814814,0.14814814814814814,0.1111111111111111,-0.8148148148148149,1,1,1,-0.8148148148148149,0,0,0,5,-8,-8.0,5,-3,1,1,2,-8,4,4.0
15,2010,20001,47.0,1,EV,523,677.0,FAC,MTL won Neu. Zone - MTL #15 HALPERN vs TOR #42 BOZAK,MTL,26.0,RD,8.0,RD,,,,N,,,,,,MTL,MTL,TOR,,,,,,,,,,,,,,2010-10-07,2.0,537.0,,,14.0,162,0,1,0,0,0,0,0,0,0,0.14814814814814814,-0.14814814814814814,0.14814814814814814,0.2962962962962963,-0.7407407407407407,1,1,1,-0.7407407407407407,0,0,0,3,-5,-5.0,6,-2,3,3,0,-5,4,4.0
16,2010,20001,47.0,1,EV,523,677.0,FAC,MTL won Neu. Zone - MTL #15 HALPERN vs TOR #42 BOZAK,MTL,75.0,LD,36.0,LD,,,,N,,,,,,MTL,MTL,TOR,,,,,,,,,,,,,,2010-10-07,2.0,537.0,,,14.0,162,0,1,0,0,0,0,0,0,0,0.14814814814814814,-0.14814814814814814,0.14814814814814814,0.2962962962962963,-0.037037037037037035,1,1,1,-0.037037037037037035,0,0,0,3,0,0.0,6,-2,3,3,0,-6,1,1.0
17,2010,20001,47.0,1,EV,523,677.0,FAC,MTL won Neu. Zone - MTL #15 HALPERN vs TOR #42 BOZAK,MTL,31.0,G,35.0,G,,,,N,,,,,,MTL,MTL,TOR,,,,,,,,,,,,,,2010-10-07,2.0,537.0,,,14.0,162,0,1,0,0,0,0,0,0,0,0.14814814814814814,-0.14814814814814814,0.14814814814814814,0.2962962962962963,-0.2962962962962963,1,1,1,-0.2962962962962963,0,0,0,7,-7,-7.0,7,7,3,3,-7,-7,3,3.0
18,2010,20001,48.0,1,EV,531,669.0,HIT,"TOR #8 KOMISAREK HIT MTL #52 DARCHE, Neu. Zone",TOR,15.0,C,42.0,C,,,,N,,,,,,,MTL,TOR,TOR,8.0,KOMISAREK,MTL,52.0,DARCHE,,,,,,,,,2.0,537.0,,,6.0,162,0,0,0,0,1,0,0,0,0,0.14814814814814814,0.14814814814814814,-0.14814814814814814,0.2962962962962963,-0.4814814814814815,1,1,1,-0.4814814814814815,0,0,0,3,-6,-6.0,4,-3,3,3,1,-6,4,4.0
19,2010,20001,48.0,1,EV,531,669.0,HIT,"TOR #8 KOMISAREK HIT MTL #52 DARCHE, Neu. Zone",TOR,40.0,RW,81.0,RW,,,,N,,,,,,,MTL,TOR,TOR,8.0,KOMISAREK,MTL,52.0,DARCHE,,,,,,,,,2.0,537.0,,,6.0,162,0,0,0,0,1,0,0,0,0,0.14814814814814814,0.14814814814814814,-0.14814814814814814,0.8518518518518519,-0.25925925925925924,1,1,1,-0.25925925925925924,0,0,0,6,-5,-5.0,6,-3,1,1,2,-8,3,3.0
20,2010,20001,48.0,1,EV,531,669.0,HIT,"TOR #8 KOMISAREK HIT MTL #52 DARCHE, Neu. Zone",TOR,52.0,LW,32.0,LW,,,,N,,,,,,,MTL,TOR,TOR,8.0,KOMISAREK,MTL,52.0,DARCHE,,,,,,,,,2.0,537.0,,,6.0,162,0,0,0,0,1,0,0,0,0,0.14814814814814814,0.14814814814814814,-0.14814814814814814,0.1111111111111111,-0.8148148148148149,1,1,1,-0.8148148148148149,0,0,0,5,-8,-8.0,5,-3,1,1,2,-8,4,4.0
21,2010,20001,48.0,1,EV,531,669.0,HIT,"TOR #8 KOMISAREK HIT MTL #52 DARCHE, Neu. Zone",TOR,26.0,RD,8.0,RD,,,,N,,,,,,,MTL,TOR,TOR,8.0,KOMISAREK,MTL,52.0,DARCHE,,,,,,,,,2.0,537.0,,,6.0,162,0,0,0,0,1,0,0,0,0,0.14814814814814814,0.14814814814814814,-0.14814814814814814,0.2962962962962963,-0.7407407407407407,1,1,1,-0.7407407407407407,0,0,0,3,-5,-5.0,6,-2,3,3,0,-5,4,4.0
22,2010,20001,48.0,1,EV,531,669.0,HIT,"TOR #8 KOMISAREK HIT MTL #52 DARCHE, Neu. Zone",TOR,75.0,LD,36.0,LD,,,,N,,,,,,,MTL,TOR,TOR,8.0,KOMISAREK,MTL,52.0,DARCHE,,,,,,,,,2.0,537.0,,,6.0,162,0,0,0,0,1,0,0,0,0,0.14814814814814814,0.14814814814814814,-0.14814814814814814,0.2962962962962963,-0.037037037037037035,1,1,1,-0.037037037037037035,0,0,0,3,0,0.0,6,-2,3,3,0,-6,1,1.0
23,2010,20001,48.0,1,EV,531,669.0,HIT,"TOR #8 KOMISAREK HIT MTL #52 DARCHE, Neu. Zone",TOR,31.0,G,35.0,G,,,,N,,,,,,,MTL,TOR,TOR,8.0,KOMISAREK,MTL,52.0,DARCHE,,,,,,,,,2.0,537.0,,,6.0,162,0,0,0,0,1,0,0,0,0,0.14814814814814814,0.14814814814814814,-0.14814814814814814,0.2962962962962963,-0.2962962962962963,1,1,1,-0.2962962962962963,0,0,0,7,-7,-7.0,7,7,3,3,-7,-7,3,3.0
24,2010,20001,49.0,1,EV,537,663.0,GOAL,"TOR #81 KESSEL(1), Wrist, Off. Zone, 14 ft.Assists: #42 BOZAK(1); #8 KOMISAREK(1)",TOR,15.0,C,42.0,C,81.0,KESSEL,Wrist,O,14.0,,,,,,MTL,TOR,,,,,,,,,,,,,,,2.0,537.0,42 T.BOZAK(1),8 M.KOMISAREK(1),0.0,162,0,0,0,1,0,0,0,0,0,0.25925925925925924,0.25925925925925924,-0.25925925925925924,0.2962962962962963,-0.4814814814814815,1,1,1,-0.4814814814814815,1,-1,1,3,-6,-6.0,4,-3,3,3,1,-6,4,4.0
25,2010,20001,49.0,1,EV,537,663.0,GOAL,"TOR #81 KESSEL(1), Wrist, Off. Zone, 14 ft.Assists: #42 BOZAK(1); #8 KOMISAREK(1)",TOR,40.0,RW,81.0,RW,81.0,KESSEL,Wrist,O,14.0,,,,,,MTL,TOR,,,,,,,,,,,,,,,2.0,537.0,42 T.BOZAK(1),8 M.KOMISAREK(1),0.0,162,0,0,0,1,0,0,0,0,0,0.25925925925925924,0.25925925925925924,-0.25925925925925924,0.8518518518518519,-0.25925925925925924,1,1,1,-0.25925925925925924,1,-1,1,6,-5,-5.0,6,-3,1,1,2,-8,3,3.0
26,2010,20001,49.0,1,EV,537,663.0,GOAL,"TOR #81 KESSEL(1), Wrist, Off. Zone, 14 ft.Assists: #42 BOZAK(1); #8 KOMISAREK(1)",TOR,52.0,LW,32.0,LW,81.0,KESSEL,Wrist,O,14.0,,,,,,MTL,TOR,,,,,,,,,,,,,,,2.0,537.0,42 T.BOZAK(1),8 M.KOMISAREK(1),0.0,162,0,0,0,1,0,0,0,0,0,0.25925925925925924,0.25925925925925924,-0.25925925925925924,0.1111111111111111,-0.8148148148148149,1,1,1,-0.8148148148148149,1,-1,1,5,-8,-8.0,5,-3,1,1,2,-8,4,4.0
27,2010,20001,49.0,1,EV,537,663.0,GOAL,"TOR #81 KESSEL(1), Wrist, Off. Zone, 14 ft.Assists: #42 BOZAK(1); #8 KOMISAREK(1)",TOR,26.0,RD,8.0,RD,81.0,KESSEL,Wrist,O,14.0,,,,,,MTL,TOR,,,,,,,,,,,,,,,2.0,537.0,42 T.BOZAK(1),8 M.KOMISAREK(1),0.0,162,0,0,0,1,0,0,0,0,0,0.25925925925925924,0.25925925925925924,-0.25925925925925924,0.2962962962962963,-0.7407407407407407,1,1,1,-0.7407407407407407,1,-1,1,3,-5,-5.0,6,-2,3,3,0,-5,4,4.0
28,2010,20001,49.0,1,EV,537,663.0,GOAL,"TOR #81 KESSEL(1), Wrist, Off. Zone, 14 ft.Assists: #42 BOZAK(1); #8 KOMISAREK(1)",TOR,75.0,LD,36.0,LD,81.0,KESSEL,Wrist,O,14.0,,,,,,MTL,TOR,,,,,,,,,,,,,,,2.0,537.0,42 T.BOZAK(1),8 M.KOMISAREK(1),0.0,162,0,0,0,1,0,0,0,0,0,0.25925925925925924,0.25925925925925924,-0.25925925925925924,0.2962962962962963,-0.037037037037037035,1,1,1,-0.037037037037037035,1,-1,1,3,0,0.0,6,-2,3,3,0,-6,1,1.0
29,2010,20001,49.0,1,EV,537,663.0,GOAL,"TOR #81 KESSEL(1), Wrist, Off. Zone, 14 ft.Assists: #42 BOZAK(1); #8 KOMISAREK(1)",TOR,31.0,G,35.0,G,81.0,KESSEL,Wrist,O,14.0,,,,,,MTL,TOR,,,,,,,,,,,,,,,2.0,537.0,42 T.BOZAK(1),8 M.KOMISAREK(1),0.0,162,0,0,0,1,0,0,0,0,0,0.25925925925925924,0.25925925925925924,-0.25925925925925924,0.2962962962962963,-0.2962962962962963,1,1,1,-0.2962962962962963,1,-1,1,7,-7,-7.0,7,7,3,3,-7,-7,3,3.0
30,2010,20001,66.0,1,EV,737,463.0,SHOT,"MTL ONGOAL - #17 BOYD, Wrap-around, Off. Zone, 13 ft.",MTL,17.0,C,84.0,C,17.0,BOYD,Wrap-around,O,13.0,,,,,,MTL,TOR,,,,,,,,,,,,,,,3.0,739.0,,,2.0,162,0,0,0,0,0,0,0,1,0,0.2222222222222222,-0.2222222222222222,0.2222222222222222,0.6666666666666666,-0.4444444444444445,1,1,1,-0.4444444444444445,1,1,-1,4,-2,-2.0,4,-3,1,1,1,-6,3,3.0
31,2010,20001,66.0,1,EV,737,463.0,SHOT,"MTL ONGOAL - #17 BOYD, Wrap-around, Off. Zone, 13 ft.",MTL,40.0,RW,32.0,RW,17.0,BOYD,Wrap-around,O,13.0,,,,,,MTL,TOR,,,,,,,,,,,,,,,3.0,739.0,,,2.0,162,0,0,0,0,0,0,0,1,0,0.2222222222222222,-0.2222222222222222,0.2222222222222222,0.8518518518518519,-0.8148148148148149,1,1,1,-0.8148148148148149,1,1,-1,6,-8,-8.0,6,-3,1,1,2,-8,4,4.0
32,2010,20001,66.0,1,EV,737,463.0,SHOT,"MTL ONGOAL - #17 BOYD, Wrap-around, Off. Zone, 13 ft.",MTL,52.0,LW,41.0,LW,17.0,BOYD,Wrap-around,O,13.0,,,,,,MTL,TOR,,,,,,,,,,,,,,,3.0,739.0,,,2.0,162,0,0,0,0,0,0,0,1,0,0.2222222222222222,-0.2222222222222222,0.2222222222222222,0.1111111111111111,-0.4444444444444445,1,1,1,-0.4444444444444445,1,1,-1,5,-2,-2.0,5,-3,1,1,2,-8,3,3.0
33,2010,20001,66.0,1,EV,737,463.0,SHOT,"MTL ONGOAL - #17 BOYD, Wrap-around, Off. Zone, 13 ft.",MTL,6.0,RD,8.0,RD,17.0,BOYD,Wrap-around,O,13.0,,,,,,MTL,TOR,,,,,,,,,,,,,,,3.0,739.0,,,2.0,162,0,0,0,0,0,0,0,1,0,0.2222222222222222,-0.2222222222222222,0.2222222222222222,0.3333333333333333,-0.7407407407407407,1,1,1,-0.7407407407407407,1,1,-1,6,-5,-5.0,6,-2,1,1,0,-5,4,4.0
34,2010,20001,66.0,1,EV,737,463.0,SHOT,"MTL ONGOAL - #17 BOYD, Wrap-around, Off. Zone, 13 ft.",MTL,76.0,LD,36.0,LD,17.0,BOYD,Wrap-around,O,13.0,,,,,,MTL,TOR,,,,,,,,,,,,,,,3.0,739.0,,,2.0,162,0,0,0,0,0,0,0,1,0,0.2222222222222222,-0.2222222222222222,0.2222222222222222,0.3333333333333333,-0.037037037037037035,1,1,1,-0.037037037037037035,1,1,-1,6,0,0.0,6,-2,1,1,0,-6,1,1.0
35,2010,20001,66.0,1,EV,737,463.0,SHOT,"MTL ONGOAL - #17 BOYD, Wrap-around, Off. Zone, 13 ft.",MTL,31.0,G,35.0,G,17.0,BOYD,Wrap-around,O,13.0,,,,,,MTL,TOR,,,,,,,,,,,,,,,3.0,739.0,,,2.0,162,0,0,0,0,0,0,0,1,0,0.2222222222222222,-0.2222222222222222,0.2222222222222222,0.2962962962962963,-0.2962962962962963,1,1,1,-0.2962962962962963,1,1,-1,7,-7,-7.0,7,7,3,3,-7,-7,3,3.0
36,2010,20001,67.0,1,EV,738,462.0,GIVE,"TOR&nbsp;GIVEAWAY - #36 GUNNARSSON, Def. Zone",TOR,17.0,C,84.0,C,36.0,GUNNARSSON,,D,,,,,,,MTL,TOR,,,,,,,,,,,,,,,3.0,739.0,,,1.0,162,0,0,1,0,0,0,0,0,0,-0.07407407407407407,-0.07407407407407407,0.07407407407407407,0.6666666666666666,-0.4444444444444445,1,1,1,-0.4444444444444445,-1,1,-1,4,-2,-2.0,4,-3,1,1,1,-6,3,3.0
37,2010,20001,67.0,1,EV,738,462.0,GIVE,"TOR&nbsp;GIVEAWAY - #36 GUNNARSSON, Def. Zone",TOR,40.0,RW,32.0,RW,36.0,GUNNARSSON,,D,,,,,,,MTL,TOR,,,,,,,,,,,,,,,3.0,739.0,,,1.0,162,0,0,1,0,0,0,0,0,0,-0.07407407407407407,-0.07407407407407407,0.07407407407407407,0.8518518518518519,-0.8148148148148149,1,1,1,-0.8148148148148149,-1,1,-1,6,-8,-8.0,6,-3,1,1,2,-8,4,4.0
38,2010,20001,67.0,1,EV,738,462.0,GIVE,"TOR&nbsp;GIVEAWAY - #36 GUNNARSSON, Def. Zone",TOR,52.0,LW,41.0,LW,36.0,GUNNARSSON,,D,,,,,,,MTL,TOR,,,,,,,,,,,,,,,3.0,739.0,,,1.0,162,0,0,1,0,0,0,0,0,0,-0.07407407407407407,-0.07407407407407407,0.07407407407407407,0.1111111111111111,-0.4444444444444445,1,1,1,-0.4444444444444445,-1,1,-1,5,-2,-2.0,5,-3,1,1,2,-8,3,3.0
39,2010,20001,67.0,1,EV,738,462.0,GIVE,"TOR&nbsp;GIVEAWAY - #36 GUNNARSSON, Def. Zone",TOR,6.0,RD,8.0,RD,36.0,GUNNARSSON,,D,,,,,,,MTL,TOR,,,,,,,,,,,,,,,3.0,739.0,,,1.0,162,0,0,1,0,0,0,0,0,0,-0.07407407407407407,-0.07407407407407407,0.07407407407407407,0.3333333333333333,-0.7407407407407407,1,1,1,-0.7407407407407407,-1,1,-1,6,-5,-5.0,6,-2,1,1,0,-5,4,4.0
40,2010,20001,67.0,1,EV,738,462.0,GIVE,"TOR&nbsp;GIVEAWAY - #36 GUNNARSSON, Def. Zone",TOR,76.0,LD,36.0,LD,36.0,GUNNARSSON,,D,,,,,,,MTL,TOR,,,,,,,,,,,,,,,3.0,739.0,,,1.0,162,0,0,1,0,0,0,0,0,0,-0.07407407407407407,-0.07407407407407407,0.07407407407407407,0.3333333333333333,-0.037037037037037035,1,1,1,-0.037037037037037035,-1,1,-1,6,0,0.0,6,-2,1,1,0,-6,1,1.0
41,2010,20001,67.0,1,EV,738,462.0,GIVE,"TOR&nbsp;GIVEAWAY - #36 GUNNARSSON, Def. Zone",TOR,31.0,G,35.0,G,36.0,GUNNARSSON,,D,,,,,,,MTL,TOR,,,,,,,,,,,,,,,3.0,739.0,,,1.0,162,0,0,1,0,0,0,0,0,0,-0.07407407407407407,-0.07407407407407407,0.07407407407407407,0.2962962962962963,-0.2962962962962963,1,1,1,-0.2962962962962963,-1,1,-1,7,-7,-7.0,7,7,3,3,-7,-7,3,3.0
42,2010,20001,68.0,1,EV,739,461.0,GOAL,"MTL #17 BOYD(1), Snap, Off. Zone, 11 ft.&nbsp;",MTL,17.0,C,84.0,C,17.0,BOYD,Snap,O,11.0,,,,,,MTL,TOR,,,,,,,,,,,,,,,3.0,739.0,unassisted,,0.0,162,0,0,0,1,0,0,0,0,0,0.25925925925925924,-0.25925925925925924,0.25925925925925924,0.6666666666666666,-0.4444444444444445,1,1,1,-0.4444444444444445,1,1,-1,4,-2,-2.0,4,-3,1,1,1,-6,3,3.0
43,2010,20001,68.0,1,EV,739,461.0,GOAL,"MTL #17 BOYD(1), Snap, Off. Zone, 11 ft.&nbsp;",MTL,40.0,RW,32.0,RW,17.0,BOYD,Snap,O,11.0,,,,,,MTL,TOR,,,,,,,,,,,,,,,3.0,739.0,unassisted,,0.0,162,0,0,0,1,0,0,0,0,0,0.25925925925925924,-0.25925925925925924,0.25925925925925924,0.8518518518518519,-0.8148148148148149,1,1,1,-0.8148148148148149,1,1,-1,6,-8,-8.0,6,-3,1,1,2,-8,4,4.0
44,2010,20001,68.0,1,EV,739,461.0,GOAL,"MTL #17 BOYD(1), Snap, Off. Zone, 11 ft.&nbsp;",MTL,52.0,LW,41.0,LW,17.0,BOYD,Snap,O,11.0,,,,,,MTL,TOR,,,,,,,,,,,,,,,3.0,739.0,unassisted,,0.0,162,0,0,0,1,0,0,0,0,0,0.25925925925925924,-0.25925925925925924,0.25925925925925924,0.1111111111111111,-0.4444444444444445,1,1,1,-0.4444444444444445,1,1,-1,5,-2,-2.0,5,-3,1,1,2,-8,3,3.0
45,2010,20001,68.0,1,EV,739,461.0,GOAL,"MTL #17 BOYD(1), Snap, Off. Zone, 11 ft.&nbsp;",MTL,6.0,RD,8.0,RD,17.0,BOYD,Snap,O,11.0,,,,,,MTL,TOR,,,,,,,,,,,,,,,3.0,739.0,unassisted,,0.0,162,0,0,0,1,0,0,0,0,0,0.25925925925925924,-0.25925925925925924,0.25925925925925924,0.3333333333333333,-0.7407407407407407,1,1,1,-0.7407407407407407,1,1,-1,6,-5,-5.0,6,-2,1,1,0,-5,4,4.0
46,2010,20001,68.0,1,EV,739,461.0,GOAL,"MTL #17 BOYD(1), Snap, Off. Zone, 11 ft.&nbsp;",MTL,76.0,LD,36.0,LD,17.0,BOYD,Snap,O,11.0,,,,,,MTL,TOR,,,,,,,,,,,,,,,3.0,739.0,unassisted,,0.0,162,0,0,0,1,0,0,0,0,0,0.25925925925925924,-0.25925925925925924,0.25925925925925924,0.3333333333333333,-0.037037037037037035,1,1,1,-0.037037037037037035,1,1,-1,6,0,0.0,6,-2,1,1,0,-6,1,1.0
47,2010,20001,68.0,1,EV,739,461.0,GOAL,"MTL #17 BOYD(1), Snap, Off. Zone, 11 ft.&nbsp;",MTL,31.0,G,35.0,G,17.0,BOYD,Snap,O,11.0,,,,,,MTL,TOR,,,,,,,,,,,,,,,3.0,739.0,unassisted,,0.0,162,0,0,0,1,0,0,0,0,0,0.25925925925925924,-0.25925925925925924,0.25925925925925924,0.2962962962962963,-0.2962962962962963,1,1,1,-0.2962962962962963,1,1,-1,7,-7,-7.0,7,7,3,3,-7,-7,3,3.0
48,2010,20001,115.0,2,EV,77,1123.0,MISS,"MTL #76 SUBBAN, Wrist, Wide of Net, Off. Zone, 59 ft.",MTL,17.0,C,42.0,C,76.0,SUBBAN,Wrist,O,59.0,Wide of Net,,,,,MTL,TOR,,,,,,,,,,,,,,,4.0,96.0,,,19.0,162,0,0,0,0,0,1,0,0,0,0.037037037037037035,-0.037037037037037035,0.037037037037037035,0.6666666666666666,-0.4814814814814815,1,1,1,-0.4814814814814815,1,1,-1,4,-6,-6.0,4,-3,1,1,1,-6,4,4.0
49,2010,20001,115.0,2,EV,77,1123.0,MISS,"MTL #76 SUBBAN, Wrist, Wide of Net, Off. Zone, 59 ft.",MTL,21.0,RW,81.0,RW,76.0,SUBBAN,Wrist,O,59.0,Wide of Net,,,,,MTL,TOR,,,,,,,,,,,,,,,4.0,96.0,,,19.0,162,0,0,0,0,0,1,0,0,0,0.037037037037037035,-0.037037037037037035,0.037037037037037035,-0.1111111111111111,-0.25925925925925924,1,1,1,-0.25925925925925924,1,1,-1,4,-5,-5.0,6,-3,3,3,2,-8,3,3.0
50,2010,20001,115.0,2,EV,77,1123.0,MISS,"MTL #76 SUBBAN, Wrist, Wide of Net, Off. Zone, 59 ft.",MTL,52.0,LW,32.0,LW,76.0,SUBBAN,Wrist,O,59.0,Wide of Net,,,,,MTL,TOR,,,,,,,,,,,,,,,4.0,96.0,,,19.0,162,0,0,0,0,0,1,0,0,0,0.037037037037037035,-0.037037037037037035,0.037037037037037035,0.1111111111111111,-0.8148148148148149,1,1,1,-0.8148148148148149,1,1,-1,5,-8,-8.0,5,-3,1,1,2,-8,4,4.0
51,2010,20001,115.0,2,EV,77,1123.0,MISS,"MTL #76 SUBBAN, Wrist, Wide of Net, Off. Zone, 59 ft.",MTL,6.0,RD,3.0,RD,76.0,SUBBAN,Wrist,O,59.0,Wide of Net,,,,,MTL,TOR,,,,,,,,,,,,,,,4.0,96.0,,,19.0,162,0,0,0,0,0,1,0,0,0,0.037037037037037035,-0.037037037037037035,0.037037037037037035,0.3333333333333333,0.4444444444444444,1,1,1,0.4444444444444444,1,1,-1,6,0,0.0,6,-2,1,1,0,-5,1,1.0
52,2010,20001,115.0,2,EV,77,1123.0,MISS,"MTL #76 SUBBAN, Wrist, Wide of Net, Off. Zone, 59 ft.",MTL,76.0,LD,15.0,LD,76.0,SUBBAN,Wrist,O,59.0,Wide of Net,,,,,MTL,TOR,,,,,,,,,,,,,,,4.0,96.0,,,19.0,162,0,0,0,0,0,1,0,0,0,0.037037037037037035,-0.037037037037037035,0.037037037037037035,0.3333333333333333,-0.037037037037037035,1,1,1,-0.037037037037037035,1,1,-1,6,-2,-2.0,6,-2,1,1,0,-6,3,3.0
53,2010,20001,115.0,2,EV,77,1123.0,MISS,"MTL #76 SUBBAN, Wrist, Wide of Net, Off. Zone, 59 ft.",MTL,31.0,G,35.0,G,76.0,SUBBAN,Wrist,O,59.0,Wide of Net,,,,,MTL,TOR,,,,,,,,,,,,,,,4.0,96.0,,,19.0,162,0,0,0,0,0,1,0,0,0,0.037037037037037035,-0.037037037037037035,0.037037037037037035,0.2962962962962963,-0.2962962962962963,1,1,1,-0.2962962962962963,1,1,-1,7,-7,-7.0,7,7,3,3,-7,-7,3,3.0
54,2010,20001,116.0,2,EV,82,1118.0,BLOCK,"MTL #6 SPACEK BLOCKED BY  TOR #3 PHANEUF, Wrist, Def. Zone",TOR,11.0,C,42.0,C,3.0,PHANEUF,Wrist,D,,,MTL,6.0,SPACEK,,MTL,TOR,,,,,,,,,,,,,,,4.0,96.0,,,14.0,162,1,0,0,0,0,0,0,0,0,0.07407407407407407,0.07407407407407407,-0.07407407407407407,-0.14814814814814814,-0.4814814814814815,1,1,1,-0.4814814814814815,-1,1,-1,3,-6,-6.0,4,-3,3,3,1,-6,4,4.0
55,2010,20001,116.0,2,EV,82,1118.0,BLOCK,"MTL #6 SPACEK BLOCKED BY  TOR #3 PHANEUF, Wrist, Def. Zone",TOR,21.0,RW,81.0,RW,3.0,PHANEUF,Wrist,D,,,MTL,6.0,SPACEK,,MTL,TOR,,,,,,,,,,,,,,,4.0,96.0,,,14.0,162,1,0,0,0,0,0,0,0,0,0.07407407407407407,0.07407407407407407,-0.07407407407407407,-0.1111111111111111,-0.25925925925925924,1,1,1,-0.25925925925925924,-1,1,-1,4,-5,-5.0,6,-3,3,3,2,-8,3,3.0
56,2010,20001,116.0,2,EV,82,1118.0,BLOCK,"MTL #6 SPACEK BLOCKED BY  TOR #3 PHANEUF, Wrist, Def. Zone",TOR,52.0,LW,32.0,LW,3.0,PHANEUF,Wrist,D,,,MTL,6.0,SPACEK,,MTL,TOR,,,,,,,,,,,,,,,4.0,96.0,,,14.0,162,1,0,0,0,0,0,0,0,0,0.07407407407407407,0.07407407407407407,-0.07407407407407407,0.1111111111111111,-0.8148148148148149,1,1,1,-0.8148148148148149,-1,1,-1,5,-8,-8.0,5,-3,1,1,2,-8,4,4.0
57,2010,20001,116.0,2,EV,82,1118.0,BLOCK,"MTL #6 SPACEK BLOCKED BY  TOR #3 PHANEUF, Wrist, Def. Zone",TOR,6.0,RD,3.0,RD,3.0,PHANEUF,Wrist,D,,,MTL,6.0,SPACEK,,MTL,TOR,,,,,,,,,,,,,,,4.0,96.0,,,14.0,162,1,0,0,0,0,0,0,0,0,0.07407407407407407,0.07407407407407407,-0.07407407407407407,0.3333333333333333,0.4444444444444444,1,1,1,0.4444444444444444,-1,1,-1,6,0,0.0,6,-2,1,1,0,-5,1,1.0
58,2010,20001,116.0,2,EV,82,1118.0,BLOCK,"MTL #6 SPACEK BLOCKED BY  TOR #3 PHANEUF, Wrist, Def. Zone",TOR,76.0,LD,15.0,LD,3.0,PHANEUF,Wrist,D,,,MTL,6.0,SPACEK,,MTL,TOR,,,,,,,,,,,,,,,4.0,96.0,,,14.0,162,1,0,0,0,0,0,0,0,0,0.07407407407407407,0.07407407407407407,-0.07407407407407407,0.3333333333333333,-0.037037037037037035,1,1,1,-0.037037037037037035,-1,1,-1,6,-2,-2.0,6,-2,1,1,0,-6,3,3.0
59,2010,20001,116.0,2,EV,82,1118.0,BLOCK,"MTL #6 SPACEK BLOCKED BY  TOR #3 PHANEUF, Wrist, Def. Zone",TOR,31.0,G,35.0,G,3.0,PHANEUF,Wrist,D,,,MTL,6.0,SPACEK,,MTL,TOR,,,,,,,,,,,,,,,4.0,96.0,,,14.0,162,1,0,0,0,0,0,0,0,0,0.07407407407407407,0.07407407407407407,-0.07407407407407407,0.2962962962962963,-0.2962962962962963,1,1,1,-0.2962962962962963,-1,1,-1,7,-7,-7.0,7,7,3,3,-7,-7,3,3.0
60,2010,20001,117.0,2,EV,89,1111.0,HIT,"TOR #22 BEAUCHEMIN HIT MTL #21 GIONTA, Def. Zone",TOR,11.0,C,37.0,C,,,,D,,,,,,,MTL,TOR,TOR,22.0,BEAUCHEMIN,MTL,21.0,GIONTA,,,,,,,,,4.0,96.0,,,7.0,162,0,0,0,0,1,0,0,0,0,0.14814814814814814,0.14814814814814814,-0.14814814814814814,-0.14814814814814814,0.4814814814814815,1,1,1,0.4814814814814815,-1,1,-1,3,0,0.0,4,-3,3,3,1,-6,3,3.0
61,2010,20001,117.0,2,EV,89,1111.0,HIT,"TOR #22 BEAUCHEMIN HIT MTL #21 GIONTA, Def. Zone",TOR,21.0,RW,9.0,RW,,,,D,,,,,,,MTL,TOR,TOR,22.0,BEAUCHEMIN,MTL,21.0,GIONTA,,,,,,,,,4.0,96.0,,,7.0,162,0,0,0,0,1,0,0,0,0,0.14814814814814814,0.14814814814814814,-0.14814814814814814,-0.1111111111111111,0.07407407407407407,1,1,1,0.07407407407407407,-1,1,-1,4,-2,-2.0,6,-3,3,3,2,-8,3,3.0
62,2010,20001,117.0,2,EV,89,1111.0,HIT,"TOR #22 BEAUCHEMIN HIT MTL #21 GIONTA, Def. Zone",TOR,52.0,LW,11.0,LW,,,,D,,,,,,,MTL,TOR,TOR,22.0,BEAUCHEMIN,MTL,21.0,GIONTA,,,,,,,,,4.0,96.0,,,7.0,162,0,0,0,0,1,0,0,0,0,0.14814814814814814,0.14814814814814814,-0.14814814814814814,0.1111111111111111,0.07407407407407407,1,1,1,0.07407407407407407,-1,1,-1,5,-2,-2.0,5,-3,1,1,2,-8,3,3.0
63,2010,20001,117.0,2,EV,89,1111.0,HIT,"TOR #22 BEAUCHEMIN HIT MTL #21 GIONTA, Def. Zone",TOR,6.0,RD,2.0,RD,,,,D,,,,,,,MTL,TOR,TOR,22.0,BEAUCHEMIN,MTL,21.0,GIONTA,,,,,,,,,4.0,96.0,,,7.0,162,0,0,0,0,1,0,0,0,0,0.14814814814814814,0.14814814814814814,-0.14814814814814814,0.3333333333333333,0.2222222222222222,1,1,1,0.2222222222222222,-1,1,-1,6,-1,-1.0,6,-2,1,1,0,-5,3,3.0
64,2010,20001,117.0,2,EV,89,1111.0,HIT,"TOR #22 BEAUCHEMIN HIT MTL #21 GIONTA, Def. Zone",TOR,76.0,LD,22.0,LD,,,,D,,,,,,,MTL,TOR,TOR,22.0,BEAUCHEMIN,MTL,21.0,GIONTA,,,,,,,,,4.0,96.0,,,7.0,162,0,0,0,0,1,0,0,0,0,0.14814814814814814,0.14814814814814814,-0.14814814814814814,0.3333333333333333,-0.4444444444444444,1,1,1,-0.4444444444444444,-1,1,-1,6,-6,-6.0,6,-2,1,1,0,-6,4,4.0
65,2010,20001,117.0,2,EV,89,1111.0,HIT,"TOR #22 BEAUCHEMIN HIT MTL #21 GIONTA, Def. Zone",TOR,31.0,G,35.0,G,,,,D,,,,,,,MTL,TOR,TOR,22.0,BEAUCHEMIN,MTL,21.0,GIONTA,,,,,,,,,4.0,96.0,,,7.0,162,0,0,0,0,1,0,0,0,0,0.14814814814814814,0.14814814814814814,-0.14814814814814814,0.2962962962962963,-0.2962962962962963,1,1,1,-0.2962962962962963,-1,1,-1,7,-7,-7.0,7,7,3,3,-7,-7,3,3.0
66,2010,20001,118.0,2,EV,93,1107.0,GIVE,"TOR&nbsp;GIVEAWAY - #35 GIGUERE, Def. Zone",TOR,11.0,C,37.0,C,35.0,GIGUERE,,D,,,,,,,MTL,TOR,,,,,,,,,,,,,,,4.0,96.0,,,3.0,162,0,0,1,0,0,0,0,0,0,-0.07407407407407407,-0.07407407407407407,0.07407407407407407,-0.14814814814814814,0.4814814814814815,1,1,1,0.4814814814814815,-1,1,-1,3,0,0.0,4,-3,3,3,1,-6,3,3.0
67,2010,20001,118.0,2,EV,93,1107.0,GIVE,"TOR&nbsp;GIVEAWAY - #35 GIGUERE, Def. Zone",TOR,21.0,RW,9.0,RW,35.0,GIGUERE,,D,,,,,,,MTL,TOR,,,,,,,,,,,,,,,4.0,96.0,,,3.0,162,0,0,1,0,0,0,0,0,0,-0.07407407407407407,-0.07407407407407407,0.07407407407407407,-0.1111111111111111,0.07407407407407407,1,1,1,0.07407407407407407,-1,1,-1,4,-2,-2.0,6,-3,3,3,2,-8,3,3.0
68,2010,20001,118.0,2,EV,93,1107.0,GIVE,"TOR&nbsp;GIVEAWAY - #35 GIGUERE, Def. Zone",TOR,57.0,LW,11.0,LW,35.0,GIGUERE,,D,,,,,,,MTL,TOR,,,,,,,,,,,,,,,4.0,96.0,,,3.0,162,0,0,1,0,0,0,0,0,0,-0.07407407407407407,-0.07407407407407407,0.07407407407407407,0.6296296296296295,0.07407407407407407,1,1,1,0.07407407407407407,-1,1,-1,5,-2,-2.0,5,-3,1,1,2,-8,3,3.0
69,2010,20001,118.0,2,EV,93,1107.0,GIVE,"TOR&nbsp;GIVEAWAY - #35 GIGUERE, Def. Zone",TOR,6.0,RD,2.0,RD,35.0,GIGUERE,,D,,,,,,,MTL,TOR,,,,,,,,,,,,,,,4.0,96.0,,,3.0,162,0,0,1,0,0,0,0,0,0,-0.07407407407407407,-0.07407407407407407,0.07407407407407407,0.3333333333333333,0.2222222222222222,1,1,1,0.2222222222222222,-1,1,-1,6,-1,-1.0,6,-2,1,1,0,-5,3,3.0
70,2010,20001,118.0,2,EV,93,1107.0,GIVE,"TOR&nbsp;GIVEAWAY - #35 GIGUERE, Def. Zone",TOR,76.0,LD,22.0,LD,35.0,GIGUERE,,D,,,,,,,MTL,TOR,,,,,,,,,,,,,,,4.0,96.0,,,3.0,162,0,0,1,0,0,0,0,0,0,-0.07407407407407407,-0.07407407407407407,0.07407407407407407,0.3333333333333333,-0.4444444444444444,1,1,1,-0.4444444444444444,-1,1,-1,6,-6,-6.0,6,-2,1,1,0,-6,4,4.0
71,2010,20001,118.0,2,EV,93,1107.0,GIVE,"TOR&nbsp;GIVEAWAY - #35 GIGUERE, Def. Zone",TOR,31.0,G,35.0,G,35.0,GIGUERE,,D,,,,,,,MTL,TOR,,,,,,,,,,,,,,,4.0,96.0,,,3.0,162,0,0,1,0,0,0,0,0,0,-0.07407407407407407,-0.07407407407407407,0.07407407407407407,0.2962962962962963,-0.2962962962962963,1,1,1,-0.2962962962962963,-1,1,-1,7,-7,-7.0,7,7,3,3,-7,-7,3,3.0
72,2010,20001,222.0,3,EV,76,1124.0,FAC,MTL won Neu. Zone - MTL #14 PLEKANEC vs TOR #84 GRABOVSKI,MTL,14.0,C,84.0,C,,,,N,,,,,,MTL,MTL,TOR,,,,,,,,,,,,,,2010-10-07,4.0,96.0,,,20.0,162,0,1,0,0,0,0,0,0,0,0.14814814814814814,-0.14814814814814814,0.14814814814814814,-0.5185185185185185,-0.4444444444444445,1,1,1,-0.4444444444444445,0,0,0,-3,-2,-2.0,4,-3,4,4,1,-6,3,3.0
73,2010,20001,222.0,3,EV,76,1124.0,FAC,MTL won Neu. Zone - MTL #14 PLEKANEC vs TOR #84 GRABOVSKI,MTL,81.0,RW,16.0,RW,,,,N,,,,,,MTL,MTL,TOR,,,,,,,,,,,,,,2010-10-07,4.0,96.0,,,20.0,162,0,1,0,0,0,0,0,0,0,0.14814814814814814,-0.14814814814814814,0.14814814814814814,-0.5185185185185185,0.1111111111111111,1,1,1,0.1111111111111111,0,0,0,-3,1,1.0,6,-3,4,4,2,-8,3,3.0
74,2010,20001,222.0,3,EV,76,1124.0,FAC,MTL won Neu. Zone - MTL #14 PLEKANEC vs TOR #84 GRABOVSKI,MTL,46.0,LW,41.0,LW,,,,N,,,,,,MTL,MTL,TOR,,,,,,,,,,,,,,2010-10-07,4.0,96.0,,,20.0,162,0,1,0,0,0,0,0,0,0,0.14814814814814814,-0.14814814814814814,0.14814814814814814,-0.5185185185185185,-0.4444444444444445,1,1,1,-0.4444444444444445,0,0,0,-3,-2,-2.0,5,-3,4,4,2,-8,3,3.0
75,2010,20001,222.0,3,EV,76,1124.0,FAC,MTL won Neu. Zone - MTL #14 PLEKANEC vs TOR #84 GRABOVSKI,MTL,6.0,RD,8.0,RD,,,,N,,,,,,MTL,MTL,TOR,,,,,,,,,,,,,,2010-10-07,4.0,96.0,,,20.0,162,0,1,0,0,0,0,0,0,0,0.14814814814814814,-0.14814814814814814,0.14814814814814814,0.3333333333333333,-0.7407407407407407,1,1,1,-0.7407407407407407,0,0,0,6,-5,-5.0,6,-2,1,1,0,-5,4,4.0
76,2010,20001,222.0,3,EV,76,1124.0,FAC,MTL won Neu. Zone - MTL #14 PLEKANEC vs TOR #84 GRABOVSKI,MTL,76.0,LD,36.0,LD,,,,N,,,,,,MTL,MTL,TOR,,,,,,,,,,,,,,2010-10-07,4.0,96.0,,,20.0,162,0,1,0,0,0,0,0,0,0,0.14814814814814814,-0.14814814814814814,0.14814814814814814,0.3333333333333333,-0.037037037037037035,1,1,1,-0.037037037037037035,0,0,0,6,0,0.0,6,-2,1,1,0,-6,1,1.0
77,2010,20001,222.0,3,EV,76,1124.0,FAC,MTL won Neu. Zone - MTL #14 PLEKANEC vs TOR #84 GRABOVSKI,MTL,31.0,G,35.0,G,,,,N,,,,,,MTL,MTL,TOR,,,,,,,,,,,,,,2010-10-07,4.0,96.0,,,20.0,162,0,1,0,0,0,0,0,0,0,0.14814814814814814,-0.14814814814814814,0.14814814814814814,0.2962962962962963,-0.2962962962962963,1,1,1,-0.2962962962962963,0,0,0,7,-7,-7.0,7,7,3,3,-7,-7,3,3.0
78,2010,20001,223.0,3,EV,96,1104.0,GOAL,"TOR #16 MACARTHUR(1), Backhand, Off. Zone, 21 ft.Assists: #41 KULEMIN(1); #84 GRABOVSKI(1)",TOR,14.0,C,84.0,C,16.0,MACARTHUR,Backhand,O,21.0,,,,,,MTL,TOR,,,,,,,,,,,,,,,4.0,96.0,41 N.KULEMIN(1),84 M.GRABOVSKI(1),0.0,162,0,0,0,1,0,0,0,0,0,0.25925925925925924,0.25925925925925924,-0.25925925925925924,-0.5185185185185185,-0.4444444444444445,1,1,1,-0.4444444444444445,1,-1,1,-3,-2,-2.0,4,-3,4,4,1,-6,3,3.0
79,2010,20001,223.0,3,EV,96,1104.0,GOAL,"TOR #16 MACARTHUR(1), Backhand, Off. Zone, 21 ft.Assists: #41 KULEMIN(1); #84 GRABOVSKI(1)",TOR,81.0,RW,16.0,RW,16.0,MACARTHUR,Backhand,O,21.0,,,,,,MTL,TOR,,,,,,,,,,,,,,,4.0,96.0,41 N.KULEMIN(1),84 M.GRABOVSKI(1),0.0,162,0,0,0,1,0,0,0,0,0,0.25925925925925924,0.25925925925925924,-0.25925925925925924,-0.5185185185185185,0.1111111111111111,1,1,1,0.1111111111111111,1,-1,1,-3,1,1.0,6,-3,4,4,2,-8,3,3.0
80,2010,20001,223.0,3,EV,96,1104.0,GOAL,"TOR #16 MACARTHUR(1), Backhand, Off. Zone, 21 ft.Assists: #41 KULEMIN(1); #84 GRABOVSKI(1)",TOR,46.0,LW,41.0,LW,16.0,MACARTHUR,Backhand,O,21.0,,,,,,MTL,TOR,,,,,,,,,,,,,,,4.0,96.0,41 N.KULEMIN(1),84 M.GRABOVSKI(1),0.0,162,0,0,0,1,0,0,0,0,0,0.25925925925925924,0.25925925925925924,-0.25925925925925924,-0.5185185185185185,-0.4444444444444445,1,1,1,-0.4444444444444445,1,-1,1,-3,-2,-2.0,5,-3,4,4,2,-8,3,3.0
81,2010,20001,223.0,3,EV,96,1104.0,GOAL,"TOR #16 MACARTHUR(1), Backhand, Off. Zone, 21 ft.Assists: #41 KULEMIN(1); #84 GRABOVSKI(1)",TOR,6.0,RD,8.0,RD,16.0,MACARTHUR,Backhand,O,21.0,,,,,,MTL,TOR,,,,,,,,,,,,,,,4.0,96.0,41 N.KULEMIN(1),84 M.GRABOVSKI(1),0.0,162,0,0,0,1,0,0,0,0,0,0.25925925925925924,0.25925925925925924,-0.25925925925925924,0.3333333333333333,-0.7407407407407407,1,1,1,-0.7407407407407407,1,-1,1,6,-5,-5.0,6,-2,1,1,0,-5,4,4.0
82,2010,20001,223.0,3,EV,96,1104.0,GOAL,"TOR #16 MACARTHUR(1), Backhand, Off. Zone, 21 ft.Assists: #41 KULEMIN(1); #84 GRABOVSKI(1)",TOR,76.0,LD,36.0,LD,16.0,MACARTHUR,Backhand,O,21.0,,,,,,MTL,TOR,,,,,,,,,,,,,,,4.0,96.0,41 N.KULEMIN(1),84 M.GRABOVSKI(1),0.0,162,0,0,0,1,0,0,0,0,0,0.25925925925925924,0.25925925925925924,-0.25925925925925924,0.3333333333333333,-0.037037037037037035,1,1,1,-0.037037037037037035,1,-1,1,6,0,0.0,6,-2,1,1,0,-6,1,1.0
83,2010,20001,223.0,3,EV,96,1104.0,GOAL,"TOR #16 MACARTHUR(1), Backhand, Off. Zone, 21 ft.Assists: #41 KULEMIN(1); #84 GRABOVSKI(1)",TOR,31.0,G,35.0,G,16.0,MACARTHUR,Backhand,O,21.0,,,,,,MTL,TOR,,,,,,,,,,,,,,,4.0,96.0,41 N.KULEMIN(1),84 M.GRABOVSKI(1),0.0,162,0,0,0,1,0,0,0,0,0,0.25925925925925924,0.25925925925925924,-0.25925925925925924,0.2962962962962963,-0.2962962962962963,1,1,1,-0.2962962962962963,1,-1,1,7,-7,-7.0,7,7,3,3,-7,-7,3,3.0
84,2010,20001,226.0,3,EV,131,1069.0,HIT,"TOR #28 ORR HIT MTL #45 PICARD, Off. Zone",TOR,17.0,C,26.0,C,,,,O,,,,,,,MTL,TOR,TOR,28.0,ORR,MTL,45.0,PICARD,,,,,,,,,5.0,148.0,,,17.0,162,0,0,0,0,1,0,0,0,0,0.14814814814814814,0.14814814814814814,-0.14814814814814814,0.6666666666666666,0.14814814814814814,1,1,1,0.14814814814814814,1,-1,1,4,1,1.0,4,-3,1,1,1,-6,1,1.0
85,2010,20001,226.0,3,EV,131,1069.0,HIT,"TOR #28 ORR HIT MTL #45 PICARD, Off. Zone",TOR,94.0,RW,18.0,RW,,,,O,,,,,,,MTL,TOR,TOR,28.0,ORR,MTL,45.0,PICARD,,,,,,,,,5.0,148.0,,,17.0,162,0,0,0,0,1,0,0,0,0,0.14814814814814814,0.14814814814814814,-0.14814814814814814,0.07407407407407407,0.33333333333333337,1,1,1,0.33333333333333337,1,-1,1,0,2,2.0,6,-3,3,3,2,-8,1,1.0
86,2010,20001,226.0,3,EV,131,1069.0,HIT,"TOR #28 ORR HIT MTL #45 PICARD, Off. Zone",TOR,32.0,LW,28.0,LW,,,,O,,,,,,,MTL,TOR,TOR,28.0,ORR,MTL,45.0,PICARD,,,,,,,,,5.0,148.0,,,17.0,162,0,0,0,0,1,0,0,0,0,0.14814814814814814,0.14814814814814814,-0.14814814814814814,0.07407407407407407,0.33333333333333337,1,1,1,0.33333333333333337,1,-1,1,0,2,2.0,5,-3,3,3,2,-8,1,1.0
87,2010,20001,226.0,3,EV,131,1069.0,HIT,"TOR #28 ORR HIT MTL #45 PICARD, Off. Zone",TOR,20.0,RD,2.0,RD,,,,O,,,,,,,MTL,TOR,TOR,28.0,ORR,MTL,45.0,PICARD,,,,,,,,,5.0,148.0,,,17.0,162,0,0,0,0,1,0,0,0,0,0.14814814814814814,0.14814814814814814,-0.14814814814814814,-0.33333333333333337,0.2222222222222222,1,1,1,0.2222222222222222,1,-1,1,-2,-1,-1.0,6,-2,4,4,0,-5,3,3.0
88,2010,20001,226.0,3,EV,131,1069.0,HIT,"TOR #28 ORR HIT MTL #45 PICARD, Off. Zone",TOR,45.0,LD,15.0,LD,,,,O,,,,,,,MTL,TOR,TOR,28.0,ORR,MTL,45.0,PICARD,,,,,,,,,5.0,148.0,,,17.0,162,0,0,0,0,1,0,0,0,0,0.14814814814814814,0.14814814814814814,-0.14814814814814814,-0.33333333333333337,-0.037037037037037035,1,1,1,-0.037037037037037035,1,-1,1,-2,-2,-2.0,6,-2,4,4,0,-6,3,3.0
89,2010,20001,226.0,3,EV,131,1069.0,HIT,"TOR #28 ORR HIT MTL #45 PICARD, Off. Zone",TOR,31.0,G,35.0,G,,,,O,,,,,,,MTL,TOR,TOR,28.0,ORR,MTL,45.0,PICARD,,,,,,,,,5.0,148.0,,,17.0,162,0,0,0,0,1,0,0,0,0,0.14814814814814814,0.14814814814814814,-0.14814814814814814,0.2962962962962963,-0.2962962962962963,1,1,1,-0.2962962962962963,1,-1,1,7,-7,-7.0,7,7,3,3,-7,-7,3,3.0
90,2010,20001,227.0,3,EV,137,1063.0,SHOT,"MTL ONGOAL - #17 BOYD, Wrist, Off. Zone, 20 ft.",MTL,17.0,C,42.0,C,17.0,BOYD,Wrist,O,20.0,,,,,,MTL,TOR,,,,,,,,,,,,,,,5.0,148.0,,,11.0,162,0,0,0,0,0,0,0,1,0,0.2222222222222222,-0.2222222222222222,0.2222222222222222,0.6666666666666666,-0.4814814814814815,1,1,1,-0.4814814814814815,1,1,-1,4,-6,-6.0,4,-3,1,1,1,-6,4,4.0
91,2010,20001,227.0,3,EV,137,1063.0,SHOT,"MTL ONGOAL - #17 BOYD, Wrist, Off. Zone, 20 ft.",MTL,94.0,RW,18.0,RW,17.0,BOYD,Wrist,O,20.0,,,,,,MTL,TOR,,,,,,,,,,,,,,,5.0,148.0,,,11.0,162,0,0,0,0,0,0,0,1,0,0.2222222222222222,-0.2222222222222222,0.2222222222222222,0.07407407407407407,0.33333333333333337,1,1,1,0.33333333333333337,1,1,-1,0,2,2.0,6,-3,3,3,2,-8,1,1.0
92,2010,20001,227.0,3,EV,137,1063.0,SHOT,"MTL ONGOAL - #17 BOYD, Wrist, Off. Zone, 20 ft.",MTL,32.0,LW,28.0,LW,17.0,BOYD,Wrist,O,20.0,,,,,,MTL,TOR,,,,,,,,,,,,,,,5.0,148.0,,,11.0,162,0,0,0,0,0,0,0,1,0,0.2222222222222222,-0.2222222222222222,0.2222222222222222,0.07407407407407407,0.33333333333333337,1,1,1,0.33333333333333337,1,1,-1,0,2,2.0,5,-3,3,3,2,-8,1,1.0
93,2010,20001,227.0,3,EV,137,1063.0,SHOT,"MTL ONGOAL - #17 BOYD, Wrist, Off. Zone, 20 ft.",MTL,20.0,RD,15.0,RD,17.0,BOYD,Wrist,O,20.0,,,,,,MTL,TOR,,,,,,,,,,,,,,,5.0,148.0,,,11.0,162,0,0,0,0,0,0,0,1,0,0.2222222222222222,-0.2222222222222222,0.2222222222222222,-0.33333333333333337,-0.037037037037037035,1,1,1,-0.037037037037037035,1,1,-1,-2,-2,-2.0,6,-2,4,4,0,-5,3,3.0
94,2010,20001,227.0,3,EV,137,1063.0,SHOT,"MTL ONGOAL - #17 BOYD, Wrist, Off. Zone, 20 ft.",MTL,45.0,LD,22.0,LD,17.0,BOYD,Wrist,O,20.0,,,,,,MTL,TOR,,,,,,,,,,,,,,,5.0,148.0,,,11.0,162,0,0,0,0,0,0,0,1,0,0.2222222222222222,-0.2222222222222222,0.2222222222222222,-0.33333333333333337,-0.4444444444444444,1,1,1,-0.4444444444444444,1,1,-1,-2,-6,-6.0,6,-2,4,4,0,-6,4,4.0
95,2010,20001,227.0,3,EV,137,1063.0,SHOT,"MTL ONGOAL - #17 BOYD, Wrist, Off. Zone, 20 ft.",MTL,31.0,G,35.0,G,17.0,BOYD,Wrist,O,20.0,,,,,,MTL,TOR,,,,,,,,,,,,,,,5.0,148.0,,,11.0,162,0,0,0,0,0,0,0,1,0,0.2222222222222222,-0.2222222222222222,0.2222222222222222,0.2962962962962963,-0.2962962962962963,1,1,1,-0.2962962962962963,1,1,-1,7,-7,-7.0,7,7,3,3,-7,-7,3,3.0
96,2010,20001,229.0,3,EV,138,1062.0,FAC,TOR won Def. Zone - MTL #15 HALPERN vs TOR #42 BOZAK,TOR,15.0,C,42.0,C,,,,D,,,,,,TOR,MTL,TOR,,,,,,,,,,,,,,2010-10-07,5.0,148.0,,,10.0,162,0,1,0,0,0,0,0,0,0,0.14814814814814814,0.14814814814814814,-0.14814814814814814,0.2962962962962963,-0.4814814814814815,1,1,1,-0.4814814814814815,-1,1,-1,3,-6,-6.0,4,-3,3,3,1,-6,4,4.0
97,2010,20001,229.0,3,EV,138,1062.0,FAC,TOR won Def. Zone - MTL #15 HALPERN vs TOR #42 BOZAK,TOR,40.0,RW,81.0,RW,,,,D,,,,,,TOR,MTL,TOR,,,,,,,,,,,,,,2010-10-07,5.0,148.0,,,10.0,162,0,1,0,0,0,0,0,0,0,0.14814814814814814,0.14814814814814814,-0.14814814814814814,0.8518518518518519,-0.25925925925925924,1,1,1,-0.25925925925925924,-1,1,-1,6,-5,-5.0,6,-3,1,1,2,-8,3,3.0
98,2010,20001,229.0,3,EV,138,1062.0,FAC,TOR won Def. Zone - MTL #15 HALPERN vs TOR #42 BOZAK,TOR,57.0,LW,32.0,LW,,,,D,,,,,,TOR,MTL,TOR,,,,,,,,,,,,,,2010-10-07,5.0,148.0,,,10.0,162,0,1,0,0,0,0,0,0,0,0.14814814814814814,0.14814814814814814,-0.14814814814814814,0.6296296296296295,-0.8148148148148149,1,1,1,-0.8148148148148149,-1,1,-1,5,-8,-8.0,5,-3,1,1,2,-8,4,4.0
99,2010,20001,229.0,3,EV,138,1062.0,FAC,TOR won Def. Zone - MTL #15 HALPERN vs TOR #42 BOZAK,TOR,26.0,RD,8.0,RD,,,,D,,,,,,TOR,MTL,TOR,,,,,,,,,,,,,,2010-10-07,5.0,148.0,,,10.0,162,0,1,0,0,0,0,0,0,0,0.14814814814814814,0.14814814814814814,-0.14814814814814814,0.2962962962962963,-0.7407407407407407,1,1,1,-0.7407407407407407,-1,1,-1,3,-5,-5.0,6,-2,3,3,0,-5,4,4.0
100,2010,20001,229.0,3,EV,138,1062.0,FAC,TOR won Def. Zone - MTL #15 HALPERN vs TOR #42 BOZAK,TOR,75.0,LD,22.0,LD,,,,D,,,,,,TOR,MTL,TOR,,,,,,,,,,,,,,2010-10-07,5.0,148.0,,,10.0,162,0,1,0,0,0,0,0,0,0,0.14814814814814814,0.14814814814814814,-0.14814814814814814,0.2962962962962963,-0.4444444444444444,1,1,1,-0.4444444444444444,-1,1,-1,3,-6,-6.0,6,-2,3,3,0,-6,4,4.0
101,2010,20001,229.0,3,EV,138,1062.0,FAC,TOR won Def. Zone - MTL #15 HALPERN vs TOR #42 BOZAK,TOR,31.0,G,35.0,G,,,,D,,,,,,TOR,MTL,TOR,,,,,,,,,,,,,,2010-10-07,5.0,148.0,,,10.0,162,0,1,0,0,0,0,0,0,0,0.14814814814814814,0.14814814814814814,-0.14814814814814814,0.2962962962962963,-0.2962962962962963,1,1,1,-0.2962962962962963,-1,1,-1,7,-7,-7.0,7,7,3,3,-7,-7,3,3.0
102,2010,20001,230.0,3,EV,145,1055.0,SHOT,"MTL ONGOAL - #15 HALPERN, Snap, Off. Zone, 18 ft.",MTL,15.0,C,42.0,C,15.0,HALPERN,Snap,O,18.0,,,,,,MTL,TOR,,,,,,,,,,,,,,,5.0,148.0,,,3.0,162,0,0,0,0,0,0,0,1,0,0.2222222222222222,-0.2222222222222222,0.2222222222222222,0.2962962962962963,-0.4814814814814815,1,1,1,-0.4814814814814815,1,1,-1,3,-6,-6.0,4,-3,3,3,1,-6,4,4.0
103,2010,20001,230.0,3,EV,145,1055.0,SHOT,"MTL ONGOAL - #15 HALPERN, Snap, Off. Zone, 18 ft.",MTL,40.0,RW,81.0,RW,15.0,HALPERN,Snap,O,18.0,,,,,,MTL,TOR,,,,,,,,,,,,,,,5.0,148.0,,,3.0,162,0,0,0,0,0,0,0,1,0,0.2222222222222222,-0.2222222222222222,0.2222222222222222,0.8518518518518519,-0.25925925925925924,1,1,1,-0.25925925925925924,1,1,-1,6,-5,-5.0,6,-3,1,1,2,-8,3,3.0
104,2010,20001,230.0,3,EV,145,1055.0,SHOT,"MTL ONGOAL - #15 HALPERN, Snap, Off. Zone, 18 ft.",MTL,57.0,LW,32.0,LW,15.0,HALPERN,Snap,O,18.0,,,,,,MTL,TOR,,,,,,,,,,,,,,,5.0,148.0,,,3.0,162,0,0,0,0,0,0,0,1,0,0.2222222222222222,-0.2222222222222222,0.2222222222222222,0.6296296296296295,-0.8148148148148149,1,1,1,-0.8148148148148149,1,1,-1,5,-8,-8.0,5,-3,1,1,2,-8,4,4.0
105,2010,20001,230.0,3,EV,145,1055.0,SHOT,"MTL ONGOAL - #15 HALPERN, Snap, Off. Zone, 18 ft.",MTL,26.0,RD,8.0,RD,15.0,HALPERN,Snap,O,18.0,,,,,,MTL,TOR,,,,,,,,,,,,,,,5.0,148.0,,,3.0,162,0,0,0,0,0,0,0,1,0,0.2222222222222222,-0.2222222222222222,0.2222222222222222,0.2962962962962963,-0.7407407407407407,1,1,1,-0.7407407407407407,1,1,-1,3,-5,-5.0,6,-2,3,3,0,-5,4,4.0
106,2010,20001,230.0,3,EV,145,1055.0,SHOT,"MTL ONGOAL - #15 HALPERN, Snap, Off. Zone, 18 ft.",MTL,75.0,LD,22.0,LD,15.0,HALPERN,Snap,O,18.0,,,,,,MTL,TOR,,,,,,,,,,,,,,,5.0,148.0,,,3.0,162,0,0,0,0,0,0,0,1,0,0.2222222222222222,-0.2222222222222222,0.2222222222222222,0.2962962962962963,-0.4444444444444444,1,1,1,-0.4444444444444444,1,1,-1,3,-6,-6.0,6,-2,3,3,0,-6,4,4.0
107,2010,20001,230.0,3,EV,145,1055.0,SHOT,"MTL ONGOAL - #15 HALPERN, Snap, Off. Zone, 18 ft.",MTL,31.0,G,35.0,G,15.0,HALPERN,Snap,O,18.0,,,,,,MTL,TOR,,,,,,,,,,,,,,,5.0,148.0,,,3.0,162,0,0,0,0,0,0,0,1,0,0.2222222222222222,-0.2222222222222222,0.2222222222222222,0.2962962962962963,-0.2962962962962963,1,1,1,-0.2962962962962963,1,1,-1,7,-7,-7.0,7,7,3,3,-7,-7,3,3.0
108,2010,20001,231.0,3,EV,148,1052.0,SHOT,"MTL ONGOAL - #40 LAPIERRE, Snap, Off. Zone, 16 ft.",MTL,15.0,C,42.0,C,40.0,LAPIERRE,Snap,O,16.0,,,,,,MTL,TOR,,,,,,,,,,,,,,,5.0,148.0,40 M.LAPIERRE(1),57 B.POULIOT(1),0.0,162,0,0,0,0,0,0,0,1,0,0.2222222222222222,-0.2222222222222222,0.2222222222222222,0.2962962962962963,-0.4814814814814815,1,1,1,-0.4814814814814815,1,1,-1,3,-6,-6.0,4,-3,3,3,1,-6,4,4.0
109,2010,20001,231.0,3,EV,148,1052.0,SHOT,"MTL ONGOAL - #40 LAPIERRE, Snap, Off. Zone, 16 ft.",MTL,40.0,RW,81.0,RW,40.0,LAPIERRE,Snap,O,16.0,,,,,,MTL,TOR,,,,,,,,,,,,,,,5.0,148.0,40 M.LAPIERRE(1),57 B.POULIOT(1),0.0,162,0,0,0,0,0,0,0,1,0,0.2222222222222222,-0.2222222222222222,0.2222222222222222,0.8518518518518519,-0.25925925925925924,1,1,1,-0.25925925925925924,1,1,-1,6,-5,-5.0,6,-3,1,1,2,-8,3,3.0
110,2010,20001,231.0,3,EV,148,1052.0,SHOT,"MTL ONGOAL - #40 LAPIERRE, Snap, Off. Zone, 16 ft.",MTL,57.0,LW,32.0,LW,40.0,LAPIERRE,Snap,O,16.0,,,,,,MTL,TOR,,,,,,,,,,,,,,,5.0,148.0,40 M.LAPIERRE(1),57 B.POULIOT(1),0.0,162,0,0,0,0,0,0,0,1,0,0.2222222222222222,-0.2222222222222222,0.2222222222222222,0.6296296296296295,-0.8148148148148149,1,1,1,-0.8148148148148149,1,1,-1,5,-8,-8.0,5,-3,1,1,2,-8,4,4.0
111,2010,20001,231.0,3,EV,148,1052.0,SHOT,"MTL ONGOAL - #40 LAPIERRE, Snap, Off. Zone, 16 ft.",MTL,26.0,RD,8.0,RD,40.0,LAPIERRE,Snap,O,16.0,,,,,,MTL,TOR,,,,,,,,,,,,,,,5.0,148.0,40 M.LAPIERRE(1),57 B.POULIOT(1),0.0,162,0,0,0,0,0,0,0,1,0,0.2222222222222222,-0.2222222222222222,0.2222222222222222,0.2962962962962963,-0.7407407407407407,1,1,1,-0.7407407407407407,1,1,-1,3,-5,-5.0,6,-2,3,3,0,-5,4,4.0
112,2010,20001,231.0,3,EV,148,1052.0,SHOT,"MTL ONGOAL - #40 LAPIERRE, Snap, Off. Zone, 16 ft.",MTL,75.0,LD,22.0,LD,40.0,LAPIERRE,Snap,O,16.0,,,,,,MTL,TOR,,,,,,,,,,,,,,,5.0,148.0,40 M.LAPIERRE(1),57 B.POULIOT(1),0.0,162,0,0,0,0,0,0,0,1,0,0.2222222222222222,-0.2222222222222222,0.2222222222222222,0.2962962962962963,-0.4444444444444444,1,1,1,-0.4444444444444444,1,1,-1,3,-6,-6.0,6,-2,3,3,0,-6,4,4.0
113,2010,20001,231.0,3,EV,148,1052.0,SHOT,"MTL ONGOAL - #40 LAPIERRE, Snap, Off. Zone, 16 ft.",MTL,31.0,G,35.0,G,40.0,LAPIERRE,Snap,O,16.0,,,,,,MTL,TOR,,,,,,,,,,,,,,,5.0,148.0,40 M.LAPIERRE(1),57 B.POULIOT(1),0.0,162,0,0,0,0,0,0,0,1,0,0.2222222222222222,-0.2222222222222222,0.2222222222222222,0.2962962962962963,-0.2962962962962963,1,1,1,-0.2962962962962963,1,1,-1,7,-7,-7.0,7,7,3,3,-7,-7,3,3.0
114,2010,20001,232.0,3,EV,148,1052.0,GOAL,"MTL #15 HALPERN(1), Snap, Off. Zone, 11 ft.Assists: #40 LAPIERRE(1); #57 POULIOT(1)",MTL,15.0,C,42.0,C,15.0,HALPERN,Snap,O,11.0,,,,,,MTL,TOR,,,,,,,,,,,,,,,5.0,148.0,40 M.LAPIERRE(1),57 B.POULIOT(1),0.0,162,0,0,0,1,0,0,0,0,0,0.25925925925925924,-0.25925925925925924,0.25925925925925924,0.2962962962962963,-0.4814814814814815,1,1,1,-0.4814814814814815,1,1,-1,3,-6,-6.0,4,-3,3,3,1,-6,4,4.0
115,2010,20001,232.0,3,EV,148,1052.0,GOAL,"MTL #15 HALPERN(1), Snap, Off. Zone, 11 ft.Assists: #40 LAPIERRE(1); #57 POULIOT(1)",MTL,40.0,RW,81.0,RW,15.0,HALPERN,Snap,O,11.0,,,,,,MTL,TOR,,,,,,,,,,,,,,,5.0,148.0,40 M.LAPIERRE(1),57 B.POULIOT(1),0.0,162,0,0,0,1,0,0,0,0,0,0.25925925925925924,-0.25925925925925924,0.25925925925925924,0.8518518518518519,-0.25925925925925924,1,1,1,-0.25925925925925924,1,1,-1,6,-5,-5.0,6,-3,1,1,2,-8,3,3.0
116,2010,20001,232.0,3,EV,148,1052.0,GOAL,"MTL #15 HALPERN(1), Snap, Off. Zone, 11 ft.Assists: #40 LAPIERRE(1); #57 POULIOT(1)",MTL,57.0,LW,32.0,LW,15.0,HALPERN,Snap,O,11.0,,,,,,MTL,TOR,,,,,,,,,,,,,,,5.0,148.0,40 M.LAPIERRE(1),57 B.POULIOT(1),0.0,162,0,0,0,1,0,0,0,0,0,0.25925925925925924,-0.25925925925925924,0.25925925925925924,0.6296296296296295,-0.8148148148148149,1,1,1,-0.8148148148148149,1,1,-1,5,-8,-8.0,5,-3,1,1,2,-8,4,4.0
117,2010,20001,232.0,3,EV,148,1052.0,GOAL,"MTL #15 HALPERN(1), Snap, Off. Zone, 11 ft.Assists: #40 LAPIERRE(1); #57 POULIOT(1)",MTL,26.0,RD,8.0,RD,15.0,HALPERN,Snap,O,11.0,,,,,,MTL,TOR,,,,,,,,,,,,,,,5.0,148.0,40 M.LAPIERRE(1),57 B.POULIOT(1),0.0,162,0,0,0,1,0,0,0,0,0,0.25925925925925924,-0.25925925925925924,0.25925925925925924,0.2962962962962963,-0.7407407407407407,1,1,1,-0.7407407407407407,1,1,-1,3,-5,-5.0,6,-2,3,3,0,-5,4,4.0
118,2010,20001,232.0,3,EV,148,1052.0,GOAL,"MTL #15 HALPERN(1), Snap, Off. Zone, 11 ft.Assists: #40 LAPIERRE(1); #57 POULIOT(1)",MTL,75.0,LD,22.0,LD,15.0,HALPERN,Snap,O,11.0,,,,,,MTL,TOR,,,,,,,,,,,,,,,5.0,148.0,40 M.LAPIERRE(1),57 B.POULIOT(1),0.0,162,0,0,0,1,0,0,0,0,0,0.25925925925925924,-0.25925925925925924,0.25925925925925924,0.2962962962962963,-0.4444444444444444,1,1,1,-0.4444444444444444,1,1,-1,3,-6,-6.0,6,-2,3,3,0,-6,4,4.0
119,2010,20001,232.0,3,EV,148,1052.0,GOAL,"MTL #15 HALPERN(1), Snap, Off. Zone, 11 ft.Assists: #40 LAPIERRE(1); #57 POULIOT(1)",MTL,31.0,G,35.0,G,15.0,HALPERN,Snap,O,11.0,,,,,,MTL,TOR,,,,,,,,,,,,,,,5.0,148.0,40 M.LAPIERRE(1),57 B.POULIOT(1),0.0,162,0,0,0,1,0,0,0,0,0,0.25925925925925924,-0.25925925925925924,0.25925925925925924,0.2962962962962963,-0.2962962962962963,1,1,1,-0.2962962962962963,1,1,-1,7,-7,-7.0,7,7,3,3,-7,-7,3,3.0
120,2010,20002,105.0,1,EV,1020,180.0,BLOCK,"PIT #10 LETESTU BLOCKED BY  PHI #3 BARTULIS, Wrist, Def. Zone",PHI,17.0,C,10.0,C,3.0,BARTULIS,Wrist,D,,,PIT,10.0,LETESTU,,PHI,PIT,,,,,,,,,,,,,,,2.0,1035.0,,,15.0,162,1,0,0,0,0,0,0,0,0,0.07407407407407407,-0.07407407407407407,0.07407407407407407,-0.5925925925925926,0.5925925925925926,1,1,1,0.5925925925925926,-1,-1,1,-5,5,5.0,2,-5,4,4,5,-2,1,1.0
121,2010,20002,105.0,1,EV,1020,180.0,BLOCK,"PIT #10 LETESTU BLOCKED BY  PHI #3 BARTULIS, Wrist, Def. Zone",PHI,18.0,RW,26.0,RW,3.0,BARTULIS,Wrist,D,,,PIT,10.0,LETESTU,,PHI,PIT,,,,,,,,,,,,,,,2.0,1035.0,,,15.0,162,1,0,0,0,0,0,0,0,0,0.07407407407407407,-0.07407407407407407,0.07407407407407407,-0.5925925925925926,0.1851851851851852,1,1,1,0.1851851851851852,-1,-1,1,-5,3,3.0,2,-5,4,4,3,-2,1,1.0
122,2010,20002,105.0,1,EV,1020,180.0,BLOCK,"PIT #10 LETESTU BLOCKED BY  PHI #3 BARTULIS, Wrist, Def. Zone",PHI,28.0,LW,9.0,LW,3.0,BARTULIS,Wrist,D,,,PIT,10.0,LETESTU,,PHI,PIT,,,,,,,,,,,,,,,2.0,1035.0,,,15.0,162,1,0,0,0,0,0,0,0,0,0.07407407407407407,-0.07407407407407407,0.07407407407407407,-0.1851851851851852,0.1851851851851852,1,1,1,0.1851851851851852,-1,-1,1,-3,3,3.0,2,-3,4,4,3,-2,1,1.0
123,2010,20002,105.0,1,EV,1020,180.0,BLOCK,"PIT #10 LETESTU BLOCKED BY  PHI #3 BARTULIS, Wrist, Def. Zone",PHI,3.0,RD,4.0,RD,3.0,BARTULIS,Wrist,D,,,PIT,10.0,LETESTU,,PHI,PIT,,,,,,,,,,,,,,,2.0,1035.0,,,15.0,162,1,0,0,0,0,0,0,0,0,0.07407407407407407,-0.07407407407407407,0.07407407407407407,-0.1851851851851852,-0.2962962962962963,1,1,1,-0.2962962962962963,-1,-1,1,-3,1,1.0,0,-3,4,4,1,0,1,1.0
124,2010,20002,105.0,1,EV,1020,180.0,BLOCK,"PIT #10 LETESTU BLOCKED BY  PHI #3 BARTULIS, Wrist, Def. Zone",PHI,6.0,LD,44.0,LD,3.0,BARTULIS,Wrist,D,,,PIT,10.0,LETESTU,,PHI,PIT,,,,,,,,,,,,,,,2.0,1035.0,,,15.0,162,1,0,0,0,0,0,0,0,0,0.07407407407407407,-0.07407407407407407,0.07407407407407407,-0.1851851851851852,0.1851851851851852,1,1,1,0.1851851851851852,-1,-1,1,-3,3,3.0,0,-3,4,4,3,0,1,1.0
125,2010,20002,105.0,1,EV,1020,180.0,BLOCK,"PIT #10 LETESTU BLOCKED BY  PHI #3 BARTULIS, Wrist, Def. Zone",PHI,35.0,G,29.0,G,3.0,BARTULIS,Wrist,D,,,PIT,10.0,LETESTU,,PHI,PIT,,,,,,,,,,,,,,,2.0,1035.0,,,15.0,162,1,0,0,0,0,0,0,0,0,0.07407407407407407,-0.07407407407407407,0.07407407407407407,-0.1111111111111111,0.1111111111111111,1,1,1,0.1111111111111111,-1,-1,1,-3,3,3.0,-3,-3,3,3,3,3,3,3.0
126,2010,20002,106.0,1,EV,1021,179.0,SHOT,"PIT ONGOAL - #10 LETESTU, Backhand, Off. Zone, 22 ft.",PIT,17.0,C,10.0,C,10.0,LETESTU,Backhand,O,22.0,,,,,,PHI,PIT,,,,,,,,,,,,,,,2.0,1035.0,,,14.0,162,0,0,0,0,0,0,0,1,0,0.2222222222222222,0.2222222222222222,-0.2222222222222222,-0.5925925925925926,0.5925925925925926,1,1,1,0.5925925925925926,1,-1,1,-5,5,5.0,2,-5,4,4,5,-2,1,1.0
127,2010,20002,106.0,1,EV,1021,179.0,SHOT,"PIT ONGOAL - #10 LETESTU, Backhand, Off. Zone, 22 ft.",PIT,18.0,RW,26.0,RW,10.0,LETESTU,Backhand,O,22.0,,,,,,PHI,PIT,,,,,,,,,,,,,,,2.0,1035.0,,,14.0,162,0,0,0,0,0,0,0,1,0,0.2222222222222222,0.2222222222222222,-0.2222222222222222,-0.5925925925925926,0.1851851851851852,1,1,1,0.1851851851851852,1,-1,1,-5,3,3.0,2,-5,4,4,3,-2,1,1.0
128,2010,20002,106.0,1,EV,1021,179.0,SHOT,"PIT ONGOAL - #10 LETESTU, Backhand, Off. Zone, 22 ft.",PIT,28.0,LW,9.0,LW,10.0,LETESTU,Backhand,O,22.0,,,,,,PHI,PIT,,,,,,,,,,,,,,,2.0,1035.0,,,14.0,162,0,0,0,0,0,0,0,1,0,0.2222222222222222,0.2222222222222222,-0.2222222222222222,-0.1851851851851852,0.1851851851851852,1,1,1,0.1851851851851852,1,-1,1,-3,3,3.0,2,-3,4,4,3,-2,1,1.0
129,2010,20002,106.0,1,EV,1021,179.0,SHOT,"PIT ONGOAL - #10 LETESTU, Backhand, Off. Zone, 22 ft.",PIT,3.0,RD,4.0,RD,10.0,LETESTU,Backhand,O,22.0,,,,,,PHI,PIT,,,,,,,,,,,,,,,2.0,1035.0,,,14.0,162,0,0,0,0,0,0,0,1,0,0.2222222222222222,0.2222222222222222,-0.2222222222222222,-0.1851851851851852,-0.2962962962962963,1,1,1,-0.2962962962962963,1,-1,1,-3,1,1.0,0,-3,4,4,1,0,1,1.0
130,2010,20002,106.0,1,EV,1021,179.0,SHOT,"PIT ONGOAL - #10 LETESTU, Backhand, Off. Zone, 22 ft.",PIT,6.0,LD,44.0,LD,10.0,LETESTU,Backhand,O,22.0,,,,,,PHI,PIT,,,,,,,,,,,,,,,2.0,1035.0,,,14.0,162,0,0,0,0,0,0,0,1,0,0.2222222222222222,0.2222222222222222,-0.2222222222222222,-0.1851851851851852,0.1851851851851852,1,1,1,0.1851851851851852,1,-1,1,-3,3,3.0,0,-3,4,4,3,0,1,1.0
131,2010,20002,106.0,1,EV,1021,179.0,SHOT,"PIT ONGOAL - #10 LETESTU, Backhand, Off. Zone, 22 ft.",PIT,35.0,G,29.0,G,10.0,LETESTU,Backhand,O,22.0,,,,,,PHI,PIT,,,,,,,,,,,,,,,2.0,1035.0,,,14.0,162,0,0,0,0,0,0,0,1,0,0.2222222222222222,0.2222222222222222,-0.2222222222222222,-0.1111111111111111,0.1111111111111111,1,1,1,0.1111111111111111,1,-1,1,-3,3,3.0,-3,-3,3,3,3,3,3,3.0
132,2010,20002,107.0,1,EV,1028,172.0,PENL,"PHI #6 O'DONNELL&nbsp;Tripping(2 min), Def. Zone Drawn By: PIT #10 LETESTU",PHI,17.0,C,10.0,C,,,,D,,,,,,,PHI,PIT,,,,,,,PHI,6.0,ODONNELL,Tripping,PIT,10.0,LETESTU,,2.0,1035.0,,,7.0,162,0,0,0,0,0,0,1,0,0,-0.037037037037037035,0.037037037037037035,-0.037037037037037035,-0.5925925925925926,0.5925925925925926,1,1,1,0.5925925925925926,-1,-1,1,-5,5,5.0,2,-5,4,4,5,-2,1,1.0
133,2010,20002,107.0,1,EV,1028,172.0,PENL,"PHI #6 O'DONNELL&nbsp;Tripping(2 min), Def. Zone Drawn By: PIT #10 LETESTU",PHI,18.0,RW,26.0,RW,,,,D,,,,,,,PHI,PIT,,,,,,,PHI,6.0,ODONNELL,Tripping,PIT,10.0,LETESTU,,2.0,1035.0,,,7.0,162,0,0,0,0,0,0,1,0,0,-0.037037037037037035,0.037037037037037035,-0.037037037037037035,-0.5925925925925926,0.1851851851851852,1,1,1,0.1851851851851852,-1,-1,1,-5,3,3.0,2,-5,4,4,3,-2,1,1.0
134,2010,20002,107.0,1,EV,1028,172.0,PENL,"PHI #6 O'DONNELL&nbsp;Tripping(2 min), Def. Zone Drawn By: PIT #10 LETESTU",PHI,28.0,LW,9.0,LW,,,,D,,,,,,,PHI,PIT,,,,,,,PHI,6.0,ODONNELL,Tripping,PIT,10.0,LETESTU,,2.0,1035.0,,,7.0,162,0,0,0,0,0,0,1,0,0,-0.037037037037037035,0.037037037037037035,-0.037037037037037035,-0.1851851851851852,0.1851851851851852,1,1,1,0.1851851851851852,-1,-1,1,-3,3,3.0,2,-3,4,4,3,-2,1,1.0
135,2010,20002,107.0,1,EV,1028,172.0,PENL,"PHI #6 O'DONNELL&nbsp;Tripping(2 min), Def. Zone Drawn By: PIT #10 LETESTU",PHI,3.0,RD,4.0,RD,,,,D,,,,,,,PHI,PIT,,,,,,,PHI,6.0,ODONNELL,Tripping,PIT,10.0,LETESTU,,2.0,1035.0,,,7.0,162,0,0,0,0,0,0,1,0,0,-0.037037037037037035,0.037037037037037035,-0.037037037037037035,-0.1851851851851852,-0.2962962962962963,1,1,1,-0.2962962962962963,-1,-1,1,-3,1,1.0,0,-3,4,4,1,0,1,1.0
136,2010,20002,107.0,1,EV,1028,172.0,PENL,"PHI #6 O'DONNELL&nbsp;Tripping(2 min), Def. Zone Drawn By: PIT #10 LETESTU",PHI,6.0,LD,44.0,LD,,,,D,,,,,,,PHI,PIT,,,,,,,PHI,6.0,ODONNELL,Tripping,PIT,10.0,LETESTU,,2.0,1035.0,,,7.0,162,0,0,0,0,0,0,1,0,0,-0.037037037037037035,0.037037037037037035,-0.037037037037037035,-0.1851851851851852,0.1851851851851852,1,1,1,0.1851851851851852,-1,-1,1,-3,3,3.0,0,-3,4,4,3,0,1,1.0
137,2010,20002,107.0,1,EV,1028,172.0,PENL,"PHI #6 O'DONNELL&nbsp;Tripping(2 min), Def. Zone Drawn By: PIT #10 LETESTU",PHI,35.0,G,29.0,G,,,,D,,,,,,,PHI,PIT,,,,,,,PHI,6.0,ODONNELL,Tripping,PIT,10.0,LETESTU,,2.0,1035.0,,,7.0,162,0,0,0,0,0,0,1,0,0,-0.037037037037037035,0.037037037037037035,-0.037037037037037035,-0.1111111111111111,0.1111111111111111,1,1,1,0.1111111111111111,-1,-1,1,-3,3,3.0,-3,-3,3,3,3,3,3,3.0
138,2010,20002,206.0,2,EV,1034,166.0,SHOT,"PHI ONGOAL - #21 VAN RIEMSDYK, Slap, Off. Zone, 40 ft.",PHI,11.0,C,71.0,C,21.0,VANRIEMSDYK,Slap,O,40.0,,,,,,PHI,PIT,,,,,,,,,,,,,,,2.0,1035.0,,,1.0,162,0,0,0,0,0,0,0,1,0,0.2222222222222222,-0.2222222222222222,0.2222222222222222,0.4814814814814815,-0.4814814814814815,1,1,1,-0.4814814814814815,1,1,-1,2,-2,-2.0,2,-5,1,1,5,-2,4,4.0
139,2010,20002,206.0,2,EV,1034,166.0,SHOT,"PHI ONGOAL - #21 VAN RIEMSDYK, Slap, Off. Zone, 40 ft.",PHI,36.0,RW,87.0,RW,21.0,VANRIEMSDYK,Slap,O,40.0,,,,,,PHI,PIT,,,,,,,,,,,,,,,2.0,1035.0,,,1.0,162,0,0,0,0,0,0,0,1,0,0.2222222222222222,-0.2222222222222222,0.2222222222222222,0.4814814814814815,-0.4814814814814815,1,1,1,-0.4814814814814815,1,1,-1,2,-2,-2.0,2,-5,1,1,3,-2,4,4.0
140,2010,20002,206.0,2,EV,1034,166.0,SHOT,"PHI ONGOAL - #21 VAN RIEMSDYK, Slap, Off. Zone, 40 ft.",PHI,21.0,LW,27.0,LW,21.0,VANRIEMSDYK,Slap,O,40.0,,,,,,PHI,PIT,,,,,,,,,,,,,,,2.0,1035.0,,,1.0,162,0,0,0,0,0,0,0,1,0,0.2222222222222222,-0.2222222222222222,0.2222222222222222,0.4814814814814815,-0.4814814814814815,1,1,1,-0.4814814814814815,1,1,-1,2,-2,-2.0,2,-3,1,1,3,-2,4,4.0
141,2010,20002,206.0,2,EV,1034,166.0,SHOT,"PHI ONGOAL - #21 VAN RIEMSDYK, Slap, Off. Zone, 40 ft.",PHI,5.0,RD,4.0,RD,21.0,VANRIEMSDYK,Slap,O,40.0,,,,,,PHI,PIT,,,,,,,,,,,,,,,2.0,1035.0,,,1.0,162,0,0,0,0,0,0,0,1,0,0.2222222222222222,-0.2222222222222222,0.2222222222222222,0.07407407407407407,-0.2962962962962963,1,1,1,-0.2962962962962963,1,1,-1,0,1,1.0,0,-3,1,1,1,0,1,1.0
142,2010,20002,206.0,2,EV,1034,166.0,SHOT,"PHI ONGOAL - #21 VAN RIEMSDYK, Slap, Off. Zone, 40 ft.",PHI,44.0,LD,7.0,LD,21.0,VANRIEMSDYK,Slap,O,40.0,,,,,,PHI,PIT,,,,,,,,,,,,,,,2.0,1035.0,,,1.0,162,0,0,0,0,0,0,0,1,0,0.2222222222222222,-0.2222222222222222,0.2222222222222222,0.07407407407407407,-0.07407407407407407,1,1,1,-0.07407407407407407,1,1,-1,0,0,0.0,0,-3,1,1,3,0,4,4.0
143,2010,20002,206.0,2,EV,1034,166.0,SHOT,"PHI ONGOAL - #21 VAN RIEMSDYK, Slap, Off. Zone, 40 ft.",PHI,35.0,G,29.0,G,21.0,VANRIEMSDYK,Slap,O,40.0,,,,,,PHI,PIT,,,,,,,,,,,,,,,2.0,1035.0,,,1.0,162,0,0,0,0,0,0,0,1,0,0.2222222222222222,-0.2222222222222222,0.2222222222222222,-0.1111111111111111,0.1111111111111111,1,1,1,0.1111111111111111,1,1,-1,-3,3,3.0,-3,-3,3,3,3,3,3,3.0
144,2010,20002,207.0,2,EV,1035,165.0,GOAL,"PHI #11 BETTS(1), Wrist, Off. Zone, 7 ft.Assists: #36 POWE(1); #21 VAN RIEMSDYK(1)",PHI,11.0,C,71.0,C,11.0,BETTS,Wrist,O,7.0,,,,,,PHI,PIT,,,,,,,,,,,,,,,2.0,1035.0,36 D.POWE(1),21 J.VAN RIEMSDYK(1),0.0,162,0,0,0,1,0,0,0,0,0,0.25925925925925924,-0.25925925925925924,0.25925925925925924,0.4814814814814815,-0.4814814814814815,1,1,1,-0.4814814814814815,1,1,-1,2,-2,-2.0,2,-5,1,1,5,-2,4,4.0
145,2010,20002,207.0,2,EV,1035,165.0,GOAL,"PHI #11 BETTS(1), Wrist, Off. Zone, 7 ft.Assists: #36 POWE(1); #21 VAN RIEMSDYK(1)",PHI,36.0,RW,87.0,RW,11.0,BETTS,Wrist,O,7.0,,,,,,PHI,PIT,,,,,,,,,,,,,,,2.0,1035.0,36 D.POWE(1),21 J.VAN RIEMSDYK(1),0.0,162,0,0,0,1,0,0,0,0,0,0.25925925925925924,-0.25925925925925924,0.25925925925925924,0.4814814814814815,-0.4814814814814815,1,1,1,-0.4814814814814815,1,1,-1,2,-2,-2.0,2,-5,1,1,3,-2,4,4.0
146,2010,20002,207.0,2,EV,1035,165.0,GOAL,"PHI #11 BETTS(1), Wrist, Off. Zone, 7 ft.Assists: #36 POWE(1); #21 VAN RIEMSDYK(1)",PHI,21.0,LW,27.0,LW,11.0,BETTS,Wrist,O,7.0,,,,,,PHI,PIT,,,,,,,,,,,,,,,2.0,1035.0,36 D.POWE(1),21 J.VAN RIEMSDYK(1),0.0,162,0,0,0,1,0,0,0,0,0,0.25925925925925924,-0.25925925925925924,0.25925925925925924,0.4814814814814815,-0.4814814814814815,1,1,1,-0.4814814814814815,1,1,-1,2,-2,-2.0,2,-3,1,1,3,-2,4,4.0
147,2010,20002,207.0,2,EV,1035,165.0,GOAL,"PHI #11 BETTS(1), Wrist, Off. Zone, 7 ft.Assists: #36 POWE(1); #21 VAN RIEMSDYK(1)",PHI,5.0,RD,4.0,RD,11.0,BETTS,Wrist,O,7.0,,,,,,PHI,PIT,,,,,,,,,,,,,,,2.0,1035.0,36 D.POWE(1),21 J.VAN RIEMSDYK(1),0.0,162,0,0,0,1,0,0,0,0,0,0.25925925925925924,-0.25925925925925924,0.25925925925925924,0.07407407407407407,-0.2962962962962963,1,1,1,-0.2962962962962963,1,1,-1,0,1,1.0,0,-3,1,1,1,0,1,1.0
148,2010,20002,207.0,2,EV,1035,165.0,GOAL,"PHI #11 BETTS(1), Wrist, Off. Zone, 7 ft.Assists: #36 POWE(1); #21 VAN RIEMSDYK(1)",PHI,44.0,LD,7.0,LD,11.0,BETTS,Wrist,O,7.0,,,,,,PHI,PIT,,,,,,,,,,,,,,,2.0,1035.0,36 D.POWE(1),21 J.VAN RIEMSDYK(1),0.0,162,0,0,0,1,0,0,0,0,0,0.25925925925925924,-0.25925925925925924,0.25925925925925924,0.07407407407407407,-0.07407407407407407,1,1,1,-0.07407407407407407,1,1,-1,0,0,0.0,0,-3,1,1,3,0,4,4.0
149,2010,20002,207.0,2,EV,1035,165.0,GOAL,"PHI #11 BETTS(1), Wrist, Off. Zone, 7 ft.Assists: #36 POWE(1); #21 VAN RIEMSDYK(1)",PHI,35.0,G,29.0,G,11.0,BETTS,Wrist,O,7.0,,,,,,PHI,PIT,,,,,,,,,,,,,,,2.0,1035.0,36 D.POWE(1),21 J.VAN RIEMSDYK(1),0.0,162,0,0,0,1,0,0,0,0,0,0.25925925925925924,-0.25925925925925924,0.25925925925925924,-0.1111111111111111,0.1111111111111111,1,1,1,0.1111111111111111,1,1,-1,-3,3,3.0,-3,-3,3,3,3,3,3,3.0
150,2010,20002,227.0,3,EV,36,1164.0,FAC,PIT won Off. Zone - PHI #18 RICHARDS vs PIT #10 LETESTU,PIT,17.0,C,10.0,C,,,,O,,,,,,PIT,PHI,PIT,,,,,,,,,,,,,,2010-10-07,3.0,44.0,,,8.0,162,0,1,0,0,0,0,0,0,0,0.14814814814814814,0.14814814814814814,-0.14814814814814814,-0.5925925925925926,0.5925925925925926,1,1,1,0.5925925925925926,1,-1,1,-5,5,5.0,2,-5,4,4,5,-2,1,1.0
151,2010,20002,227.0,3,EV,36,1164.0,FAC,PIT won Off. Zone - PHI #18 RICHARDS vs PIT #10 LETESTU,PIT,18.0,RW,48.0,RW,,,,O,,,,,,PIT,PHI,PIT,,,,,,,,,,,,,,2010-10-07,3.0,44.0,,,8.0,162,0,1,0,0,0,0,0,0,0,0.14814814814814814,0.14814814814814814,-0.14814814814814814,-0.5925925925925926,0.4074074074074074,1,1,1,0.4074074074074074,1,-1,1,-5,2,2.0,2,-5,4,4,3,-2,3,3.0
152,2010,20002,227.0,3,EV,36,1164.0,FAC,PIT won Off. Zone - PHI #18 RICHARDS vs PIT #10 LETESTU,PIT,13.0,LW,24.0,LW,,,,O,,,,,,PIT,PHI,PIT,,,,,,,,,,,,,,2010-10-07,3.0,44.0,,,8.0,162,0,1,0,0,0,0,0,0,0,0.14814814814814814,0.14814814814814814,-0.14814814814814814,-0.4074074074074074,0.4074074074074074,1,1,1,0.4074074074074074,1,-1,1,-2,2,2.0,2,-3,3,3,3,-2,3,3.0
153,2010,20002,227.0,3,EV,36,1164.0,FAC,PIT won Off. Zone - PHI #18 RICHARDS vs PIT #10 LETESTU,PIT,5.0,RD,7.0,RD,,,,O,,,,,,PIT,PHI,PIT,,,,,,,,,,,,,,2010-10-07,3.0,44.0,,,8.0,162,0,1,0,0,0,0,0,0,0,0.14814814814814814,0.14814814814814814,-0.14814814814814814,0.07407407407407407,-0.07407407407407407,1,1,1,-0.07407407407407407,1,-1,1,0,0,0.0,0,-3,1,1,1,0,4,4.0
154,2010,20002,227.0,3,EV,36,1164.0,FAC,PIT won Off. Zone - PHI #18 RICHARDS vs PIT #10 LETESTU,PIT,44.0,LD,58.0,LD,,,,O,,,,,,PIT,PHI,PIT,,,,,,,,,,,,,,2010-10-07,3.0,44.0,,,8.0,162,0,1,0,0,0,0,0,0,0,0.14814814814814814,0.14814814814814814,-0.14814814814814814,0.07407407407407407,0.4074074074074074,1,1,1,0.4074074074074074,1,-1,1,0,2,2.0,0,-3,1,1,3,0,3,3.0
155,2010,20002,227.0,3,EV,36,1164.0,FAC,PIT won Off. Zone - PHI #18 RICHARDS vs PIT #10 LETESTU,PIT,35.0,G,29.0,G,,,,O,,,,,,PIT,PHI,PIT,,,,,,,,,,,,,,2010-10-07,3.0,44.0,,,8.0,162,0,1,0,0,0,0,0,0,0,0.14814814814814814,0.14814814814814814,-0.14814814814814814,-0.1111111111111111,0.1111111111111111,1,1,1,0.1111111111111111,1,-1,1,-3,3,3.0,-3,-3,3,3,3,3,3,3.0
156,2010,20002,228.0,3,EV,44,1156.0,GOAL,"PIT #48 KENNEDY(1), Snap, Off. Zone, 21 ft.Assists: #7 MARTIN(1); #58 LETANG(1)",PIT,17.0,C,10.0,C,48.0,KENNEDY,Snap,O,21.0,,,,,,PHI,PIT,,,,,,,,,,,,,,,3.0,44.0,7 P.MARTIN(1),58 K.LETANG(1),0.0,162,0,0,0,1,0,0,0,0,0,0.25925925925925924,0.25925925925925924,-0.25925925925925924,-0.5925925925925926,0.5925925925925926,1,1,1,0.5925925925925926,1,-1,1,-5,5,5.0,2,-5,4,4,5,-2,1,1.0
157,2010,20002,228.0,3,EV,44,1156.0,GOAL,"PIT #48 KENNEDY(1), Snap, Off. Zone, 21 ft.Assists: #7 MARTIN(1); #58 LETANG(1)",PIT,18.0,RW,48.0,RW,48.0,KENNEDY,Snap,O,21.0,,,,,,PHI,PIT,,,,,,,,,,,,,,,3.0,44.0,7 P.MARTIN(1),58 K.LETANG(1),0.0,162,0,0,0,1,0,0,0,0,0,0.25925925925925924,0.25925925925925924,-0.25925925925925924,-0.5925925925925926,0.4074074074074074,1,1,1,0.4074074074074074,1,-1,1,-5,2,2.0,2,-5,4,4,3,-2,3,3.0
158,2010,20002,228.0,3,EV,44,1156.0,GOAL,"PIT #48 KENNEDY(1), Snap, Off. Zone, 21 ft.Assists: #7 MARTIN(1); #58 LETANG(1)",PIT,13.0,LW,24.0,LW,48.0,KENNEDY,Snap,O,21.0,,,,,,PHI,PIT,,,,,,,,,,,,,,,3.0,44.0,7 P.MARTIN(1),58 K.LETANG(1),0.0,162,0,0,0,1,0,0,0,0,0,0.25925925925925924,0.25925925925925924,-0.25925925925925924,-0.4074074074074074,0.4074074074074074,1,1,1,0.4074074074074074,1,-1,1,-2,2,2.0,2,-3,3,3,3,-2,3,3.0
159,2010,20002,228.0,3,EV,44,1156.0,GOAL,"PIT #48 KENNEDY(1), Snap, Off. Zone, 21 ft.Assists: #7 MARTIN(1); #58 LETANG(1)",PIT,5.0,RD,7.0,RD,48.0,KENNEDY,Snap,O,21.0,,,,,,PHI,PIT,,,,,,,,,,,,,,,3.0,44.0,7 P.MARTIN(1),58 K.LETANG(1),0.0,162,0,0,0,1,0,0,0,0,0,0.25925925925925924,0.25925925925925924,-0.25925925925925924,0.07407407407407407,-0.07407407407407407,1,1,1,-0.07407407407407407,1,-1,1,0,0,0.0,0,-3,1,1,1,0,4,4.0
160,2010,20002,228.0,3,EV,44,1156.0,GOAL,"PIT #48 KENNEDY(1), Snap, Off. Zone, 21 ft.Assists: #7 MARTIN(1); #58 LETANG(1)",PIT,44.0,LD,58.0,LD,48.0,KENNEDY,Snap,O,21.0,,,,,,PHI,PIT,,,,,,,,,,,,,,,3.0,44.0,7 P.MARTIN(1),58 K.LETANG(1),0.0,162,0,0,0,1,0,0,0,0,0,0.25925925925925924,0.25925925925925924,-0.25925925925925924,0.07407407407407407,0.4074074074074074,1,1,1,0.4074074074074074,1,-1,1,0,2,2.0,0,-3,1,1,3,0,3,3.0
161,2010,20002,228.0,3,EV,44,1156.0,GOAL,"PIT #48 KENNEDY(1), Snap, Off. Zone, 21 ft.Assists: #7 MARTIN(1); #58 LETANG(1)",PIT,35.0,G,29.0,G,48.0,KENNEDY,Snap,O,21.0,,,,,,PHI,PIT,,,,,,,,,,,,,,,3.0,44.0,7 P.MARTIN(1),58 K.LETANG(1),0.0,162,0,0,0,1,0,0,0,0,0,0.25925925925925924,0.25925925925925924,-0.25925925925925924,-0.1111111111111111,0.1111111111111111,1,1,1,0.1111111111111111,1,-1,1,-3,3,3.0,-3,-3,3,3,3,3,3,3.0
