,Season,GameNumber,VF1,VF2,VD1,VD2,HF1,HF2,HD1,HD2
0,2010,20001,2.0,10.0,1.0,5.0,2.0,10.0,1.0,5.0
1,2010,20002,5.0,7.0,1.0,5.0,4.0,8.0,2.0,4.0
2,2010,20003,3.0,9.0,1.0,5.0,2.0,10.0,1.0,5.0
3,2010,20004,4.0,8.0,2.0,4.0,2.0,10.0,1.0,5.0
4,2010,20005,3.0,9.0,1.0,5.0,0.0,12.0,1.0,5.0
5,2010,20006,2.0,10.0,0.0,6.0,6.0,6.0,2.0,4.0
6,2010,20007,3.0,9.0,1.0,5.0,3.0,8.0,0.0,7.0
7,2010,20008,3.0,9.0,1.0,5.0,2.0,10.0,1.0,5.0
8,2010,20009,5.0,7.0,1.0,5.0,5.0,7.0,2.0,4.0
9,2010,20010,4.0,8.0,1.0,5.0,0.0,12.0,1.0,5.0
10,2010,20011,1.0,12.0,1.0,4.0,5.0,7.0,2.0,4.0
11,2010,20012,5.0,7.0,2.0,4.0,3.0,9.0,1.0,5.0
12,2010,20013,4.0,8.0,1.0,5.0,4.0,8.0,2.0,4.0
13,2010,20014,1.0,11.0,1.0,5.0,2.0,10.0,1.0,5.0
14,2010,20015,3.0,9.0,1.0,5.0,1.0,11.0,0.0,6.0
15,2010,20016,3.0,9.0,1.0,5.0,4.0,8.0,2.0,4.0
16,2010,20017,3.0,8.0,0.0,7.0,5.0,7.0,2.0,4.0
17,2010,20018,1.0,12.0,1.0,4.0,5.0,7.0,2.0,4.0
18,2010,20019,5.0,7.0,1.0,5.0,3.0,9.0,1.0,5.0
19,2010,20020,5.0,7.0,1.0,5.0,3.0,9.0,2.0,4.0
20,2010,20021,3.0,9.0,2.0,4.0,5.0,7.0,2.0,4.0
21,2010,20022,2.0,9.0,0.0,7.0,6.0,6.0,2.0,4.0
22,2010,20023,5.0,7.0,2.0,4.0,4.0,8.0,2.0,4.0
23,2010,20024,5.0,7.0,2.0,4.0,3.0,9.0,1.0,5.0
24,2010,20025,3.0,9.0,1.0,5.0,5.0,7.0,2.0,4.0
25,2010,20026,0.0,12.0,1.0,5.0,0.0,12.0,1.0,5.0
26,2010,20027,4.0,8.0,2.0,4.0,,,,
27,2010,20028,0.0,12.0,0.0,6.0,4.0,8.0,2.0,4.0
28,2010,20029,5.0,7.0,1.0,5.0,3.0,9.0,1.0,5.0
29,2010,20030,4.0,8.0,1.0,5.0,4.0,8.0,2.0,4.0
30,2010,20031,2.0,10.0,1.0,5.0,5.0,7.0,2.0,4.0
31,2010,20032,1.0,11.0,1.0,5.0,5.0,7.0,2.0,4.0
32,2010,20033,0.0,12.0,1.0,5.0,4.0,8.0,2.0,4.0
33,2010,20034,2.0,10.0,1.0,5.0,5.0,7.0,1.0,5.0
34,2010,20035,1.0,12.0,1.0,4.0,5.0,7.0,2.0,4.0
35,2010,20036,3.0,9.0,1.0,5.0,,,,
36,2010,20037,0.0,12.0,0.0,6.0,5.0,7.0,2.0,4.0
37,2010,20038,3.0,9.0,1.0,5.0,5.0,7.0,2.0,4.0
38,2010,20039,4.0,8.0,2.0,4.0,2.0,10.0,1.0,5.0
39,2010,20040,4.0,8.0,2.0,4.0,2.0,10.0,2.0,4.0
40,2010,20041,5.0,7.0,1.0,5.0,4.0,8.0,2.0,4.0
41,2010,20042,5.0,7.0,2.0,4.0,5.0,6.0,2.0,5.0
42,2010,20043,3.0,9.0,1.0,5.0,1.0,11.0,1.0,5.0
43,2010,20044,3.0,9.0,2.0,4.0,3.0,9.0,1.0,5.0
44,2010,20045,0.0,12.0,1.0,5.0,2.0,10.0,1.0,5.0
45,2010,20046,3.0,9.0,1.0,5.0,5.0,7.0,1.0,5.0
46,2010,20047,3.0,9.0,1.0,5.0,0.0,12.0,1.0,5.0
47,2010,20048,2.0,10.0,1.0,5.0,3.0,9.0,0.0,6.0
48,2010,20049,4.0,8.0,2.0,4.0,2.0,10.0,1.0,5.0
49,2010,20050,0.0,12.0,0.0,6.0,4.0,8.0,2.0,4.0
50,2010,20051,2.0,10.0,0.0,6.0,3.0,8.0,2.0,5.0
51,2010,20052,3.0,9.0,1.0,5.0,3.0,9.0,1.0,5.0
52,2010,20053,5.0,7.0,1.0,5.0,1.0,12.0,1.0,4.0
53,2010,20054,5.0,7.0,2.0,4.0,4.0,8.0,2.0,4.0
54,2010,20055,3.0,9.0,1.0,5.0,1.0,11.0,1.0,5.0
55,2010,20056,5.0,7.0,2.0,4.0,3.0,9.0,0.0,6.0
56,2010,20057,2.0,10.0,1.0,5.0,1.0,11.0,0.0,6.0
57,2010,20058,5.0,7.0,2.0,4.0,4.0,8.0,2.0,4.0
58,2010,20059,0.0,12.0,1.0,5.0,5.0,7.0,2.0,4.0
59,2010,20060,3.0,9.0,2.0,4.0,5.0,7.0,1.0,5.0
60,2010,20061,2.0,10.0,0.0,6.0,2.0,10.0,1.0,5.0
61,2010,20062,3.0,9.0,1.0,5.0,3.0,8.0,1.0,6.0
62,2010,20063,3.0,9.0,1.0,5.0,4.0,7.0,2.0,5.0
63,2010,20064,2.0,10.0,1.0,5.0,,,,
64,2010,20065,3.0,9.0,1.0,5.0,0.0,12.0,1.0,5.0
65,2010,20066,1.0,12.0,1.0,4.0,6.0,6.0,2.0,4.0
66,2010,20067,5.0,7.0,1.0,5.0,2.0,10.0,1.0,5.0
67,2010,20068,3.0,9.0,1.0,5.0,4.0,8.0,2.0,4.0
68,2010,20069,1.0,11.0,0.0,6.0,2.0,10.0,1.0,5.0
69,2010,20070,2.0,9.0,1.0,6.0,3.0,9.0,2.0,4.0
70,2010,20071,1.0,11.0,1.0,5.0,4.0,8.0,2.0,4.0
71,2010,20072,3.0,9.0,1.0,5.0,4.0,7.0,2.0,5.0
72,2010,20073,4.0,7.0,2.0,5.0,3.0,9.0,1.0,5.0
73,2010,20074,5.0,7.0,2.0,4.0,5.0,7.0,1.0,5.0
74,2010,20075,3.0,9.0,1.0,5.0,4.0,8.0,2.0,4.0
75,2010,20076,2.0,10.0,1.0,5.0,4.0,8.0,2.0,4.0
76,2010,20077,3.0,9.0,1.0,5.0,6.0,5.0,2.0,5.0
77,2010,20078,1.0,12.0,1.0,4.0,3.0,9.0,1.0,5.0
78,2010,20079,5.0,7.0,1.0,5.0,2.0,10.0,0.0,6.0
79,2010,20080,4.0,8.0,2.0,4.0,4.0,8.0,2.0,4.0
80,2010,20081,3.0,9.0,1.0,5.0,5.0,7.0,2.0,4.0
81,2010,20082,5.0,7.0,2.0,4.0,5.0,7.0,1.0,5.0
82,2010,20083,3.0,9.0,2.0,4.0,2.0,10.0,1.0,5.0
83,2010,20084,5.0,7.0,1.0,5.0,5.0,7.0,2.0,4.0
84,2010,20085,3.0,9.0,1.0,5.0,5.0,7.0,1.0,5.0
85,2010,20086,3.0,9.0,1.0,5.0,3.0,9.0,0.0,6.0
86,2010,20087,1.0,11.0,0.0,6.0,5.0,7.0,2.0,4.0
87,2010,20088,3.0,9.0,1.0,5.0,0.0,12.0,1.0,5.0
88,2010,20089,4.0,8.0,1.0,5.0,4.0,8.0,2.0,4.0
89,2010,20090,2.0,9.0,1.0,6.0,6.0,6.0,2.0,4.0
90,2010,20091,0.0,12.0,1.0,5.0,2.0,10.0,1.0,5.0
91,2010,20092,5.0,7.0,1.0,5.0,2.0,10.0,1.0,5.0
92,2010,20093,2.0,10.0,0.0,6.0,3.0,9.0,1.0,5.0
93,2010,20094,3.0,9.0,1.0,5.0,0.0,11.0,1.0,6.0
94,2010,20095,1.0,12.0,1.0,4.0,4.0,8.0,2.0,4.0
95,2010,20096,4.0,8.0,2.0,4.0,3.0,9.0,1.0,5.0
96,2010,20097,2.0,10.0,1.0,5.0,4.0,8.0,2.0,4.0
97,2010,20098,5.0,7.0,2.0,4.0,3.0,9.0,2.0,4.0
98,2010,20099,3.0,9.0,1.0,5.0,0.0,12.0,1.0,5.0
99,2010,20100,3.0,9.0,1.0,5.0,2.0,10.0,0.0,6.0
100,2010,20101,5.0,7.0,2.0,4.0,2.0,10.0,1.0,5.0
101,2010,20102,1.0,12.0,1.0,4.0,5.0,7.0,2.0,4.0
102,2010,20103,0.0,12.0,1.0,5.0,1.0,11.0,0.0,6.0
103,2010,20104,5.0,7.0,1.0,5.0,5.0,7.0,1.0,5.0
104,2010,20105,4.0,8.0,2.0,4.0,3.0,9.0,1.0,5.0
105,2010,20106,3.0,9.0,1.0,5.0,3.0,8.0,1.0,6.0
106,2010,20107,2.0,10.0,0.0,6.0,4.0,8.0,2.0,4.0
107,2010,20108,2.0,10.0,1.0,5.0,5.0,7.0,1.0,5.0
108,2010,20109,3.0,9.0,1.0,5.0,2.0,10.0,1.0,5.0
109,2010,20110,0.0,12.0,1.0,5.0,6.0,6.0,2.0,4.0
110,2010,20111,4.0,8.0,1.0,5.0,4.0,7.0,2.0,5.0
111,2010,20112,3.0,9.0,0.0,6.0,3.0,9.0,2.0,4.0
112,2010,20113,3.0,9.0,1.0,5.0,6.0,6.0,2.0,4.0
113,2010,20114,2.0,10.0,0.0,6.0,5.0,7.0,2.0,4.0
114,2010,20115,3.0,9.0,1.0,5.0,2.0,10.0,1.0,5.0
115,2010,20116,5.0,7.0,1.0,5.0,2.0,10.0,1.0,5.0
116,2010,20117,0.0,12.0,1.0,5.0,2.0,10.0,1.0,5.0
117,2010,20118,3.0,9.0,1.0,5.0,5.0,7.0,2.0,4.0
118,2010,20119,0.0,12.0,1.0,5.0,3.0,9.0,1.0,5.0
119,2010,20120,3.0,9.0,1.0,5.0,0.0,12.0,1.0,5.0
120,2010,20121,5.0,7.0,1.0,5.0,3.0,9.0,1.0,5.0
121,2010,20122,2.0,10.0,1.0,5.0,4.0,8.0,2.0,4.0
122,2010,20123,1.0,12.0,1.0,4.0,3.0,9.0,2.0,4.0
123,2010,20124,3.0,9.0,1.0,5.0,5.0,7.0,2.0,4.0
124,2010,20125,3.0,9.0,1.0,5.0,1.0,11.0,0.0,6.0
125,2010,20126,4.0,8.0,2.0,4.0,4.0,7.0,2.0,5.0
126,2010,20127,4.0,8.0,2.0,4.0,5.0,7.0,1.0,5.0
127,2010,20128,3.0,9.0,0.0,6.0,6.0,6.0,2.0,4.0
128,2010,20129,5.0,7.0,2.0,4.0,2.0,10.0,1.0,5.0
129,2010,20130,5.0,7.0,1.0,5.0,3.0,9.0,1.0,5.0
130,2010,20131,2.0,10.0,0.0,6.0,0.0,12.0,1.0,5.0
131,2010,20132,0.0,12.0,1.0,5.0,0.0,12.0,1.0,5.0
132,2010,20133,4.0,8.0,1.0,5.0,3.0,9.0,1.0,5.0
133,2010,20134,2.0,10.0,1.0,5.0,5.0,7.0,2.0,4.0
134,2010,20135,3.0,9.0,0.0,6.0,5.0,7.0,1.0,5.0
135,2010,20136,3.0,9.0,1.0,5.0,2.0,9.0,1.0,6.0
136,2010,20137,3.0,9.0,1.0,5.0,1.0,10.0,0.0,7.0
137,2010,20138,3.0,9.0,1.0,5.0,3.0,9.0,2.0,4.0
138,2010,20139,5.0,7.0,2.0,4.0,4.0,8.0,2.0,4.0
139,2010,20140,1.0,12.0,1.0,4.0,3.0,9.0,1.0,5.0
140,2010,20141,3.0,9.0,2.0,4.0,0.0,12.0,1.0,5.0
141,2010,20142,5.0,7.0,1.0,5.0,3.0,9.0,0.0,6.0
142,2010,20143,3.0,9.0,2.0,4.0,2.0,10.0,1.0,5.0
143,2010,20144,0.0,12.0,1.0,5.0,3.0,9.0,2.0,4.0
144,2010,20145,5.0,7.0,2.0,4.0,1.0,11.0,1.0,5.0
145,2010,20146,1.0,11.0,0.0,6.0,5.0,7.0,2.0,4.0
146,2010,20147,3.0,9.0,1.0,5.0,3.0,9.0,2.0,4.0
147,2010,20148,5.0,7.0,1.0,5.0,,,,
148,2010,20149,1.0,12.0,1.0,4.0,3.0,9.0,1.0,5.0
149,2010,20150,3.0,8.0,2.0,5.0,2.0,10.0,1.0,5.0
150,2010,20151,3.0,9.0,1.0,5.0,3.0,9.0,1.0,5.0
151,2010,20152,2.0,10.0,0.0,6.0,2.0,9.0,1.0,6.0
152,2010,20153,3.0,9.0,1.0,5.0,4.0,8.0,2.0,4.0
153,2010,20154,3.0,9.0,1.0,5.0,5.0,7.0,2.0,4.0
154,2010,20155,5.0,7.0,1.0,5.0,3.0,9.0,0.0,6.0
155,2010,20156,5.0,7.0,1.0,5.0,6.0,6.0,2.0,4.0
156,2010,20157,3.0,8.0,2.0,5.0,3.0,9.0,2.0,4.0
157,2010,20158,3.0,9.0,1.0,5.0,4.0,8.0,2.0,4.0
158,2010,20159,2.0,10.0,0.0,6.0,4.0,8.0,2.0,4.0
159,2010,20160,1.0,11.0,1.0,5.0,2.0,10.0,1.0,5.0
160,2010,20161,2.0,10.0,0.0,6.0,3.0,9.0,2.0,4.0
161,2010,20162,2.0,10.0,1.0,5.0,6.0,6.0,2.0,4.0
162,2010,20163,0.0,12.0,1.0,5.0,5.0,7.0,2.0,4.0
163,2010,20164,5.0,7.0,2.0,4.0,4.0,8.0,1.0,5.0
164,2010,20165,2.0,10.0,1.0,5.0,5.0,7.0,2.0,4.0
165,2010,20166,3.0,9.0,1.0,5.0,1.0,11.0,0.0,6.0
166,2010,20167,1.0,12.0,1.0,4.0,0.0,12.0,1.0,5.0
167,2010,20168,3.0,7.0,2.0,6.0,2.0,10.0,0.0,6.0
168,2010,20169,3.0,9.0,1.0,5.0,4.0,8.0,2.0,4.0
169,2010,20170,3.0,9.0,1.0,5.0,5.0,7.0,1.0,5.0
170,2010,20171,3.0,9.0,1.0,5.0,3.0,9.0,1.0,5.0
171,2010,20172,5.0,7.0,1.0,5.0,4.0,8.0,2.0,4.0
172,2010,20173,3.0,9.0,2.0,4.0,4.0,8.0,2.0,4.0
173,2010,20174,1.0,12.0,1.0,4.0,2.0,10.0,0.0,6.0
174,2010,20175,1.0,11.0,0.0,6.0,1.0,11.0,1.0,5.0
175,2010,20176,6.0,6.0,2.0,4.0,3.0,9.0,1.0,5.0
176,2010,20177,2.0,10.0,1.0,5.0,5.0,7.0,2.0,4.0
177,2010,20178,5.0,7.0,2.0,4.0,4.0,8.0,1.0,5.0
178,2010,20179,2.0,10.0,0.0,6.0,2.0,10.0,2.0,4.0
179,2010,20180,5.0,7.0,2.0,4.0,5.0,7.0,2.0,4.0
180,2010,20181,4.0,8.0,1.0,5.0,2.0,10.0,2.0,4.0
181,2010,20182,3.0,9.0,2.0,4.0,0.0,12.0,1.0,5.0
182,2010,20183,3.0,9.0,1.0,5.0,2.0,10.0,1.0,5.0
183,2010,20184,3.0,9.0,1.0,5.0,3.0,9.0,1.0,5.0
184,2010,20185,5.0,7.0,1.0,5.0,0.0,12.0,1.0,5.0
185,2010,20186,5.0,7.0,1.0,5.0,4.0,8.0,2.0,4.0
186,2010,20187,5.0,7.0,2.0,4.0,3.0,9.0,1.0,5.0
187,2010,20188,5.0,7.0,2.0,4.0,3.0,8.0,1.0,6.0
188,2010,20189,3.0,9.0,1.0,5.0,2.0,10.0,1.0,5.0
189,2010,20190,3.0,9.0,2.0,4.0,1.0,11.0,1.0,5.0
190,2010,20191,1.0,11.0,0.0,6.0,4.0,8.0,2.0,4.0
191,2010,20192,3.0,9.0,2.0,4.0,0.0,12.0,1.0,5.0
192,2010,20193,1.0,12.0,1.0,4.0,3.0,8.0,2.0,5.0
193,2010,20194,2.0,10.0,0.0,6.0,2.0,10.0,1.0,5.0
194,2010,20195,2.0,10.0,1.0,5.0,3.0,9.0,1.0,5.0
195,2010,20196,2.0,10.0,1.0,5.0,4.0,8.0,2.0,4.0
196,2010,20197,5.0,7.0,1.0,5.0,5.0,7.0,2.0,4.0
197,2010,20198,5.0,7.0,2.0,4.0,4.0,8.0,2.0,4.0
198,2010,20199,5.0,7.0,2.0,4.0,5.0,7.0,2.0,4.0
199,2010,20200,3.0,9.0,2.0,4.0,3.0,8.0,1.0,6.0
200,2010,20201,4.0,7.0,2.0,5.0,0.0,12.0,1.0,5.0
201,2010,20202,5.0,7.0,1.0,5.0,2.0,10.0,1.0,5.0
202,2010,20203,5.0,7.0,2.0,4.0,2.0,10.0,1.0,5.0
203,2010,20204,3.0,9.0,2.0,4.0,5.0,7.0,2.0,4.0
204,2010,20205,3.0,9.0,1.0,5.0,0.0,12.0,1.0,5.0
205,2010,20206,3.0,9.0,2.0,4.0,5.0,7.0,2.0,4.0
206,2010,20207,1.0,12.0,1.0,4.0,1.0,11.0,1.0,5.0
207,2010,20208,4.0,7.0,2.0,5.0,2.0,10.0,1.0,5.0
208,2010,20209,3.0,9.0,1.0,5.0,2.0,10.0,1.0,5.0
209,2010,20210,5.0,7.0,1.0,5.0,5.0,7.0,2.0,4.0
210,2010,20211,3.0,9.0,1.0,5.0,2.0,10.0,0.0,6.0
211,2010,20212,4.0,8.0,2.0,4.0,4.0,8.0,2.0,4.0
212,2010,20213,2.0,10.0,0.0,6.0,3.0,8.0,1.0,6.0
213,2010,20214,0.0,12.0,1.0,5.0,2.0,10.0,1.0,5.0
214,2010,20215,4.0,7.0,2.0,5.0,2.0,10.0,1.0,5.0
215,2010,20216,5.0,7.0,1.0,5.0,1.0,11.0,0.0,6.0
216,2010,20217,4.0,8.0,2.0,4.0,3.0,9.0,2.0,4.0
217,2010,20218,3.0,9.0,1.0,5.0,4.0,8.0,2.0,4.0
218,2010,20219,4.0,7.0,2.0,5.0,5.0,7.0,2.0,4.0
219,2010,20220,3.0,9.0,1.0,5.0,5.0,7.0,2.0,4.0
220,2010,20221,1.0,12.0,1.0,4.0,2.0,10.0,1.0,5.0
221,2010,20222,5.0,7.0,2.0,4.0,0.0,11.0,1.0,6.0
222,2010,20223,1.0,11.0,1.0,5.0,5.0,7.0,2.0,4.0
223,2010,20224,3.0,9.0,1.0,5.0,3.0,9.0,1.0,5.0
224,2010,20225,3.0,9.0,1.0,5.0,5.0,7.0,2.0,4.0
225,2010,20226,1.0,11.0,0.0,6.0,6.0,6.0,2.0,4.0
226,2010,20227,0.0,11.0,1.0,6.0,2.0,10.0,0.0,6.0
227,2010,20228,4.0,8.0,2.0,4.0,3.0,8.0,2.0,5.0
228,2010,20229,1.0,11.0,0.0,6.0,2.0,10.0,1.0,5.0
229,2010,20230,0.0,12.0,1.0,5.0,2.0,10.0,1.0,5.0
230,2010,20231,3.0,9.0,1.0,5.0,2.0,10.0,1.0,5.0
231,2010,20232,5.0,7.0,1.0,5.0,3.0,9.0,1.0,5.0
232,2010,20233,4.0,8.0,2.0,4.0,1.0,11.0,1.0,5.0
233,2010,20234,3.0,9.0,1.0,5.0,5.0,7.0,2.0,4.0
234,2010,20235,2.0,10.0,1.0,5.0,5.0,7.0,2.0,4.0
235,2010,20236,3.0,9.0,1.0,5.0,3.0,9.0,2.0,4.0
236,2010,20237,0.0,12.0,1.0,5.0,5.0,7.0,2.0,4.0
237,2010,20238,1.0,12.0,1.0,4.0,4.0,8.0,2.0,4.0
238,2010,20239,2.0,10.0,1.0,5.0,5.0,7.0,2.0,4.0
239,2010,20240,4.0,8.0,2.0,4.0,4.0,8.0,2.0,4.0
240,2010,20241,2.0,10.0,1.0,5.0,3.0,9.0,1.0,5.0
241,2010,20242,3.0,9.0,1.0,5.0,6.0,6.0,2.0,4.0
242,2010,20243,5.0,7.0,2.0,4.0,1.0,12.0,0.0,5.0
243,2010,20244,0.0,12.0,1.0,5.0,4.0,8.0,2.0,4.0
244,2010,20245,1.0,12.0,1.0,4.0,5.0,7.0,2.0,4.0
245,2010,20246,2.0,10.0,0.0,6.0,3.0,9.0,2.0,4.0
246,2010,20247,5.0,7.0,1.0,5.0,4.0,8.0,2.0,4.0
247,2010,20248,4.0,8.0,2.0,4.0,2.0,10.0,0.0,6.0
248,2010,20249,3.0,9.0,1.0,5.0,5.0,7.0,2.0,4.0
249,2010,20250,1.0,11.0,1.0,5.0,5.0,7.0,2.0,4.0
250,2010,20251,4.0,8.0,2.0,4.0,3.0,9.0,2.0,4.0
251,2010,20252,2.0,10.0,1.0,5.0,3.0,9.0,1.0,5.0
252,2010,20253,5.0,7.0,2.0,4.0,6.0,6.0,2.0,4.0
253,2010,20254,4.0,8.0,2.0,4.0,2.0,10.0,1.0,5.0
254,2010,20255,3.0,9.0,1.0,5.0,5.0,7.0,2.0,4.0
255,2010,20256,5.0,7.0,1.0,5.0,3.0,9.0,1.0,5.0
256,2010,20257,1.0,11.0,0.0,6.0,3.0,9.0,2.0,4.0
257,2010,20258,4.0,8.0,2.0,4.0,4.0,8.0,2.0,4.0
258,2010,20259,4.0,8.0,2.0,4.0,5.0,7.0,2.0,4.0
259,2010,20260,3.0,9.0,1.0,5.0,5.0,7.0,2.0,4.0
260,2010,20261,3.0,9.0,2.0,4.0,1.0,11.0,1.0,5.0
261,2010,20262,1.0,12.0,1.0,4.0,0.0,12.0,1.0,5.0
262,2010,20263,5.0,7.0,2.0,4.0,3.0,9.0,1.0,5.0
263,2010,20264,5.0,7.0,1.0,5.0,2.0,10.0,0.0,6.0
264,2010,20265,2.0,10.0,1.0,5.0,6.0,6.0,2.0,4.0
265,2010,20266,3.0,9.0,1.0,5.0,2.0,10.0,1.0,5.0
266,2010,20267,4.0,8.0,2.0,4.0,0.0,12.0,1.0,5.0
267,2010,20268,2.0,10.0,0.0,6.0,5.0,7.0,2.0,4.0
268,2010,20269,4.0,8.0,2.0,4.0,0.0,12.0,1.0,5.0
269,2010,20270,2.0,10.0,0.0,6.0,2.0,10.0,1.0,5.0
270,2010,20271,5.0,7.0,2.0,4.0,3.0,9.0,2.0,4.0
271,2010,20272,3.0,9.0,1.0,5.0,4.0,8.0,2.0,4.0
272,2010,20273,3.0,9.0,1.0,5.0,6.0,6.0,2.0,4.0
273,2010,20274,3.0,9.0,1.0,5.0,4.0,8.0,2.0,4.0
274,2010,20275,5.0,7.0,2.0,4.0,2.0,10.0,1.0,5.0
275,2010,20276,3.0,9.0,1.0,5.0,5.0,7.0,2.0,4.0
276,2010,20277,1.0,12.0,1.0,4.0,5.0,7.0,2.0,4.0
277,2010,20278,1.0,11.0,1.0,5.0,3.0,9.0,1.0,5.0
278,2010,20279,2.0,10.0,1.0,5.0,4.0,8.0,2.0,4.0
279,2010,20280,2.0,10.0,1.0,5.0,4.0,8.0,2.0,4.0
280,2010,20281,0.0,12.0,1.0,5.0,2.0,10.0,1.0,5.0
281,2010,20282,5.0,7.0,1.0,5.0,2.0,10.0,0.0,6.0
282,2010,20283,5.0,7.0,2.0,4.0,5.0,7.0,2.0,4.0
283,2010,20284,3.0,9.0,1.0,5.0,3.0,8.0,2.0,5.0
284,2010,20285,3.0,8.0,1.0,6.0,2.0,10.0,1.0,5.0
285,2010,20286,0.0,12.0,1.0,5.0,1.0,11.0,0.0,6.0
286,2010,20287,5.0,7.0,2.0,4.0,4.0,8.0,2.0,4.0
287,2010,20288,3.0,9.0,1.0,5.0,3.0,9.0,1.0,5.0
288,2010,20289,2.0,10.0,0.0,6.0,3.0,9.0,1.0,5.0
289,2010,20290,2.0,10.0,1.0,5.0,4.0,8.0,2.0,4.0
290,2010,20291,2.0,10.0,1.0,5.0,3.0,9.0,1.0,5.0
291,2010,20292,4.0,8.0,2.0,4.0,5.0,7.0,2.0,4.0
292,2010,20293,2.0,10.0,0.0,6.0,6.0,6.0,2.0,4.0
293,2010,20294,1.0,12.0,1.0,4.0,1.0,11.0,0.0,6.0
294,2010,20295,2.0,10.0,1.0,5.0,5.0,7.0,2.0,4.0
295,2010,20296,4.0,8.0,1.0,5.0,0.0,12.0,1.0,5.0
296,2010,20297,3.0,9.0,1.0,5.0,5.0,7.0,2.0,4.0
297,2010,20298,3.0,9.0,1.0,5.0,2.0,10.0,1.0,5.0
298,2010,20299,2.0,10.0,0.0,6.0,4.0,8.0,2.0,4.0
299,2010,20300,2.0,10.0,1.0,5.0,4.0,8.0,2.0,4.0
300,2010,20301,3.0,8.0,1.0,6.0,5.0,7.0,2.0,4.0
301,2010,20302,2.0,10.0,0.0,6.0,3.0,9.0,1.0,5.0
302,2010,20303,5.0,7.0,2.0,4.0,1.0,11.0,0.0,6.0
303,2010,20304,5.0,7.0,2.0,4.0,3.0,8.0,2.0,5.0
304,2010,20305,0.0,12.0,1.0,5.0,4.0,8.0,2.0,4.0
305,2010,20306,0.0,12.0,1.0,5.0,3.0,9.0,1.0,5.0
306,2010,20307,3.0,9.0,1.0,5.0,4.0,8.0,2.0,4.0
307,2010,20308,2.0,10.0,0.0,6.0,1.0,11.0,0.0,6.0
308,2010,20309,3.0,9.0,1.0,5.0,4.0,8.0,1.0,5.0
309,2010,20310,1.0,12.0,1.0,4.0,5.0,7.0,2.0,4.0
310,2010,20311,5.0,6.0,2.0,5.0,3.0,9.0,1.0,5.0
311,2010,20312,3.0,9.0,1.0,5.0,1.0,11.0,0.0,6.0
312,2010,20313,3.0,9.0,1.0,5.0,2.0,10.0,0.0,6.0
313,2010,20314,4.0,8.0,2.0,4.0,3.0,9.0,2.0,4.0
314,2010,20315,5.0,7.0,2.0,4.0,0.0,12.0,1.0,5.0
315,2010,20316,3.0,9.0,2.0,4.0,3.0,8.0,1.0,6.0
316,2010,20317,2.0,10.0,1.0,5.0,5.0,7.0,2.0,4.0
317,2010,20318,2.0,10.0,1.0,5.0,5.0,7.0,2.0,4.0
318,2010,20319,4.0,8.0,2.0,4.0,6.0,6.0,1.0,5.0
319,2010,20320,2.0,10.0,1.0,5.0,0.0,12.0,1.0,5.0
320,2010,20321,5.0,7.0,2.0,4.0,3.0,9.0,1.0,5.0
321,2010,20322,2.0,10.0,0.0,6.0,1.0,11.0,0.0,6.0
322,2010,20323,3.0,9.0,1.0,5.0,5.0,7.0,2.0,4.0
323,2010,20324,1.0,11.0,1.0,5.0,4.0,8.0,2.0,4.0
324,2010,20325,2.0,10.0,1.0,5.0,3.0,9.0,2.0,4.0
325,2010,20326,4.0,8.0,1.0,5.0,4.0,8.0,2.0,4.0
326,2010,20327,3.0,9.0,2.0,4.0,5.0,7.0,1.0,5.0
327,2010,20328,2.0,10.0,0.0,6.0,5.0,7.0,2.0,4.0
328,2010,20329,3.0,9.0,1.0,5.0,2.0,10.0,1.0,5.0
329,2010,20330,1.0,12.0,1.0,4.0,3.0,9.0,1.0,5.0
330,2010,20331,0.0,12.0,1.0,5.0,4.0,8.0,2.0,4.0
331,2010,20332,3.0,9.0,1.0,5.0,3.0,9.0,1.0,5.0
332,2010,20333,6.0,5.0,1.0,6.0,5.0,7.0,2.0,4.0
333,2010,20334,5.0,7.0,2.0,4.0,,,,
334,2010,20335,3.0,9.0,1.0,5.0,4.0,8.0,2.0,4.0
335,2010,20336,3.0,9.0,1.0,5.0,3.0,9.0,1.0,5.0
336,2010,20337,1.0,11.0,1.0,5.0,2.0,10.0,1.0,5.0
337,2010,20338,0.0,12.0,1.0,5.0,3.0,9.0,2.0,4.0
338,2010,20339,3.0,9.0,1.0,5.0,3.0,9.0,1.0,5.0
339,2010,20340,3.0,9.0,2.0,4.0,3.0,8.0,2.0,5.0
340,2010,20341,4.0,8.0,0.0,6.0,3.0,9.0,1.0,5.0
341,2010,20342,2.0,10.0,1.0,5.0,2.0,10.0,1.0,5.0
342,2010,20343,0.0,12.0,1.0,5.0,6.0,6.0,1.0,5.0
343,2010,20344,4.0,7.0,2.0,5.0,5.0,7.0,2.0,4.0
344,2010,20345,3.0,9.0,1.0,5.0,5.0,7.0,2.0,4.0
345,2010,20346,1.0,12.0,1.0,4.0,4.0,8.0,2.0,4.0
346,2010,20347,2.0,10.0,0.0,6.0,5.0,7.0,2.0,4.0
347,2010,20348,4.0,8.0,2.0,4.0,4.0,8.0,2.0,4.0
348,2010,20349,3.0,9.0,1.0,5.0,3.0,9.0,1.0,5.0
349,2010,20350,0.0,12.0,1.0,5.0,1.0,11.0,1.0,5.0
350,2010,20351,3.0,9.0,1.0,5.0,2.0,10.0,1.0,5.0
351,2010,20352,5.0,7.0,1.0,5.0,5.0,7.0,2.0,4.0
352,2010,20353,4.0,7.0,2.0,5.0,2.0,10.0,1.0,5.0
353,2010,20354,3.0,9.0,2.0,4.0,3.0,9.0,1.0,5.0
354,2010,20355,3.0,8.0,2.0,5.0,3.0,9.0,1.0,5.0
355,2010,20356,1.0,11.0,2.0,4.0,2.0,10.0,1.0,5.0
356,2010,20357,5.0,7.0,2.0,4.0,6.0,6.0,1.0,5.0
357,2010,20358,0.0,12.0,1.0,5.0,3.0,9.0,1.0,5.0
358,2010,20359,5.0,7.0,2.0,4.0,5.0,7.0,2.0,4.0
359,2010,20360,2.0,10.0,0.0,6.0,3.0,9.0,2.0,4.0
360,2010,20361,3.0,9.0,1.0,5.0,5.0,7.0,2.0,4.0
361,2010,20362,3.0,9.0,1.0,5.0,3.0,9.0,1.0,5.0
362,2010,20363,3.0,9.0,1.0,5.0,5.0,7.0,2.0,4.0
363,2010,20364,5.0,7.0,1.0,5.0,0.0,12.0,1.0,5.0
364,2010,20365,5.0,7.0,2.0,4.0,4.0,7.0,2.0,5.0
365,2010,20366,0.0,12.0,1.0,5.0,2.0,10.0,1.0,5.0
366,2010,20367,3.0,9.0,0.0,6.0,2.0,10.0,0.0,6.0
367,2010,20368,1.0,11.0,0.0,6.0,4.0,8.0,2.0,4.0
368,2010,20369,1.0,10.0,2.0,5.0,4.0,8.0,2.0,4.0
369,2010,20370,1.0,11.0,1.0,5.0,6.0,6.0,1.0,5.0
370,2010,20371,3.0,9.0,1.0,5.0,5.0,7.0,2.0,4.0
371,2010,20372,0.0,12.0,1.0,5.0,5.0,7.0,2.0,4.0
372,2010,20373,1.0,11.0,0.0,6.0,4.0,8.0,2.0,4.0
373,2010,20374,3.0,9.0,1.0,5.0,2.0,10.0,1.0,5.0
374,2010,20375,4.0,8.0,1.0,5.0,2.0,10.0,0.0,6.0
375,2010,20376,3.0,9.0,1.0,5.0,3.0,9.0,1.0,5.0
376,2010,20377,3.0,8.0,2.0,5.0,5.0,7.0,2.0,4.0
377,2010,20378,4.0,8.0,1.0,5.0,5.0,7.0,2.0,4.0
378,2010,20379,2.0,10.0,0.0,6.0,5.0,7.0,2.0,4.0
379,2010,20380,3.0,9.0,0.0,6.0,6.0,6.0,1.0,5.0
380,2010,20381,5.0,7.0,2.0,4.0,2.0,10.0,1.0,5.0
381,2010,20382,3.0,8.0,1.0,6.0,1.0,11.0,1.0,5.0
382,2010,20383,1.0,11.0,2.0,4.0,5.0,7.0,2.0,4.0
383,2010,20384,2.0,10.0,0.0,6.0,3.0,9.0,2.0,4.0
384,2010,20385,2.0,10.0,1.0,5.0,4.0,8.0,2.0,4.0
385,2010,20386,3.0,9.0,1.0,5.0,3.0,9.0,2.0,4.0
386,2010,20387,3.0,8.0,1.0,6.0,3.0,9.0,1.0,5.0
387,2010,20388,0.0,12.0,1.0,5.0,3.0,9.0,1.0,5.0
388,2010,20389,0.0,12.0,1.0,5.0,3.0,9.0,1.0,5.0
389,2010,20390,5.0,7.0,2.0,4.0,5.0,6.0,2.0,5.0
390,2010,20391,1.0,11.0,0.0,6.0,5.0,7.0,2.0,4.0
391,2010,20392,4.0,8.0,2.0,4.0,1.0,11.0,1.0,5.0
392,2010,20393,3.0,9.0,1.0,5.0,3.0,8.0,2.0,5.0
393,2010,20394,4.0,8.0,1.0,5.0,3.0,9.0,1.0,5.0
394,2010,20395,2.0,10.0,1.0,5.0,5.0,7.0,2.0,4.0
395,2010,20396,2.0,9.0,0.0,7.0,3.0,9.0,2.0,4.0
396,2010,20397,2.0,10.0,1.0,5.0,5.0,7.0,2.0,4.0
397,2010,20398,1.0,11.0,2.0,4.0,3.0,9.0,2.0,4.0
398,2010,20399,5.0,7.0,2.0,4.0,6.0,5.0,2.0,5.0
399,2010,20400,2.0,10.0,0.0,6.0,3.0,9.0,1.0,5.0
400,2010,20401,5.0,7.0,2.0,4.0,3.0,9.0,1.0,5.0
401,2010,20402,3.0,9.0,0.0,6.0,1.0,11.0,1.0,5.0
402,2010,20403,2.0,10.0,1.0,5.0,0.0,12.0,1.0,5.0
403,2010,20404,3.0,9.0,1.0,5.0,4.0,8.0,2.0,4.0
404,2010,20405,5.0,7.0,1.0,5.0,0.0,12.0,1.0,5.0
405,2010,20406,5.0,7.0,2.0,4.0,6.0,6.0,2.0,4.0
406,2010,20407,3.0,9.0,2.0,4.0,2.0,10.0,1.0,5.0
407,2010,20408,5.0,7.0,2.0,4.0,4.0,8.0,2.0,4.0
408,2010,20409,2.0,9.0,2.0,5.0,3.0,8.0,1.0,6.0
409,2010,20410,5.0,7.0,1.0,5.0,4.0,8.0,2.0,4.0
410,2010,20411,5.0,7.0,2.0,4.0,1.0,11.0,0.0,6.0
411,2010,20412,3.0,9.0,1.0,5.0,6.0,6.0,2.0,4.0
412,2010,20413,5.0,7.0,2.0,4.0,2.0,10.0,1.0,5.0
413,2010,20414,0.0,12.0,1.0,5.0,5.0,7.0,2.0,4.0
414,2010,20415,4.0,8.0,2.0,4.0,1.0,11.0,1.0,5.0
415,2010,20416,2.0,10.0,0.0,6.0,2.0,10.0,1.0,5.0
416,2010,20417,3.0,9.0,1.0,5.0,3.0,9.0,1.0,5.0
417,2010,20418,3.0,9.0,1.0,5.0,5.0,7.0,2.0,4.0
418,2010,20419,5.0,7.0,2.0,4.0,3.0,9.0,1.0,5.0
419,2010,20420,2.0,10.0,0.0,6.0,1.0,11.0,1.0,5.0
420,2010,20421,1.0,11.0,2.0,4.0,2.0,10.0,1.0,5.0
421,2010,20422,3.0,9.0,1.0,5.0,3.0,9.0,1.0,5.0
422,2010,20423,0.0,12.0,1.0,5.0,4.0,8.0,2.0,4.0
423,2010,20424,4.0,8.0,1.0,5.0,3.0,9.0,1.0,5.0
424,2010,20425,5.0,7.0,2.0,4.0,5.0,7.0,2.0,4.0
425,2010,20426,3.0,9.0,1.0,5.0,3.0,9.0,2.0,4.0
426,2010,20427,3.0,8.0,1.0,6.0,2.0,10.0,1.0,5.0
427,2010,20428,5.0,7.0,2.0,4.0,2.0,10.0,0.0,6.0
428,2010,20429,1.0,11.0,2.0,4.0,1.0,11.0,0.0,6.0
429,2010,20430,1.0,10.0,1.0,6.0,5.0,7.0,1.0,5.0
430,2010,20431,2.0,10.0,0.0,6.0,4.0,8.0,2.0,4.0
431,2010,20432,3.0,9.0,1.0,5.0,2.0,10.0,1.0,5.0
432,2010,20433,0.0,12.0,1.0,5.0,3.0,9.0,2.0,4.0
433,2010,20434,3.0,9.0,1.0,5.0,3.0,9.0,1.0,5.0
434,2010,20435,4.0,7.0,2.0,5.0,5.0,7.0,1.0,5.0
435,2010,20436,5.0,7.0,2.0,4.0,3.0,9.0,1.0,5.0
436,2010,20437,2.0,8.0,2.0,6.0,6.0,6.0,2.0,4.0
437,2010,20438,4.0,8.0,2.0,4.0,5.0,7.0,1.0,5.0
438,2010,20439,0.0,12.0,1.0,5.0,5.0,7.0,1.0,5.0
439,2010,20440,3.0,8.0,1.0,6.0,3.0,9.0,1.0,5.0
440,2010,20441,5.0,7.0,2.0,4.0,5.0,7.0,2.0,4.0
441,2010,20442,1.0,11.0,2.0,4.0,1.0,11.0,1.0,5.0
442,2010,20443,3.0,9.0,2.0,4.0,1.0,11.0,0.0,6.0
443,2010,20444,2.0,8.0,2.0,6.0,1.0,11.0,1.0,5.0
444,2010,20445,2.0,10.0,0.0,6.0,3.0,9.0,1.0,5.0
445,2010,20446,3.0,9.0,1.0,5.0,6.0,6.0,2.0,4.0
446,2010,20447,5.0,7.0,2.0,4.0,3.0,9.0,2.0,4.0
447,2010,20448,0.0,12.0,1.0,5.0,2.0,10.0,1.0,5.0
448,2010,20449,5.0,7.0,2.0,4.0,4.0,8.0,1.0,5.0
449,2010,20450,2.0,10.0,0.0,6.0,3.0,9.0,1.0,5.0
450,2010,20451,4.0,8.0,2.0,4.0,3.0,9.0,2.0,4.0
451,2010,20452,4.0,7.0,1.0,6.0,4.0,8.0,2.0,4.0
452,2010,20453,5.0,7.0,2.0,4.0,2.0,10.0,0.0,6.0
453,2010,20454,4.0,8.0,1.0,5.0,5.0,7.0,2.0,4.0
454,2010,20455,1.0,11.0,2.0,4.0,5.0,6.0,2.0,5.0
455,2010,20456,3.0,9.0,1.0,5.0,0.0,12.0,1.0,5.0
456,2010,20457,2.0,10.0,2.0,4.0,6.0,6.0,2.0,4.0
457,2010,20458,2.0,8.0,2.0,6.0,1.0,11.0,1.0,5.0
458,2010,20459,2.0,10.0,0.0,6.0,5.0,7.0,1.0,5.0
459,2010,20460,4.0,7.0,1.0,6.0,1.0,11.0,0.0,6.0
460,2010,20461,3.0,9.0,2.0,4.0,3.0,9.0,1.0,5.0
461,2010,20462,1.0,11.0,2.0,4.0,3.0,9.0,1.0,5.0
462,2010,20463,5.0,7.0,2.0,4.0,4.0,8.0,1.0,5.0
463,2010,20464,5.0,7.0,2.0,4.0,2.0,10.0,0.0,6.0
464,2010,20465,3.0,9.0,1.0,5.0,1.0,11.0,1.0,5.0
465,2010,20466,3.0,9.0,1.0,5.0,6.0,6.0,2.0,4.0
466,2010,20467,3.0,9.0,1.0,5.0,2.0,10.0,1.0,5.0
467,2010,20468,2.0,10.0,0.0,6.0,0.0,12.0,1.0,5.0
468,2010,20469,2.0,10.0,0.0,6.0,2.0,10.0,2.0,4.0
469,2010,20470,4.0,8.0,1.0,5.0,0.0,12.0,1.0,5.0
470,2010,20471,2.0,8.0,2.0,6.0,5.0,7.0,2.0,4.0
471,2010,20472,1.0,11.0,1.0,5.0,1.0,11.0,1.0,5.0
472,2010,20473,3.0,9.0,2.0,4.0,5.0,7.0,1.0,5.0
473,2010,20474,5.0,7.0,2.0,4.0,4.0,8.0,2.0,4.0
474,2010,20475,1.0,11.0,0.0,6.0,3.0,9.0,1.0,5.0
475,2010,20476,5.0,7.0,1.0,5.0,3.0,9.0,1.0,5.0
476,2010,20477,1.0,11.0,2.0,4.0,2.0,10.0,0.0,6.0
477,2010,20478,2.0,10.0,0.0,6.0,3.0,9.0,1.0,5.0
478,2010,20479,4.0,8.0,1.0,5.0,5.0,6.0,2.0,5.0
479,2010,20480,6.0,6.0,2.0,4.0,2.0,10.0,0.0,6.0
480,2010,20481,5.0,7.0,2.0,4.0,2.0,10.0,2.0,4.0
481,2010,20482,3.0,9.0,1.0,5.0,3.0,9.0,1.0,5.0
482,2010,20483,2.0,10.0,1.0,5.0,5.0,7.0,2.0,4.0
483,2010,20484,1.0,11.0,1.0,5.0,4.0,8.0,2.0,4.0
484,2010,20485,3.0,9.0,1.0,5.0,5.0,7.0,2.0,4.0
485,2010,20486,2.0,8.0,2.0,6.0,5.0,7.0,2.0,4.0
486,2010,20487,1.0,10.0,1.0,6.0,4.0,8.0,1.0,5.0
487,2010,20488,5.0,7.0,1.0,5.0,4.0,8.0,2.0,4.0
488,2010,20489,1.0,11.0,2.0,4.0,2.0,9.0,1.0,6.0
489,2010,20490,0.0,12.0,1.0,5.0,5.0,7.0,1.0,5.0
490,2010,20491,3.0,9.0,1.0,5.0,4.0,8.0,2.0,4.0
491,2010,20492,3.0,9.0,1.0,5.0,5.0,6.0,2.0,5.0
492,2010,20493,2.0,10.0,1.0,5.0,5.0,7.0,2.0,4.0
493,2010,20494,3.0,9.0,1.0,5.0,3.0,9.0,1.0,5.0
494,2010,20495,5.0,7.0,1.0,5.0,4.0,8.0,1.0,5.0
495,2010,20496,2.0,10.0,0.0,6.0,5.0,7.0,2.0,4.0
496,2010,20497,1.0,11.0,2.0,4.0,2.0,10.0,1.0,5.0
497,2010,20498,2.0,10.0,0.0,6.0,3.0,9.0,1.0,5.0
498,2010,20499,3.0,9.0,1.0,5.0,4.0,8.0,1.0,5.0
499,2010,20500,1.0,10.0,1.0,6.0,5.0,7.0,2.0,4.0
500,2010,20501,0.0,12.0,1.0,5.0,6.0,6.0,2.0,4.0
501,2010,20502,1.0,11.0,0.0,6.0,5.0,6.0,2.0,5.0
502,2010,20503,0.0,12.0,1.0,5.0,4.0,8.0,2.0,4.0
503,2010,20504,5.0,7.0,2.0,4.0,5.0,7.0,2.0,4.0
504,2010,20505,2.0,8.0,2.0,6.0,3.0,9.0,2.0,4.0
505,2010,20506,1.0,11.0,2.0,4.0,4.0,8.0,2.0,4.0
506,2010,20507,4.0,8.0,1.0,5.0,0.0,12.0,1.0,5.0
507,2010,20508,2.0,9.0,0.0,7.0,1.0,10.0,0.0,7.0
508,2010,20509,2.0,10.0,2.0,4.0,5.0,7.0,2.0,4.0
509,2010,20510,4.0,8.0,2.0,4.0,5.0,7.0,2.0,4.0
510,2010,20511,3.0,9.0,1.0,5.0,4.0,8.0,0.0,6.0
511,2010,20512,2.0,10.0,0.0,6.0,5.0,7.0,2.0,4.0
512,2010,20513,4.0,8.0,2.0,4.0,2.0,10.0,1.0,5.0
513,2010,20514,3.0,9.0,2.0,4.0,1.0,11.0,1.0,5.0
514,2010,20515,3.0,9.0,1.0,5.0,3.0,9.0,1.0,5.0
515,2010,20516,1.0,11.0,1.0,5.0,3.0,9.0,1.0,5.0
516,2010,20517,0.0,12.0,1.0,5.0,5.0,7.0,2.0,4.0
517,2010,20518,3.0,9.0,1.0,5.0,6.0,6.0,2.0,4.0
518,2010,20519,1.0,11.0,1.0,5.0,4.0,8.0,2.0,4.0
519,2010,20520,2.0,10.0,0.0,6.0,2.0,10.0,1.0,5.0
520,2010,20521,4.0,8.0,0.0,6.0,1.0,10.0,0.0,7.0
521,2010,20522,3.0,9.0,1.0,5.0,5.0,7.0,2.0,4.0
522,2010,20523,1.0,11.0,2.0,4.0,5.0,7.0,2.0,4.0
523,2010,20524,2.0,10.0,0.0,6.0,3.0,8.0,2.0,5.0
524,2010,20525,2.0,10.0,2.0,4.0,2.0,10.0,1.0,5.0
525,2010,20526,4.0,8.0,2.0,4.0,3.0,9.0,1.0,5.0
526,2010,20527,3.0,9.0,1.0,5.0,2.0,10.0,1.0,5.0
527,2010,20528,0.0,12.0,1.0,5.0,5.0,7.0,2.0,4.0
528,2010,20529,5.0,7.0,1.0,5.0,5.0,7.0,2.0,4.0
529,2010,20530,1.0,11.0,0.0,6.0,3.0,9.0,2.0,4.0
530,2010,20531,2.0,10.0,0.0,6.0,3.0,9.0,1.0,5.0
531,2010,20532,4.0,8.0,2.0,4.0,0.0,12.0,1.0,5.0
532,2010,20533,2.0,10.0,1.0,5.0,3.0,9.0,1.0,5.0
533,2010,20534,3.0,9.0,0.0,6.0,3.0,9.0,1.0,5.0
534,2010,20535,5.0,7.0,2.0,4.0,6.0,5.0,2.0,5.0
535,2010,20536,3.0,9.0,1.0,5.0,2.0,9.0,1.0,6.0
536,2010,20537,1.0,11.0,2.0,4.0,4.0,8.0,2.0,4.0
537,2010,20538,4.0,8.0,1.0,5.0,5.0,7.0,2.0,4.0
538,2010,20539,5.0,7.0,2.0,4.0,5.0,7.0,2.0,4.0
539,2010,20540,4.0,7.0,2.0,5.0,2.0,10.0,1.0,5.0
540,2010,20541,3.0,9.0,1.0,5.0,2.0,10.0,2.0,4.0
541,2010,20542,3.0,9.0,0.0,6.0,0.0,12.0,1.0,5.0
542,2010,20543,5.0,7.0,1.0,5.0,2.0,10.0,1.0,5.0
543,2010,20544,5.0,7.0,1.0,5.0,5.0,7.0,2.0,4.0
544,2010,20545,2.0,10.0,0.0,6.0,3.0,9.0,2.0,4.0
545,2010,20546,1.0,11.0,0.0,6.0,4.0,8.0,2.0,4.0
546,2010,20547,3.0,9.0,1.0,5.0,0.0,12.0,1.0,5.0
547,2010,20548,3.0,9.0,1.0,5.0,5.0,7.0,2.0,4.0
548,2010,20549,3.0,9.0,1.0,5.0,3.0,9.0,2.0,4.0
549,2010,20550,5.0,7.0,2.0,4.0,2.0,10.0,1.0,5.0
550,2010,20551,2.0,10.0,0.0,6.0,1.0,11.0,1.0,5.0
551,2010,20552,1.0,11.0,2.0,4.0,5.0,7.0,2.0,4.0
552,2010,20553,4.0,8.0,1.0,5.0,5.0,6.0,2.0,5.0
553,2010,20554,3.0,7.0,2.0,6.0,5.0,7.0,2.0,4.0
554,2010,20555,2.0,10.0,1.0,5.0,0.0,12.0,0.0,6.0
555,2010,20556,5.0,7.0,2.0,4.0,5.0,7.0,1.0,5.0
556,2010,20557,1.0,11.0,2.0,4.0,2.0,10.0,0.0,6.0
557,2010,20558,0.0,12.0,1.0,5.0,4.0,8.0,1.0,5.0
558,2010,20559,3.0,9.0,1.0,5.0,3.0,9.0,2.0,4.0
559,2010,20560,3.0,9.0,2.0,4.0,1.0,11.0,0.0,6.0
560,2010,20561,2.0,10.0,0.0,6.0,0.0,12.0,1.0,5.0
561,2010,20562,3.0,9.0,1.0,5.0,2.0,10.0,1.0,5.0
562,2010,20563,4.0,8.0,1.0,5.0,5.0,7.0,1.0,5.0
563,2010,20564,3.0,9.0,1.0,5.0,5.0,7.0,2.0,4.0
564,2010,20565,3.0,9.0,1.0,5.0,2.0,10.0,1.0,5.0
565,2010,20566,5.0,7.0,2.0,4.0,5.0,7.0,2.0,4.0
566,2010,20567,5.0,7.0,2.0,4.0,3.0,8.0,1.0,6.0
567,2010,20568,0.0,12.0,1.0,5.0,2.0,10.0,1.0,5.0
568,2010,20569,3.0,9.0,2.0,4.0,2.0,10.0,0.0,6.0
569,2010,20570,3.0,9.0,2.0,4.0,5.0,7.0,2.0,4.0
570,2010,20571,5.0,7.0,2.0,4.0,5.0,7.0,2.0,4.0
571,2010,20572,3.0,9.0,1.0,5.0,0.0,12.0,0.0,6.0
572,2010,20573,1.0,11.0,2.0,4.0,4.0,8.0,1.0,5.0
573,2010,20574,0.0,12.0,1.0,5.0,3.0,9.0,2.0,4.0
574,2010,20575,3.0,9.0,2.0,4.0,5.0,7.0,1.0,5.0
575,2010,20576,3.0,9.0,1.0,5.0,2.0,10.0,1.0,5.0
576,2010,20577,2.0,10.0,0.0,6.0,3.0,9.0,2.0,4.0
577,2010,20578,3.0,9.0,1.0,5.0,3.0,9.0,1.0,5.0
578,2010,20579,2.0,10.0,1.0,5.0,5.0,7.0,2.0,4.0
579,2010,20580,4.0,8.0,1.0,5.0,3.0,9.0,2.0,4.0
580,2010,20581,5.0,7.0,2.0,4.0,2.0,10.0,1.0,5.0
581,2010,20582,3.0,9.0,2.0,4.0,0.0,12.0,1.0,5.0
582,2010,20583,3.0,9.0,1.0,5.0,1.0,10.0,0.0,7.0
583,2010,20584,4.0,8.0,2.0,4.0,5.0,7.0,2.0,4.0
584,2010,20585,5.0,7.0,2.0,4.0,5.0,7.0,2.0,4.0
585,2010,20586,3.0,9.0,1.0,5.0,2.0,10.0,0.0,6.0
586,2010,20587,5.0,7.0,2.0,4.0,5.0,7.0,2.0,4.0
587,2010,20588,3.0,8.0,1.0,6.0,2.0,9.0,1.0,6.0
588,2010,20589,3.0,9.0,2.0,4.0,0.0,12.0,0.0,6.0
589,2010,20590,2.0,10.0,0.0,6.0,3.0,9.0,1.0,5.0
590,2010,20591,3.0,9.0,2.0,4.0,3.0,9.0,2.0,4.0
591,2010,20592,5.0,7.0,2.0,4.0,5.0,7.0,2.0,4.0
592,2010,20593,1.0,11.0,2.0,4.0,0.0,12.0,1.0,5.0
593,2010,20594,4.0,7.0,2.0,5.0,3.0,9.0,1.0,5.0
594,2010,20595,3.0,9.0,1.0,5.0,5.0,7.0,2.0,4.0
595,2010,20596,4.0,8.0,1.0,5.0,3.0,9.0,2.0,4.0
596,2010,20597,5.0,7.0,2.0,4.0,3.0,9.0,1.0,5.0
597,2010,20598,2.0,10.0,1.0,5.0,2.0,10.0,1.0,5.0
598,2010,20599,2.0,10.0,0.0,6.0,5.0,7.0,1.0,5.0
599,2010,20600,4.0,8.0,1.0,5.0,4.0,7.0,2.0,5.0
600,2010,20601,2.0,10.0,1.0,5.0,3.0,9.0,1.0,5.0
601,2010,20602,0.0,12.0,0.0,6.0,1.0,11.0,0.0,6.0
602,2010,20603,5.0,6.0,2.0,5.0,3.0,9.0,2.0,4.0
603,2010,20604,3.0,8.0,1.0,6.0,5.0,7.0,2.0,4.0
604,2010,20605,1.0,11.0,2.0,4.0,2.0,9.0,1.0,6.0
605,2010,20606,3.0,9.0,2.0,4.0,0.0,12.0,1.0,5.0
606,2010,20607,4.0,8.0,2.0,4.0,0.0,12.0,1.0,5.0
607,2010,20608,3.0,9.0,1.0,5.0,3.0,9.0,2.0,4.0
608,2010,20609,3.0,9.0,1.0,5.0,3.0,9.0,2.0,4.0
609,2010,20610,0.0,12.0,0.0,6.0,5.0,7.0,2.0,4.0
610,2010,20611,4.0,8.0,1.0,5.0,2.0,10.0,0.0,6.0
611,2010,20612,2.0,10.0,0.0,6.0,5.0,7.0,1.0,5.0
612,2010,20613,2.0,10.0,1.0,5.0,1.0,11.0,0.0,6.0
613,2010,20614,4.0,8.0,2.0,4.0,4.0,8.0,1.0,5.0
614,2010,20615,0.0,12.0,1.0,5.0,5.0,6.0,2.0,5.0
615,2010,20616,3.0,9.0,1.0,5.0,4.0,8.0,2.0,4.0
616,2010,20617,0.0,12.0,1.0,5.0,5.0,7.0,2.0,4.0
617,2010,20618,3.0,9.0,2.0,4.0,2.0,10.0,1.0,5.0
618,2010,20619,3.0,8.0,1.0,6.0,3.0,9.0,1.0,5.0
619,2010,20620,3.0,9.0,2.0,4.0,5.0,7.0,2.0,4.0
620,2010,20621,3.0,9.0,2.0,4.0,5.0,7.0,2.0,4.0
621,2010,20622,2.0,10.0,0.0,6.0,5.0,7.0,2.0,4.0
622,2010,20623,1.0,11.0,2.0,4.0,3.0,9.0,1.0,5.0
623,2010,20624,2.0,10.0,0.0,6.0,5.0,7.0,2.0,4.0
624,2010,20625,3.0,9.0,1.0,5.0,3.0,9.0,1.0,5.0
625,2010,20626,4.0,8.0,2.0,4.0,1.0,11.0,0.0,6.0
626,2010,20627,4.0,8.0,1.0,5.0,5.0,7.0,2.0,4.0
627,2010,20628,4.0,8.0,2.0,4.0,4.0,8.0,2.0,4.0
628,2010,20629,3.0,9.0,1.0,5.0,2.0,10.0,1.0,5.0
629,2010,20630,2.0,10.0,1.0,5.0,3.0,9.0,2.0,4.0
630,2010,20631,5.0,7.0,2.0,4.0,2.0,10.0,1.0,5.0
631,2010,20632,4.0,8.0,2.0,4.0,0.0,12.0,1.0,5.0
632,2010,20633,3.0,8.0,1.0,6.0,5.0,7.0,1.0,5.0
633,2010,20634,1.0,11.0,0.0,6.0,5.0,7.0,2.0,4.0
634,2010,20635,3.0,9.0,1.0,5.0,3.0,9.0,2.0,4.0
635,2010,20636,3.0,9.0,1.0,5.0,3.0,9.0,1.0,5.0
636,2010,20637,2.0,10.0,0.0,6.0,3.0,9.0,1.0,5.0
637,2010,20638,0.0,12.0,1.0,5.0,4.0,8.0,2.0,4.0
638,2010,20639,3.0,9.0,1.0,5.0,3.0,9.0,2.0,4.0
639,2010,20640,3.0,9.0,1.0,5.0,0.0,12.0,0.0,6.0
640,2010,20641,5.0,6.0,2.0,5.0,2.0,10.0,1.0,5.0
641,2010,20642,3.0,9.0,1.0,5.0,4.0,8.0,2.0,4.0
642,2010,20643,5.0,7.0,2.0,4.0,4.0,8.0,2.0,4.0
643,2010,20644,4.0,8.0,2.0,4.0,2.0,10.0,1.0,5.0
644,2010,20645,4.0,8.0,1.0,5.0,2.0,10.0,1.0,5.0
645,2010,20646,4.0,8.0,2.0,4.0,5.0,7.0,1.0,5.0
646,2010,20647,3.0,9.0,1.0,5.0,3.0,9.0,1.0,5.0
647,2010,20648,1.0,11.0,0.0,6.0,0.0,12.0,1.0,5.0
648,2010,20649,3.0,9.0,2.0,4.0,5.0,7.0,2.0,4.0
649,2010,20650,0.0,12.0,1.0,5.0,3.0,9.0,2.0,4.0
650,2010,20651,3.0,9.0,1.0,5.0,2.0,9.0,1.0,6.0
651,2010,20652,5.0,7.0,2.0,4.0,2.0,10.0,1.0,5.0
652,2010,20653,0.0,12.0,0.0,6.0,5.0,7.0,2.0,4.0
653,2010,20654,5.0,7.0,2.0,4.0,4.0,8.0,2.0,4.0
654,2010,20655,2.0,10.0,0.0,6.0,3.0,9.0,2.0,4.0
655,2010,20656,3.0,9.0,1.0,5.0,0.0,12.0,1.0,5.0
656,2010,20657,1.0,11.0,2.0,4.0,5.0,7.0,1.0,5.0
657,2010,20658,2.0,10.0,0.0,6.0,5.0,7.0,2.0,4.0
658,2010,20659,2.0,10.0,1.0,5.0,3.0,9.0,1.0,5.0
659,2010,20660,4.0,8.0,2.0,4.0,4.0,8.0,2.0,4.0
660,2010,20661,3.0,9.0,1.0,5.0,2.0,9.0,1.0,6.0
661,2010,20662,4.0,8.0,1.0,5.0,3.0,9.0,2.0,4.0
662,2010,20663,3.0,9.0,1.0,5.0,1.0,11.0,0.0,6.0
663,2010,20664,3.0,9.0,1.0,5.0,5.0,7.0,2.0,4.0
664,2010,20665,0.0,12.0,1.0,5.0,2.0,10.0,0.0,6.0
665,2010,20666,2.0,10.0,0.0,6.0,3.0,9.0,2.0,4.0
666,2010,20667,4.0,8.0,2.0,4.0,4.0,8.0,2.0,4.0
667,2010,20668,1.0,11.0,2.0,4.0,3.0,9.0,1.0,5.0
668,2010,20669,4.0,8.0,1.0,5.0,3.0,9.0,1.0,5.0
669,2010,20670,0.0,12.0,0.0,6.0,5.0,7.0,2.0,4.0
670,2010,20671,5.0,6.0,2.0,5.0,2.0,10.0,1.0,5.0
671,2010,20672,0.0,12.0,1.0,5.0,4.0,8.0,2.0,4.0
672,2010,20673,3.0,9.0,1.0,5.0,5.0,7.0,2.0,4.0
673,2010,20674,3.0,9.0,2.0,4.0,5.0,7.0,1.0,5.0
674,2010,20675,4.0,8.0,2.0,4.0,4.0,8.0,2.0,4.0
675,2010,20676,4.0,8.0,1.0,5.0,0.0,12.0,0.0,6.0
676,2010,20677,5.0,7.0,2.0,4.0,3.0,9.0,1.0,5.0
677,2010,20678,2.0,10.0,0.0,6.0,1.0,10.0,0.0,7.0
678,2010,20679,3.0,9.0,1.0,5.0,5.0,6.0,2.0,5.0
679,2010,20680,3.0,9.0,1.0,5.0,4.0,8.0,1.0,5.0
680,2010,20681,1.0,11.0,2.0,4.0,0.0,12.0,1.0,5.0
681,2010,20682,3.0,9.0,1.0,5.0,5.0,7.0,2.0,4.0
682,2010,20683,3.0,9.0,1.0,5.0,4.0,8.0,1.0,5.0
683,2010,20684,5.0,7.0,1.0,5.0,4.0,8.0,2.0,4.0
684,2010,20685,3.0,9.0,2.0,4.0,4.0,8.0,2.0,4.0
685,2010,20686,5.0,7.0,2.0,4.0,3.0,9.0,1.0,5.0
686,2010,20687,4.0,8.0,1.0,5.0,0.0,11.0,1.0,6.0
687,2010,20688,2.0,10.0,0.0,6.0,5.0,7.0,2.0,4.0
688,2010,20689,5.0,7.0,2.0,4.0,2.0,10.0,1.0,5.0
689,2010,20690,2.0,10.0,1.0,5.0,5.0,7.0,2.0,4.0
690,2010,20691,0.0,12.0,0.0,6.0,3.0,9.0,1.0,5.0
691,2010,20692,4.0,8.0,2.0,4.0,3.0,9.0,1.0,5.0
692,2010,20693,2.0,10.0,2.0,4.0,2.0,10.0,1.0,5.0
693,2010,20694,2.0,10.0,0.0,6.0,0.0,12.0,1.0,5.0
694,2010,20695,3.0,9.0,1.0,5.0,3.0,9.0,1.0,5.0
695,2010,20696,5.0,7.0,2.0,4.0,2.0,9.0,1.0,6.0
696,2010,20697,4.0,8.0,1.0,5.0,2.0,10.0,1.0,5.0
697,2010,20698,2.0,10.0,0.0,6.0,3.0,9.0,2.0,4.0
698,2010,20699,1.0,11.0,0.0,6.0,4.0,8.0,2.0,4.0
699,2010,20700,0.0,11.0,1.0,6.0,5.0,7.0,2.0,4.0
700,2010,20701,3.0,9.0,1.0,5.0,2.0,10.0,2.0,4.0
701,2010,20702,1.0,11.0,2.0,4.0,5.0,7.0,2.0,4.0
702,2010,20703,3.0,9.0,2.0,4.0,2.0,10.0,1.0,5.0
703,2010,20704,2.0,10.0,1.0,5.0,4.0,8.0,2.0,4.0
704,2010,20705,3.0,9.0,1.0,5.0,0.0,12.0,0.0,6.0
705,2010,20706,5.0,7.0,2.0,4.0,5.0,7.0,2.0,4.0
706,2010,20707,5.0,7.0,2.0,4.0,3.0,8.0,1.0,6.0
707,2010,20708,2.0,9.0,1.0,6.0,1.0,11.0,0.0,6.0
708,2010,20709,3.0,9.0,1.0,5.0,0.0,12.0,1.0,5.0
709,2010,20710,0.0,11.0,1.0,6.0,5.0,7.0,2.0,4.0
710,2010,20711,3.0,9.0,1.0,5.0,2.0,10.0,1.0,5.0
711,2010,20712,2.0,9.0,0.0,7.0,5.0,7.0,2.0,4.0
712,2010,20713,4.0,8.0,2.0,4.0,3.0,9.0,2.0,4.0
713,2010,20714,5.0,7.0,2.0,4.0,2.0,10.0,1.0,5.0
714,2010,20715,2.0,10.0,1.0,5.0,4.0,8.0,2.0,4.0
715,2010,20716,4.0,8.0,1.0,5.0,3.0,9.0,1.0,5.0
716,2010,20717,3.0,9.0,1.0,5.0,3.0,9.0,2.0,4.0
717,2010,20718,1.0,11.0,2.0,4.0,2.0,10.0,2.0,4.0
718,2010,20719,2.0,10.0,0.0,6.0,2.0,10.0,1.0,5.0
719,2010,20720,5.0,7.0,2.0,4.0,3.0,9.0,1.0,5.0
720,2010,20721,3.0,9.0,1.0,5.0,5.0,7.0,2.0,4.0
721,2010,20722,3.0,9.0,1.0,5.0,5.0,7.0,2.0,4.0
722,2010,20723,0.0,11.0,1.0,6.0,2.0,10.0,0.0,6.0
723,2010,20724,2.0,9.0,1.0,6.0,1.0,11.0,0.0,6.0
724,2010,20725,4.0,8.0,2.0,4.0,5.0,7.0,2.0,4.0
725,2010,20726,0.0,12.0,1.0,5.0,4.0,8.0,2.0,4.0
726,2010,20727,0.0,12.0,0.0,6.0,4.0,8.0,2.0,4.0
727,2010,20728,2.0,10.0,1.0,5.0,4.0,8.0,2.0,4.0
728,2010,20729,3.0,9.0,1.0,5.0,2.0,10.0,1.0,5.0
729,2010,20730,3.0,9.0,1.0,5.0,4.0,8.0,2.0,4.0
730,2010,20731,2.0,10.0,1.0,5.0,2.0,10.0,1.0,5.0
731,2010,20732,3.0,9.0,1.0,5.0,5.0,7.0,2.0,4.0
732,2010,20733,5.0,7.0,2.0,4.0,5.0,7.0,2.0,4.0
733,2010,20734,0.0,12.0,1.0,5.0,2.0,10.0,1.0,5.0
734,2010,20735,3.0,9.0,1.0,5.0,5.0,7.0,2.0,4.0
735,2010,20736,1.0,11.0,0.0,6.0,3.0,9.0,2.0,4.0
736,2010,20737,4.0,8.0,1.0,5.0,2.0,10.0,0.0,6.0
737,2010,20738,3.0,9.0,1.0,5.0,0.0,12.0,1.0,5.0
738,2010,20739,4.0,7.0,2.0,5.0,2.0,10.0,1.0,5.0
739,2010,20740,3.0,9.0,2.0,4.0,3.0,9.0,1.0,5.0
740,2010,20741,0.0,12.0,0.0,6.0,3.0,9.0,1.0,5.0
741,2010,20742,5.0,7.0,2.0,4.0,0.0,12.0,1.0,5.0
742,2010,20743,3.0,9.0,1.0,5.0,1.0,11.0,0.0,6.0
743,2010,20744,1.0,11.0,1.0,5.0,4.0,8.0,2.0,4.0
744,2010,20745,3.0,9.0,2.0,4.0,2.0,10.0,0.0,6.0
745,2010,20746,3.0,9.0,1.0,5.0,0.0,12.0,0.0,6.0
746,2010,20747,2.0,10.0,1.0,5.0,3.0,9.0,1.0,5.0
747,2010,20748,3.0,9.0,1.0,5.0,2.0,10.0,1.0,5.0
748,2010,20749,4.0,8.0,2.0,4.0,5.0,7.0,1.0,5.0
749,2010,20750,5.0,7.0,2.0,4.0,6.0,6.0,2.0,4.0
750,2010,20751,0.0,12.0,1.0,5.0,2.0,10.0,1.0,5.0
751,2010,20752,2.0,10.0,0.0,6.0,0.0,11.0,1.0,6.0
752,2010,20753,4.0,8.0,2.0,4.0,3.0,9.0,2.0,4.0
753,2010,20754,3.0,9.0,1.0,5.0,4.0,8.0,2.0,4.0
754,2010,20755,5.0,7.0,2.0,4.0,3.0,9.0,1.0,5.0
755,2010,20756,1.0,11.0,1.0,5.0,1.0,11.0,0.0,6.0
756,2010,20757,2.0,10.0,0.0,6.0,4.0,8.0,2.0,4.0
757,2010,20758,5.0,7.0,2.0,4.0,4.0,7.0,2.0,5.0
758,2010,20759,2.0,10.0,1.0,5.0,3.0,9.0,1.0,5.0
759,2010,20760,3.0,9.0,1.0,5.0,4.0,8.0,2.0,4.0
760,2010,20761,5.0,7.0,2.0,4.0,3.0,9.0,1.0,5.0
761,2010,20762,3.0,9.0,1.0,5.0,5.0,7.0,1.0,5.0
762,2010,20763,3.0,9.0,1.0,5.0,5.0,6.0,2.0,5.0
763,2010,20764,4.0,8.0,2.0,4.0,0.0,12.0,1.0,5.0
764,2010,20765,1.0,11.0,0.0,6.0,3.0,9.0,2.0,4.0
765,2010,20766,0.0,12.0,1.0,5.0,3.0,9.0,1.0,5.0
766,2010,20767,3.0,9.0,1.0,5.0,5.0,7.0,1.0,5.0
767,2010,20768,0.0,12.0,0.0,6.0,5.0,7.0,2.0,4.0
768,2010,20769,4.0,8.0,1.0,5.0,5.0,7.0,2.0,4.0
769,2010,20770,5.0,7.0,2.0,4.0,3.0,9.0,1.0,5.0
770,2010,20771,3.0,9.0,1.0,5.0,2.0,10.0,1.0,5.0
771,2010,20772,2.0,10.0,0.0,6.0,4.0,8.0,2.0,4.0
772,2010,20773,4.0,8.0,2.0,4.0,5.0,7.0,2.0,4.0
773,2010,20774,1.0,11.0,1.0,5.0,3.0,8.0,1.0,6.0
774,2010,20775,2.0,9.0,1.0,6.0,3.0,9.0,1.0,5.0
775,2010,20776,0.0,12.0,1.0,5.0,2.0,10.0,0.0,6.0
776,2010,20777,3.0,9.0,1.0,5.0,4.0,8.0,2.0,4.0
777,2010,20778,2.0,10.0,0.0,6.0,4.0,8.0,2.0,4.0
778,2010,20779,4.0,7.0,2.0,5.0,4.0,8.0,2.0,4.0
779,2010,20780,0.0,12.0,0.0,6.0,3.0,9.0,1.0,5.0
780,2010,20781,4.0,8.0,2.0,4.0,5.0,7.0,1.0,5.0
781,2010,20782,5.0,7.0,2.0,4.0,6.0,6.0,2.0,4.0
782,2010,20783,3.0,9.0,1.0,5.0,4.0,8.0,2.0,4.0
783,2010,20784,4.0,8.0,1.0,5.0,2.0,10.0,1.0,5.0
784,2010,20785,3.0,9.0,1.0,5.0,2.0,10.0,1.0,5.0
785,2010,20786,1.0,11.0,0.0,6.0,1.0,11.0,1.0,5.0
786,2010,20787,3.0,8.0,1.0,6.0,5.0,7.0,2.0,4.0
787,2010,20788,1.0,11.0,1.0,5.0,3.0,9.0,1.0,5.0
788,2010,20789,2.0,10.0,0.0,6.0,0.0,12.0,0.0,6.0
789,2010,20790,4.0,8.0,2.0,4.0,4.0,8.0,2.0,4.0
790,2010,20791,3.0,9.0,1.0,5.0,3.0,9.0,1.0,5.0
791,2010,20792,3.0,9.0,1.0,5.0,5.0,7.0,2.0,4.0
792,2010,20793,3.0,9.0,2.0,4.0,4.0,8.0,2.0,4.0
793,2010,20794,3.0,9.0,1.0,5.0,2.0,10.0,0.0,6.0
794,2010,20795,3.0,9.0,1.0,5.0,4.0,7.0,2.0,5.0
795,2010,20796,1.0,11.0,1.0,5.0,2.0,10.0,1.0,5.0
796,2010,20797,5.0,7.0,2.0,4.0,4.0,8.0,2.0,4.0
797,2010,20798,0.0,12.0,0.0,6.0,4.0,8.0,2.0,4.0
798,2010,20799,3.0,9.0,1.0,5.0,4.0,8.0,2.0,4.0
799,2010,20800,2.0,10.0,1.0,5.0,3.0,9.0,1.0,5.0
800,2010,20801,1.0,11.0,1.0,5.0,5.0,7.0,1.0,5.0
801,2010,20802,3.0,9.0,1.0,5.0,2.0,10.0,0.0,6.0
802,2010,20803,1.0,11.0,0.0,6.0,2.0,10.0,1.0,5.0
803,2010,20804,2.0,10.0,0.0,6.0,2.0,10.0,2.0,4.0
804,2010,20805,6.0,6.0,2.0,4.0,5.0,7.0,1.0,5.0
805,2010,20806,3.0,9.0,1.0,5.0,5.0,6.0,2.0,5.0
806,2010,20807,0.0,12.0,1.0,5.0,3.0,9.0,1.0,5.0
807,2010,20808,5.0,7.0,2.0,4.0,3.0,9.0,1.0,5.0
808,2010,20809,5.0,7.0,2.0,4.0,4.0,8.0,2.0,4.0
809,2010,20810,2.0,10.0,0.0,6.0,6.0,6.0,2.0,4.0
810,2010,20811,2.0,10.0,1.0,5.0,3.0,9.0,1.0,5.0
811,2010,20812,3.0,9.0,1.0,5.0,3.0,9.0,1.0,5.0
812,2010,20813,2.0,10.0,1.0,5.0,1.0,11.0,1.0,5.0
813,2010,20814,4.0,8.0,2.0,4.0,0.0,12.0,0.0,6.0
814,2010,20815,5.0,7.0,1.0,5.0,5.0,7.0,1.0,5.0
815,2010,20816,2.0,10.0,0.0,6.0,2.0,10.0,1.0,5.0
816,2010,20817,3.0,9.0,2.0,4.0,5.0,7.0,2.0,4.0
817,2010,20818,5.0,7.0,2.0,4.0,2.0,10.0,2.0,4.0
818,2010,20819,3.0,9.0,1.0,5.0,1.0,11.0,0.0,6.0
819,2010,20820,3.0,9.0,1.0,5.0,0.0,12.0,1.0,5.0
820,2010,20821,5.0,7.0,2.0,4.0,5.0,7.0,2.0,4.0
821,2010,20822,2.0,10.0,0.0,6.0,6.0,6.0,2.0,4.0
822,2010,20823,1.0,11.0,0.0,6.0,2.0,10.0,2.0,4.0
823,2010,20824,2.0,10.0,0.0,6.0,2.0,10.0,1.0,5.0
824,2010,20825,1.0,11.0,2.0,4.0,4.0,8.0,2.0,4.0
825,2010,20826,3.0,9.0,1.0,5.0,3.0,8.0,1.0,6.0
826,2010,20827,3.0,9.0,2.0,4.0,3.0,9.0,1.0,5.0
827,2010,20828,5.0,6.0,1.0,6.0,2.0,10.0,1.0,5.0
828,2010,20829,5.0,7.0,2.0,4.0,5.0,7.0,2.0,4.0
829,2010,20830,0.0,12.0,0.0,6.0,1.0,11.0,1.0,5.0
830,2010,20831,3.0,9.0,1.0,5.0,2.0,10.0,1.0,5.0
831,2010,20832,3.0,9.0,1.0,5.0,4.0,7.0,2.0,5.0
832,2010,20833,2.0,10.0,1.0,5.0,4.0,8.0,2.0,4.0
833,2010,20834,4.0,8.0,2.0,4.0,3.0,9.0,1.0,5.0
834,2010,20835,3.0,9.0,1.0,5.0,,,,
835,2010,20836,2.0,10.0,1.0,5.0,5.0,7.0,1.0,5.0
836,2010,20837,3.0,9.0,1.0,5.0,1.0,11.0,0.0,6.0
837,2010,20838,4.0,8.0,2.0,4.0,2.0,10.0,2.0,4.0
838,2010,20839,2.0,10.0,0.0,6.0,3.0,9.0,1.0,5.0
839,2010,20840,1.0,11.0,2.0,4.0,3.0,9.0,1.0,5.0
840,2010,20841,0.0,12.0,1.0,5.0,6.0,6.0,2.0,4.0
841,2010,20842,5.0,7.0,2.0,4.0,5.0,7.0,2.0,4.0
842,2010,20843,5.0,7.0,2.0,4.0,5.0,7.0,2.0,4.0
843,2010,20844,5.0,6.0,1.0,6.0,0.0,12.0,0.0,6.0
844,2010,20845,3.0,8.0,1.0,6.0,5.0,7.0,1.0,5.0
845,2010,20846,3.0,9.0,1.0,5.0,2.0,10.0,1.0,5.0
846,2010,20847,3.0,9.0,1.0,5.0,5.0,7.0,1.0,5.0
847,2010,20848,5.0,7.0,2.0,4.0,2.0,10.0,1.0,5.0
848,2010,20849,3.0,9.0,1.0,5.0,3.0,9.0,1.0,5.0
849,2010,20850,1.0,11.0,0.0,6.0,1.0,11.0,1.0,5.0
850,2010,20851,5.0,7.0,2.0,4.0,4.0,7.0,2.0,5.0
851,2010,20852,4.0,8.0,2.0,4.0,6.0,6.0,2.0,4.0
852,2010,20853,3.0,9.0,1.0,5.0,5.0,7.0,1.0,5.0
853,2010,20854,2.0,10.0,1.0,5.0,0.0,12.0,0.0,6.0
854,2010,20855,3.0,9.0,1.0,5.0,2.0,10.0,1.0,5.0
855,2010,20856,3.0,9.0,2.0,4.0,2.0,10.0,0.0,6.0
856,2010,20857,2.0,10.0,0.0,6.0,5.0,7.0,2.0,4.0
857,2010,20858,4.0,8.0,2.0,4.0,,,,
858,2010,20859,4.0,8.0,2.0,4.0,3.0,9.0,1.0,5.0
859,2010,20860,1.0,11.0,1.0,5.0,2.0,10.0,2.0,4.0
860,2010,20861,3.0,9.0,1.0,5.0,2.0,10.0,1.0,5.0
861,2010,20862,5.0,6.0,1.0,6.0,5.0,7.0,1.0,5.0
862,2010,20863,5.0,7.0,2.0,4.0,1.0,11.0,0.0,6.0
863,2010,20864,5.0,7.0,2.0,4.0,4.0,8.0,2.0,4.0
864,2010,20865,5.0,7.0,2.0,4.0,4.0,7.0,2.0,5.0
865,2010,20866,4.0,8.0,2.0,4.0,5.0,7.0,1.0,5.0
866,2010,20867,0.0,12.0,0.0,6.0,3.0,9.0,1.0,5.0
867,2010,20868,1.0,11.0,2.0,4.0,3.0,9.0,1.0,5.0
868,2010,20869,6.0,6.0,2.0,4.0,5.0,7.0,1.0,5.0
869,2010,20870,2.0,10.0,0.0,6.0,4.0,8.0,2.0,4.0
870,2010,20871,3.0,9.0,2.0,4.0,4.0,8.0,2.0,4.0
871,2010,20872,3.0,9.0,1.0,5.0,3.0,9.0,1.0,5.0
872,2010,20873,5.0,7.0,2.0,4.0,1.0,11.0,1.0,5.0
873,2010,20874,5.0,7.0,2.0,4.0,0.0,12.0,1.0,5.0
874,2010,20875,5.0,7.0,1.0,5.0,3.0,8.0,1.0,6.0
875,2010,20876,2.0,10.0,0.0,6.0,4.0,8.0,2.0,4.0
876,2010,20877,1.0,10.0,2.0,5.0,0.0,12.0,0.0,6.0
877,2010,20878,1.0,11.0,1.0,5.0,2.0,10.0,0.0,6.0
878,2010,20879,5.0,7.0,2.0,4.0,1.0,11.0,0.0,6.0
879,2010,20880,3.0,9.0,2.0,4.0,2.0,10.0,0.0,6.0
880,2010,20881,0.0,12.0,1.0,5.0,4.0,7.0,2.0,5.0
881,2010,20882,5.0,6.0,1.0,6.0,3.0,9.0,1.0,5.0
882,2010,20883,4.0,8.0,2.0,4.0,3.0,9.0,1.0,5.0
883,2010,20884,2.0,10.0,1.0,5.0,5.0,7.0,1.0,5.0
884,2010,20885,1.0,11.0,1.0,5.0,6.0,6.0,2.0,4.0
885,2010,20886,3.0,9.0,1.0,5.0,5.0,7.0,1.0,5.0
886,2010,20887,4.0,8.0,2.0,4.0,5.0,7.0,2.0,4.0
887,2010,20888,4.0,8.0,2.0,4.0,2.0,10.0,2.0,4.0
888,2010,20889,5.0,7.0,2.0,4.0,2.0,9.0,1.0,6.0
889,2010,20890,3.0,9.0,1.0,5.0,4.0,8.0,1.0,5.0
890,2010,20891,0.0,12.0,1.0,5.0,1.0,11.0,0.0,6.0
891,2010,20892,4.0,8.0,2.0,4.0,3.0,9.0,1.0,5.0
892,2010,20893,2.0,10.0,1.0,5.0,5.0,7.0,1.0,5.0
893,2010,20894,1.0,11.0,0.0,6.0,2.0,10.0,0.0,6.0
894,2010,20895,5.0,7.0,2.0,4.0,2.0,10.0,1.0,5.0
895,2010,20896,3.0,9.0,2.0,4.0,3.0,9.0,2.0,4.0
896,2010,20897,5.0,7.0,2.0,4.0,6.0,6.0,2.0,4.0
897,2010,20898,2.0,10.0,0.0,6.0,3.0,9.0,1.0,5.0
898,2010,20899,0.0,12.0,0.0,6.0,2.0,9.0,1.0,6.0
899,2010,20900,2.0,10.0,1.0,5.0,2.0,10.0,0.0,6.0
900,2010,20901,4.0,8.0,1.0,5.0,5.0,7.0,1.0,5.0
901,2010,20902,1.0,11.0,2.0,4.0,3.0,9.0,1.0,5.0
902,2010,20903,0.0,12.0,1.0,5.0,1.0,11.0,0.0,6.0
903,2010,20904,2.0,10.0,1.0,5.0,6.0,6.0,2.0,4.0
904,2010,20905,2.0,9.0,1.0,6.0,4.0,7.0,2.0,5.0
905,2010,20906,5.0,7.0,2.0,4.0,3.0,9.0,1.0,5.0
906,2010,20907,2.0,10.0,1.0,5.0,0.0,12.0,0.0,6.0
907,2010,20908,3.0,8.0,1.0,6.0,5.0,7.0,2.0,4.0
908,2010,20909,1.0,11.0,0.0,6.0,5.0,7.0,2.0,4.0
909,2010,20910,2.0,10.0,1.0,5.0,5.0,7.0,2.0,4.0
910,2010,20911,4.0,8.0,1.0,5.0,2.0,10.0,0.0,6.0
911,2010,20912,4.0,8.0,2.0,4.0,4.0,8.0,2.0,4.0
912,2010,20913,3.0,9.0,1.0,5.0,5.0,7.0,1.0,5.0
913,2010,20914,5.0,7.0,2.0,4.0,2.0,10.0,1.0,5.0
914,2010,20915,3.0,9.0,1.0,5.0,5.0,7.0,2.0,4.0
915,2010,20916,3.0,9.0,1.0,5.0,2.0,10.0,1.0,5.0
916,2010,20917,2.0,10.0,0.0,6.0,2.0,9.0,1.0,6.0
917,2010,20918,3.0,9.0,1.0,5.0,1.0,11.0,1.0,5.0
918,2010,20919,1.0,11.0,2.0,4.0,0.0,12.0,0.0,6.0
919,2010,20920,2.0,10.0,0.0,6.0,4.0,7.0,2.0,5.0
920,2010,20921,3.0,9.0,1.0,5.0,6.0,6.0,1.0,5.0
921,2010,20922,0.0,12.0,0.0,6.0,3.0,9.0,1.0,5.0
922,2010,20923,4.0,8.0,1.0,5.0,2.0,10.0,1.0,5.0
923,2010,20924,2.0,10.0,1.0,5.0,4.0,8.0,2.0,4.0
924,2010,20925,2.0,10.0,1.0,5.0,5.0,7.0,2.0,4.0
925,2010,20926,3.0,9.0,1.0,5.0,5.0,7.0,1.0,5.0
926,2010,20927,1.0,11.0,1.0,5.0,2.0,10.0,0.0,6.0
927,2010,20928,2.0,10.0,2.0,4.0,4.0,8.0,1.0,5.0
928,2010,20929,1.0,11.0,1.0,5.0,5.0,7.0,1.0,5.0
929,2010,20930,1.0,11.0,0.0,6.0,5.0,7.0,1.0,5.0
930,2010,20931,5.0,7.0,2.0,4.0,5.0,7.0,1.0,5.0
931,2010,20932,3.0,9.0,1.0,5.0,4.0,7.0,2.0,5.0
932,2010,20933,2.0,10.0,0.0,6.0,4.0,8.0,2.0,4.0
933,2010,20934,1.0,11.0,2.0,4.0,2.0,10.0,0.0,6.0
934,2010,20935,0.0,12.0,1.0,5.0,2.0,10.0,0.0,6.0
935,2010,20936,4.0,8.0,2.0,4.0,3.0,9.0,1.0,5.0
936,2010,20937,3.0,9.0,1.0,5.0,3.0,9.0,1.0,5.0
937,2010,20938,5.0,7.0,2.0,4.0,0.0,12.0,0.0,6.0
938,2010,20939,4.0,7.0,1.0,6.0,2.0,10.0,1.0,5.0
939,2010,20940,4.0,9.0,2.0,3.0,2.0,10.0,1.0,5.0
940,2010,20941,4.0,8.0,1.0,5.0,5.0,6.0,2.0,5.0
941,2010,20942,3.0,9.0,1.0,5.0,3.0,9.0,1.0,5.0
942,2010,20943,1.0,11.0,0.0,6.0,5.0,7.0,1.0,5.0
943,2010,20944,3.0,9.0,1.0,5.0,0.0,12.0,0.0,6.0
944,2010,20945,1.0,11.0,2.0,4.0,4.0,8.0,1.0,5.0
945,2010,20946,5.0,7.0,2.0,4.0,1.0,11.0,1.0,5.0
946,2010,20947,3.0,9.0,1.0,5.0,3.0,9.0,1.0,5.0
947,2010,20948,0.0,12.0,0.0,6.0,4.0,8.0,2.0,4.0
948,2010,20949,2.0,10.0,1.0,5.0,3.0,9.0,1.0,5.0
949,2010,20950,2.0,10.0,0.0,6.0,5.0,7.0,1.0,5.0
950,2010,20951,2.0,10.0,1.0,5.0,6.0,6.0,1.0,5.0
951,2010,20952,2.0,10.0,1.0,5.0,2.0,10.0,0.0,6.0
952,2010,20953,2.0,10.0,0.0,6.0,4.0,7.0,2.0,5.0
953,2010,20954,2.0,10.0,1.0,5.0,1.0,11.0,0.0,6.0
954,2010,20955,3.0,9.0,1.0,5.0,4.0,8.0,2.0,4.0
955,2010,20956,4.0,7.0,1.0,6.0,5.0,7.0,1.0,5.0
956,2010,20957,5.0,7.0,2.0,4.0,3.0,9.0,2.0,4.0
957,2010,20958,2.0,10.0,1.0,5.0,3.0,9.0,2.0,4.0
958,2010,20959,4.0,8.0,2.0,4.0,2.0,10.0,0.0,6.0
959,2010,20960,3.0,9.0,1.0,5.0,5.0,7.0,1.0,5.0
960,2010,20961,3.0,9.0,1.0,5.0,3.0,9.0,1.0,5.0
961,2010,20962,1.0,11.0,2.0,4.0,1.0,11.0,1.0,5.0
962,2010,20963,0.0,12.0,0.0,6.0,4.0,8.0,1.0,5.0
963,2010,20964,2.0,10.0,0.0,6.0,0.0,12.0,0.0,6.0
964,2010,20965,4.0,8.0,2.0,4.0,5.0,7.0,1.0,5.0
965,2010,20966,5.0,7.0,2.0,4.0,3.0,9.0,1.0,5.0
966,2010,20967,5.0,7.0,1.0,5.0,6.0,6.0,1.0,5.0
967,2010,20968,2.0,10.0,0.0,6.0,2.0,10.0,1.0,5.0
968,2010,20969,3.0,9.0,2.0,4.0,1.0,11.0,1.0,5.0
969,2010,20970,3.0,9.0,1.0,5.0,4.0,8.0,2.0,4.0
970,2010,20971,2.0,10.0,0.0,6.0,3.0,8.0,1.0,6.0
971,2010,20972,4.0,7.0,1.0,6.0,2.0,10.0,1.0,5.0
972,2010,20973,1.0,11.0,0.0,6.0,3.0,9.0,1.0,5.0
973,2010,20974,3.0,9.0,1.0,5.0,5.0,7.0,2.0,4.0
974,2010,20975,5.0,7.0,2.0,4.0,5.0,7.0,1.0,5.0
975,2010,20976,4.0,8.0,2.0,4.0,2.0,10.0,1.0,5.0
976,2010,20977,4.0,8.0,2.0,4.0,2.0,10.0,0.0,6.0
977,2010,20978,1.0,11.0,2.0,4.0,0.0,12.0,0.0,6.0
978,2010,20979,4.0,8.0,1.0,5.0,4.0,7.0,2.0,5.0
979,2010,20980,5.0,7.0,1.0,5.0,3.0,9.0,1.0,5.0
980,2010,20981,2.0,10.0,1.0,5.0,0.0,12.0,0.0,6.0
981,2010,20982,2.0,10.0,1.0,5.0,6.0,6.0,1.0,5.0
982,2010,20983,2.0,10.0,0.0,6.0,1.0,11.0,0.0,6.0
983,2010,20984,4.0,8.0,2.0,4.0,4.0,8.0,2.0,4.0
984,2010,20985,0.0,12.0,0.0,6.0,5.0,7.0,1.0,5.0
985,2010,20986,3.0,9.0,1.0,5.0,2.0,10.0,1.0,5.0
986,2010,20987,3.0,9.0,1.0,5.0,4.0,8.0,2.0,4.0
987,2010,20988,4.0,7.0,1.0,6.0,5.0,7.0,1.0,5.0
988,2010,20989,4.0,8.0,2.0,4.0,5.0,7.0,1.0,5.0
989,2010,20990,2.0,10.0,0.0,6.0,3.0,9.0,1.0,5.0
990,2010,20991,2.0,10.0,1.0,5.0,5.0,7.0,2.0,4.0
991,2010,20992,2.0,10.0,0.0,6.0,1.0,11.0,1.0,5.0
992,2010,20993,1.0,11.0,0.0,6.0,2.0,10.0,0.0,6.0
993,2010,20994,0.0,12.0,0.0,6.0,5.0,7.0,2.0,4.0
994,2010,20995,2.0,10.0,1.0,5.0,3.0,9.0,1.0,5.0
995,2010,20996,5.0,7.0,2.0,4.0,4.0,8.0,1.0,5.0
996,2010,20997,4.0,8.0,2.0,4.0,0.0,12.0,0.0,6.0
997,2010,20998,2.0,10.0,1.0,5.0,2.0,10.0,1.0,5.0
998,2010,20999,2.0,10.0,1.0,5.0,5.0,7.0,1.0,5.0
999,2010,21000,4.0,8.0,2.0,4.0,6.0,6.0,1.0,5.0
1000,2010,21001,0.0,12.0,0.0,6.0,4.0,8.0,1.0,5.0
1001,2010,21002,1.0,11.0,1.0,5.0,3.0,9.0,1.0,5.0
1002,2010,21003,5.0,7.0,1.0,5.0,5.0,7.0,2.0,4.0
1003,2010,21004,2.0,10.0,0.0,6.0,3.0,9.0,1.0,5.0
1004,2010,21005,4.0,9.0,2.0,3.0,4.0,7.0,2.0,5.0
1005,2010,21006,3.0,9.0,1.0,5.0,3.0,9.0,1.0,5.0
1006,2010,21007,5.0,6.0,1.0,6.0,4.0,8.0,2.0,4.0
1007,2010,21008,5.0,7.0,2.0,4.0,3.0,9.0,1.0,5.0
1008,2010,21009,5.0,7.0,1.0,5.0,2.0,10.0,0.0,6.0
1009,2010,21010,0.0,12.0,0.0,6.0,1.0,11.0,1.0,5.0
1010,2010,21011,3.0,9.0,1.0,5.0,2.0,10.0,1.0,5.0
1011,2010,21012,2.0,10.0,1.0,5.0,4.0,8.0,2.0,4.0
1012,2010,21013,3.0,9.0,1.0,5.0,2.0,10.0,1.0,5.0
1013,2010,21014,6.0,6.0,1.0,5.0,5.0,7.0,1.0,5.0
1014,2010,21015,5.0,7.0,2.0,4.0,1.0,11.0,0.0,6.0
1015,2010,21016,3.0,9.0,1.0,5.0,4.0,8.0,1.0,5.0
1016,2010,21017,5.0,7.0,1.0,5.0,,,,
1017,2010,21018,2.0,10.0,0.0,6.0,5.0,7.0,2.0,4.0
1018,2010,21019,1.0,11.0,2.0,4.0,2.0,10.0,0.0,6.0
1019,2010,21020,1.0,11.0,1.0,5.0,4.0,7.0,2.0,5.0
1020,2010,21021,3.0,9.0,1.0,5.0,2.0,10.0,1.0,5.0
1021,2010,21022,5.0,7.0,1.0,5.0,2.0,10.0,0.0,6.0
1022,2010,21023,3.0,9.0,1.0,5.0,3.0,9.0,1.0,5.0
1023,2010,21024,2.0,10.0,1.0,5.0,2.0,10.0,0.0,6.0
1024,2010,21025,2.0,10.0,0.0,6.0,1.0,11.0,0.0,6.0
1025,2010,21026,1.0,11.0,2.0,4.0,5.0,7.0,1.0,5.0
1026,2010,21027,3.0,9.0,1.0,5.0,2.0,10.0,0.0,6.0
1027,2010,21028,0.0,12.0,0.0,6.0,4.0,8.0,2.0,4.0
1028,2010,21029,5.0,7.0,1.0,5.0,2.0,10.0,1.0,5.0
1029,2010,21030,1.0,11.0,0.0,6.0,4.0,8.0,2.0,4.0
1030,2010,21031,3.0,9.0,1.0,5.0,5.0,7.0,1.0,5.0
1031,2010,21032,4.0,8.0,2.0,4.0,6.0,5.0,2.0,5.0
1032,2010,21033,0.0,12.0,0.0,6.0,3.0,10.0,1.0,4.0
1033,2010,21034,4.0,8.0,2.0,4.0,4.0,8.0,1.0,5.0
1034,2010,21035,3.0,9.0,1.0,5.0,5.0,7.0,2.0,4.0
1035,2010,21036,2.0,10.0,1.0,5.0,1.0,11.0,1.0,5.0
1036,2010,21037,5.0,7.0,1.0,5.0,3.0,9.0,1.0,5.0
1037,2010,21038,4.0,8.0,2.0,4.0,2.0,10.0,0.0,6.0
1038,2010,21039,4.0,9.0,2.0,3.0,6.0,6.0,2.0,4.0
1039,2010,21040,3.0,9.0,1.0,5.0,5.0,7.0,1.0,5.0
1040,2010,21041,3.0,9.0,1.0,5.0,3.0,9.0,1.0,5.0
1041,2010,21042,1.0,11.0,2.0,4.0,2.0,10.0,0.0,6.0
1042,2010,21043,1.0,11.0,0.0,6.0,4.0,8.0,2.0,4.0
1043,2010,21044,5.0,7.0,2.0,4.0,2.0,10.0,0.0,6.0
1044,2010,21045,3.0,9.0,1.0,5.0,4.0,8.0,1.0,5.0
1045,2010,21046,1.0,11.0,1.0,5.0,3.0,9.0,1.0,5.0
1046,2010,21047,0.0,12.0,0.0,6.0,5.0,7.0,1.0,5.0
1047,2010,21048,5.0,7.0,2.0,4.0,4.0,8.0,2.0,4.0
1048,2010,21049,3.0,9.0,1.0,5.0,6.0,6.0,1.0,5.0
1049,2010,21050,3.0,8.0,1.0,6.0,3.0,9.0,1.0,5.0
1050,2010,21051,3.0,9.0,1.0,5.0,2.0,10.0,0.0,6.0
1051,2010,21052,5.0,7.0,2.0,4.0,4.0,8.0,1.0,5.0
1052,2010,21053,1.0,10.0,1.0,6.0,5.0,7.0,1.0,5.0
1053,2010,21054,5.0,7.0,1.0,5.0,2.0,10.0,1.0,5.0
1054,2010,21055,1.0,11.0,2.0,4.0,5.0,7.0,1.0,5.0
1055,2010,21056,2.0,10.0,0.0,6.0,5.0,7.0,2.0,4.0
1056,2010,21057,2.0,10.0,1.0,5.0,4.0,7.0,2.0,5.0
1057,2010,21058,2.0,10.0,0.0,6.0,1.0,11.0,1.0,5.0
1058,2010,21059,0.0,12.0,0.0,6.0,2.0,10.0,0.0,6.0
1059,2010,21060,4.0,8.0,2.0,4.0,4.0,8.0,2.0,4.0
1060,2010,21061,2.0,10.0,1.0,5.0,,,,
1061,2010,21062,3.0,9.0,1.0,5.0,1.0,11.0,1.0,5.0
1062,2010,21063,0.0,12.0,0.0,6.0,3.0,9.0,1.0,5.0
1063,2010,21064,5.0,7.0,2.0,4.0,2.0,10.0,1.0,5.0
1064,2010,21065,3.0,9.0,1.0,5.0,5.0,7.0,2.0,4.0
1065,2010,21066,2.0,10.0,0.0,6.0,5.0,7.0,1.0,5.0
1066,2010,21067,2.0,10.0,1.0,5.0,4.0,8.0,2.0,4.0
1067,2010,21068,3.0,9.0,1.0,5.0,1.0,11.0,0.0,6.0
1068,2010,21069,3.0,9.0,1.0,5.0,5.0,7.0,1.0,5.0
1069,2010,21070,2.0,9.0,0.0,7.0,3.0,9.0,1.0,5.0
1070,2010,21071,1.0,11.0,2.0,4.0,3.0,9.0,1.0,5.0
1071,2010,21072,4.0,8.0,2.0,4.0,2.0,10.0,0.0,6.0
1072,2010,21073,1.0,11.0,1.0,5.0,3.0,8.0,2.0,5.0
1073,2010,21074,0.0,12.0,0.0,6.0,1.0,11.0,0.0,6.0
1074,2010,21075,4.0,8.0,2.0,4.0,,,,
1075,2010,21076,2.0,10.0,1.0,5.0,5.0,7.0,1.0,5.0
1076,2010,21077,1.0,11.0,1.0,5.0,0.0,11.0,0.0,7.0
1077,2010,21078,5.0,7.0,1.0,5.0,5.0,7.0,2.0,4.0
1078,2010,21079,5.0,7.0,2.0,4.0,2.0,10.0,1.0,5.0
1079,2010,21080,4.0,8.0,1.0,5.0,3.0,9.0,1.0,5.0
1080,2010,21081,3.0,9.0,1.0,5.0,4.0,8.0,2.0,4.0
1081,2010,21082,2.0,10.0,0.0,6.0,2.0,10.0,0.0,6.0
1082,2010,21083,3.0,9.0,1.0,5.0,2.0,10.0,1.0,5.0
1083,2010,21084,4.0,9.0,2.0,3.0,3.0,9.0,1.0,5.0
1084,2010,21085,5.0,7.0,1.0,5.0,3.0,9.0,1.0,5.0
1085,2010,21086,3.0,8.0,2.0,5.0,3.0,9.0,1.0,5.0
1086,2010,21087,3.0,9.0,1.0,5.0,5.0,7.0,2.0,4.0
1087,2010,21088,5.0,7.0,2.0,4.0,2.0,10.0,0.0,6.0
1088,2010,21089,0.0,12.0,0.0,6.0,4.0,8.0,1.0,5.0
1089,2010,21090,5.0,7.0,1.0,5.0,4.0,8.0,1.0,5.0
1090,2010,21091,3.0,9.0,1.0,5.0,1.0,11.0,1.0,5.0
1091,2010,21092,3.0,9.0,1.0,5.0,2.0,10.0,1.0,5.0
1092,2010,21093,1.0,11.0,0.0,6.0,4.0,7.0,2.0,5.0
1093,2010,21094,0.0,11.0,0.0,7.0,4.0,8.0,2.0,4.0
1094,2010,21095,3.0,9.0,1.0,5.0,2.0,10.0,0.0,6.0
1095,2010,21096,2.0,10.0,0.0,6.0,2.0,10.0,1.0,5.0
1096,2010,21097,3.0,9.0,1.0,5.0,2.0,10.0,1.0,5.0
1097,2010,21098,2.0,10.0,2.0,4.0,4.0,8.0,1.0,5.0
1098,2010,21099,3.0,9.0,2.0,4.0,0.0,12.0,0.0,6.0
1099,2010,21100,5.0,7.0,1.0,5.0,3.0,9.0,1.0,5.0
1100,2010,21101,3.0,9.0,1.0,5.0,6.0,6.0,2.0,4.0
1101,2010,21102,5.0,7.0,2.0,4.0,3.0,9.0,1.0,5.0
1102,2010,21103,1.0,11.0,2.0,4.0,1.0,11.0,0.0,6.0
1103,2010,21104,4.0,8.0,2.0,4.0,1.0,11.0,1.0,5.0
1104,2010,21105,5.0,7.0,1.0,5.0,3.0,9.0,1.0,5.0
1105,2010,21106,0.0,12.0,0.0,6.0,2.0,10.0,1.0,5.0
1106,2010,21107,5.0,6.0,1.0,6.0,4.0,8.0,2.0,4.0
1107,2010,21108,2.0,10.0,1.0,5.0,2.0,10.0,0.0,6.0
1108,2010,21109,2.0,10.0,0.0,6.0,3.0,9.0,1.0,5.0
1109,2010,21110,4.0,8.0,2.0,4.0,6.0,6.0,2.0,4.0
1110,2010,21111,2.0,10.0,0.0,6.0,3.0,9.0,1.0,5.0
1111,2010,21112,3.0,9.0,1.0,5.0,0.0,12.0,0.0,6.0
1112,2010,21113,1.0,11.0,1.0,5.0,4.0,8.0,1.0,5.0
1113,2010,21114,1.0,11.0,2.0,4.0,4.0,8.0,1.0,5.0
1114,2010,21115,3.0,9.0,1.0,5.0,4.0,8.0,2.0,4.0
1115,2010,21116,5.0,7.0,2.0,4.0,4.0,8.0,2.0,4.0
1116,2010,21117,2.0,10.0,1.0,5.0,4.0,8.0,2.0,4.0
1117,2010,21118,3.0,9.0,1.0,5.0,2.0,10.0,0.0,6.0
1118,2010,21119,3.0,9.0,1.0,5.0,4.0,8.0,1.0,5.0
1119,2010,21120,1.0,11.0,0.0,6.0,5.0,7.0,1.0,5.0
1120,2010,21121,3.0,9.0,1.0,5.0,4.0,7.0,2.0,5.0
1121,2010,21122,3.0,9.0,2.0,4.0,2.0,10.0,0.0,6.0
1122,2010,21123,3.0,9.0,1.0,5.0,4.0,8.0,2.0,4.0
1123,2010,21124,3.0,9.0,1.0,5.0,2.0,10.0,1.0,5.0
1124,2010,21125,5.0,7.0,1.0,5.0,3.0,9.0,2.0,4.0
1125,2010,21126,3.0,9.0,1.0,5.0,6.0,6.0,2.0,4.0
1126,2010,21127,3.0,9.0,1.0,5.0,0.0,12.0,0.0,6.0
1127,2010,21128,0.0,12.0,0.0,6.0,3.0,9.0,1.0,5.0
1128,2010,21129,1.0,11.0,2.0,4.0,1.0,11.0,1.0,5.0
1129,2010,21130,2.0,10.0,0.0,6.0,4.0,8.0,1.0,5.0
1130,2010,21131,5.0,7.0,2.0,4.0,5.0,7.0,1.0,5.0
1131,2010,21132,3.0,9.0,2.0,4.0,4.0,8.0,2.0,4.0
1132,2010,21133,5.0,7.0,1.0,5.0,2.0,10.0,1.0,5.0
1133,2010,21134,5.0,7.0,2.0,4.0,3.0,9.0,2.0,4.0
1134,2010,21135,3.0,9.0,1.0,5.0,2.0,10.0,0.0,6.0
1135,2010,21136,5.0,7.0,1.0,5.0,3.0,9.0,1.0,5.0
1136,2010,21137,3.0,9.0,1.0,5.0,5.0,7.0,1.0,5.0
1137,2010,21138,2.0,10.0,0.0,6.0,0.0,12.0,0.0,6.0
1138,2010,21139,1.0,11.0,2.0,4.0,3.0,9.0,1.0,5.0
1139,2010,21140,1.0,11.0,1.0,5.0,4.0,7.0,2.0,5.0
1140,2010,21141,3.0,9.0,1.0,5.0,2.0,10.0,1.0,5.0
1141,2010,21142,4.0,8.0,2.0,4.0,4.0,8.0,1.0,5.0
1142,2010,21143,0.0,12.0,0.0,6.0,3.0,9.0,2.0,4.0
1143,2010,21144,3.0,9.0,1.0,5.0,3.0,9.0,1.0,5.0
1144,2010,21145,3.0,9.0,1.0,5.0,4.0,8.0,2.0,4.0
1145,2010,21146,2.0,10.0,0.0,6.0,1.0,11.0,0.0,6.0
1146,2010,21147,3.0,9.0,1.0,5.0,3.0,9.0,1.0,5.0
1147,2010,21148,4.0,8.0,2.0,4.0,2.0,10.0,1.0,5.0
1148,2010,21149,5.0,7.0,1.0,5.0,3.0,9.0,1.0,5.0
1149,2010,21150,5.0,7.0,2.0,4.0,2.0,10.0,0.0,6.0
1150,2010,21151,1.0,11.0,0.0,6.0,4.0,8.0,2.0,4.0
1151,2010,21152,1.0,11.0,2.0,4.0,5.0,7.0,1.0,5.0
1152,2010,21153,1.0,11.0,0.0,6.0,5.0,7.0,1.0,5.0
1153,2010,21154,3.0,9.0,1.0,5.0,5.0,7.0,2.0,4.0
1154,2010,21155,0.0,12.0,0.0,6.0,1.0,11.0,1.0,5.0
1155,2010,21156,0.0,12.0,0.0,6.0,3.0,9.0,1.0,5.0
1156,2010,21157,2.0,10.0,1.0,5.0,4.0,8.0,2.0,4.0
1157,2010,21158,3.0,9.0,2.0,4.0,4.0,8.0,1.0,5.0
1158,2010,21159,3.0,9.0,1.0,5.0,6.0,6.0,2.0,4.0
1159,2010,21160,2.0,10.0,0.0,6.0,5.0,7.0,1.0,5.0
1160,2010,21161,1.0,11.0,0.0,6.0,3.0,9.0,2.0,4.0
1161,2010,21162,3.0,9.0,1.0,5.0,3.0,9.0,1.0,5.0
1162,2010,21163,2.0,11.0,1.0,4.0,3.0,9.0,1.0,5.0
1163,2010,21164,1.0,11.0,2.0,4.0,5.0,7.0,2.0,4.0
1164,2010,21165,3.0,9.0,1.0,5.0,5.0,7.0,2.0,4.0
1165,2010,21166,4.0,8.0,2.0,4.0,4.0,8.0,2.0,4.0
1166,2010,21167,3.0,9.0,1.0,5.0,3.0,9.0,2.0,4.0
1167,2010,21168,1.0,11.0,0.0,6.0,2.0,10.0,0.0,6.0
1168,2010,21169,3.0,9.0,1.0,5.0,3.0,9.0,0.0,6.0
1169,2010,21170,3.0,9.0,1.0,5.0,1.0,11.0,0.0,6.0
1170,2010,21171,3.0,9.0,1.0,5.0,5.0,7.0,1.0,5.0
1171,2010,21172,3.0,9.0,1.0,5.0,,,,
1172,2010,21173,0.0,12.0,0.0,6.0,4.0,8.0,1.0,5.0
1173,2010,21174,5.0,7.0,1.0,5.0,6.0,6.0,2.0,4.0
1174,2010,21175,4.0,8.0,2.0,4.0,4.0,8.0,1.0,5.0
1175,2010,21176,3.0,9.0,1.0,5.0,3.0,9.0,1.0,5.0
1176,2010,21177,5.0,7.0,2.0,4.0,2.0,10.0,1.0,5.0
1177,2010,21178,1.0,11.0,0.0,6.0,3.0,9.0,1.0,5.0
1178,2010,21179,3.0,9.0,2.0,4.0,4.0,7.0,2.0,5.0
1179,2010,21180,3.0,9.0,1.0,5.0,2.0,10.0,1.0,5.0
1180,2010,21181,5.0,7.0,1.0,5.0,3.0,9.0,1.0,5.0
1181,2010,21182,5.0,7.0,2.0,4.0,4.0,8.0,2.0,4.0
1182,2010,21183,3.0,9.0,2.0,4.0,6.0,6.0,2.0,4.0
1183,2010,21184,3.0,9.0,1.0,5.0,5.0,7.0,2.0,4.0
1184,2010,21185,2.0,10.0,0.0,6.0,4.0,8.0,1.0,5.0
1185,2010,21186,2.0,10.0,0.0,6.0,3.0,9.0,1.0,5.0
1186,2010,21187,3.0,9.0,2.0,4.0,3.0,9.0,1.0,5.0
1187,2010,21188,1.0,11.0,0.0,6.0,4.0,8.0,1.0,5.0
1188,2010,21189,2.0,11.0,0.0,5.0,3.0,9.0,1.0,5.0
1189,2010,21190,1.0,11.0,1.0,5.0,4.0,8.0,2.0,4.0
1190,2010,21191,1.0,11.0,0.0,6.0,3.0,9.0,1.0,5.0
1191,2010,21192,5.0,7.0,1.0,5.0,,,,
1192,2010,21193,5.0,7.0,2.0,4.0,1.0,11.0,0.0,6.0
1193,2010,21194,2.0,10.0,0.0,6.0,2.0,10.0,0.0,6.0
1194,2010,21195,0.0,12.0,0.0,6.0,4.0,8.0,1.0,5.0
1195,2010,21196,3.0,9.0,1.0,5.0,5.0,7.0,2.0,4.0
1196,2010,21197,4.0,8.0,2.0,4.0,3.0,9.0,1.0,5.0
1197,2010,21198,3.0,9.0,1.0,5.0,0.0,11.0,0.0,7.0
1198,2010,21199,5.0,7.0,1.0,5.0,5.0,7.0,2.0,4.0
1199,2010,21200,3.0,9.0,2.0,4.0,3.0,9.0,1.0,5.0
1200,2010,21201,1.0,11.0,1.0,5.0,3.0,8.0,2.0,5.0
1201,2010,21202,3.0,8.0,1.0,6.0,1.0,11.0,0.0,6.0
1202,2010,21203,2.0,10.0,0.0,6.0,3.0,9.0,1.0,5.0
1203,2010,21205,1.0,11.0,0.0,6.0,3.0,9.0,1.0,5.0
1204,2010,21206,4.0,8.0,2.0,4.0,4.0,8.0,2.0,4.0
1205,2010,21207,3.0,9.0,1.0,5.0,5.0,7.0,1.0,5.0
1206,2010,21208,1.0,11.0,1.0,5.0,3.0,9.0,1.0,5.0
1207,2010,21209,0.0,12.0,0.0,6.0,5.0,7.0,1.0,5.0
1208,2010,21210,1.0,11.0,0.0,6.0,3.0,9.0,2.0,4.0
1209,2010,21211,2.0,11.0,0.0,5.0,3.0,9.0,1.0,5.0
1210,2010,21212,0.0,11.0,0.0,7.0,2.0,10.0,1.0,5.0
1211,2010,21213,3.0,9.0,1.0,5.0,5.0,6.0,2.0,5.0
1212,2010,21214,5.0,7.0,1.0,5.0,3.0,9.0,2.0,4.0
1213,2010,21215,2.0,10.0,0.0,6.0,3.0,9.0,2.0,4.0
1214,2010,21216,4.0,8.0,1.0,5.0,1.0,11.0,0.0,6.0
1215,2010,21217,3.0,8.0,1.0,6.0,2.0,10.0,0.0,6.0
1216,2010,21218,1.0,11.0,0.0,6.0,5.0,7.0,1.0,5.0
1217,2010,21219,3.0,9.0,1.0,5.0,4.0,7.0,1.0,6.0
1218,2010,21220,0.0,12.0,0.0,6.0,5.0,7.0,1.0,5.0
1219,2010,21221,2.0,10.0,1.0,5.0,1.0,11.0,0.0,6.0
1220,2010,21222,3.0,9.0,2.0,4.0,3.0,9.0,1.0,5.0
1221,2010,21223,3.0,7.0,1.0,7.0,5.0,6.0,2.0,5.0
1222,2010,21224,5.0,7.0,1.0,5.0,3.0,9.0,2.0,4.0
1223,2010,21225,3.0,9.0,1.0,5.0,5.0,7.0,2.0,4.0
1224,2010,21226,5.0,7.0,1.0,5.0,2.0,10.0,0.0,6.0
1225,2010,21227,1.0,11.0,1.0,5.0,,,,
1226,2010,21228,2.0,11.0,0.0,5.0,0.0,11.0,0.0,7.0
1227,2010,21229,4.0,8.0,2.0,4.0,4.0,8.0,2.0,4.0
1228,2010,21230,3.0,9.0,1.0,5.0,2.0,10.0,1.0,5.0
