,Season,TeamCode,PlayerNumber,PlayerName,PlayerPosition,GP,Goals,Assists,Points,GoalsPerGame,AssistsPerGame,PointsPerGame
223,2010,PIT,87.0,CROSBY,C,41.0,32.0,34.0,66.0,0.7804878048780488,0.8292682926829268,1.6097560975609757
3209,2010,VAN,22.0,SEDIN,L,81.0,41.0,62.0,103.0,0.5061728395061729,0.7654320987654321,1.271604938271605
1523,2010,ANA,10.0,PERRY,R,82.0,50.0,47.0,97.0,0.6097560975609756,0.573170731707317,1.1829268292682926
3203,2010,VAN,33.0,SEDIN,C,82.0,19.0,75.0,94.0,0.23170731707317074,0.9146341463414634,1.146341463414634
1622,2010,ANA,15.0,GETZLAF,C,67.0,19.0,57.0,76.0,0.2835820895522388,0.8507462686567164,1.1343283582089552
1634,2010,ANA,8.0,SELANNE,R,73.0,31.0,49.0,80.0,0.4246575342465753,0.6712328767123288,1.095890410958904
2046,2010,WSH,8.0,OVECHKIN,L,79.0,32.0,53.0,85.0,0.4050632911392405,0.6708860759493671,1.0759493670886076
1305,2010,DAL,91.0,RICHARDS,C,72.0,28.0,49.0,77.0,0.3888888888888889,0.6805555555555556,1.0694444444444444
1517,2010,DET,13.0,DATSYUK,C,56.0,23.0,36.0,59.0,0.4107142857142857,0.6428571428571429,1.0535714285714286
977,2010,CGY,12.0,IGINLA,R,82.0,43.0,43.0,86.0,0.524390243902439,0.524390243902439,1.048780487804878
5449,2010,DET,48.0,EMMERTON,C,1.0,1.0,0.0,1.0,1.0,0.0,1.0
6388,2010,NJ,22.0,URBOM,D,1.0,1.0,0.0,1.0,1.0,0.0,1.0
5362,2010,VAN,25.0,SHIROKOV,L,1.0,1.0,0.0,1.0,1.0,0.0,1.0
800,2010,CHI,88.0,KANE,R,72.0,27.0,45.0,72.0,0.375,0.625,1.0
1511,2010,DET,40.0,ZETTERBERG,L,80.0,24.0,56.0,80.0,0.3,0.7,1.0
1806,2010,BUF,9.0,ROY,C,35.0,10.0,25.0,35.0,0.2857142857142857,0.7142857142857143,1.0
6376,2010,TOR,32.0,COLBORNE,C,1.0,0.0,1.0,1.0,0.0,1.0,1.0
5302,2010,WSH,24.0,WILLSIE,R,1.0,0.0,1.0,1.0,0.0,1.0,1.0
3054,2010,LA,11.0,KOPITAR,C,75.0,25.0,47.0,72.0,0.3333333333333333,0.6266666666666667,0.96
677,2010,CHI,10.0,SHARP,R,74.0,34.0,37.0,71.0,0.4594594594594595,0.5,0.9594594594594594
4879,2010,COL,14.0,FLEISCHMANN,L,22.0,8.0,13.0,21.0,0.36363636363636365,0.5909090909090909,0.9545454545454546
665,2010,CHI,19.0,TOEWS,C,80.0,32.0,44.0,76.0,0.4,0.55,0.95
449,2010,CAR,12.0,STAAL,C,81.0,33.0,43.0,76.0,0.4074074074074074,0.5308641975308642,0.9382716049382716
1448,2010,DAL,21.0,ERIKSSON,L,78.0,27.0,45.0,72.0,0.34615384615384615,0.5769230769230769,0.9230769230769231
2488,2010,OTT,19.0,SPEZZA,C,62.0,21.0,36.0,57.0,0.3387096774193548,0.5806451612903226,0.9193548387096774
1758,2010,BUF,26.0,VANEK,L,80.0,32.0,41.0,73.0,0.4,0.5125,0.9125
1044,2010,EDM,83.0,HEMSKY,R,47.0,14.0,28.0,42.0,0.2978723404255319,0.5957446808510638,0.8936170212765957
3150,2010,VAN,17.0,KESLER,C,82.0,41.0,32.0,73.0,0.5,0.3902439024390244,0.8902439024390244
1115,2010,SJ,12.0,MARLEAU,C,82.0,37.0,36.0,73.0,0.45121951219512196,0.43902439024390244,0.8902439024390244
1021,2010,CGY,40.0,TANGUAY,L,79.0,22.0,48.0,70.0,0.27848101265822783,0.6075949367088608,0.8860759493670886
5521,2010,STL,25.0,STEWART,R,26.0,15.0,8.0,23.0,0.5769230769230769,0.3076923076923077,0.8846153846153846
1121,2010,CBJ,61.0,NASH,L,75.0,32.0,34.0,66.0,0.4266666666666667,0.4533333333333333,0.88
1139,2010,SJ,8.0,PAVELSKI,C,74.0,20.0,45.0,65.0,0.2702702702702703,0.6081081081081081,0.8783783783783784
671,2010,CHI,81.0,HOSSA,R,65.0,25.0,32.0,57.0,0.38461538461538464,0.49230769230769234,0.8769230769230769
1091,2010,SJ,19.0,THORNTON,C,80.0,21.0,49.0,70.0,0.2625,0.6125,0.875
443,2010,MIN,9.0,KOIVU,C,71.0,17.0,45.0,62.0,0.23943661971830985,0.6338028169014085,0.8732394366197183
1601,2010,ANA,9.0,RYAN,R,82.0,34.0,37.0,71.0,0.4146341463414634,0.45121951219512196,0.8658536585365854
1287,2010,DAL,63.0,RIBEIRO,C,82.0,19.0,52.0,71.0,0.23170731707317074,0.6341463414634146,0.8658536585365854
2852,2010,STL,10.0,MCDONALD,C,58.0,20.0,30.0,50.0,0.3448275862068966,0.5172413793103449,0.8620689655172413
385,2010,PIT,71.0,MALKIN,C,43.0,15.0,22.0,37.0,0.3488372093023256,0.5116279069767442,0.8604651162790697
1816,2010,BUF,21.0,STAFFORD,R,61.0,31.0,21.0,52.0,0.5081967213114754,0.3442622950819672,0.8524590163934426
1612,2010,ANA,17.0,VISNOVSKY,D,81.0,18.0,51.0,69.0,0.2222222222222222,0.6296296296296297,0.8518518518518519
2506,2010,NYI,91.0,TAVARES,C,79.0,29.0,38.0,67.0,0.3670886075949367,0.4810126582278481,0.8481012658227848
235,2010,PHI,48.0,BRIERE,C,77.0,34.0,31.0,65.0,0.44155844155844154,0.4025974025974026,0.8441558441558441
2040,2010,WSH,19.0,BACKSTROM,C,77.0,18.0,47.0,65.0,0.23376623376623376,0.6103896103896104,0.8441558441558441
391,2010,PHI,28.0,GIROUX,R,82.0,25.0,44.0,69.0,0.3048780487804878,0.5365853658536586,0.8414634146341463
734,2010,COL,9.0,DUCHENE,C,80.0,27.0,40.0,67.0,0.3375,0.5,0.8375
806,2010,COL,25.0,STEWART,R,36.0,13.0,17.0,30.0,0.3611111111111111,0.4722222222222222,0.8333333333333334
2159,2010,WSH,28.0,SEMIN,R,65.0,28.0,26.0,54.0,0.4307692307692308,0.4,0.8307692307692308
1225,2010,SJ,29.0,CLOWE,L,75.0,24.0,38.0,62.0,0.32,0.5066666666666667,0.8266666666666667
2171,2010,BOS,46.0,KREJCI,C,75.0,13.0,49.0,62.0,0.17333333333333334,0.6533333333333333,0.8266666666666667
2327,2010,PHX,19.0,DOAN,R,72.0,19.0,40.0,59.0,0.2638888888888889,0.5555555555555556,0.8194444444444444
1368,2010,DAL,14.0,BENN,L,69.0,22.0,34.0,56.0,0.3188405797101449,0.4927536231884058,0.8115942028985508
2383,2010,NYR,24.0,CALLAHAN,R,60.0,23.0,25.0,48.0,0.38333333333333336,0.4166666666666667,0.8
1193,2010,SJ,15.0,HEATLEY,L,80.0,26.0,38.0,64.0,0.325,0.475,0.8
4329,2010,LA,21.0,PARSE,R,5.0,1.0,3.0,4.0,0.2,0.6,0.8
611,2010,MIN,24.0,HAVLAT,R,78.0,22.0,40.0,62.0,0.28205128205128205,0.5128205128205128,0.7948717948717948
5545,2010,NYR,20.0,PROSPAL,L,29.0,9.0,14.0,23.0,0.3103448275862069,0.4827586206896552,0.7931034482758621
2261,2010,PHX,13.0,WHITNEY,L,72.0,17.0,40.0,57.0,0.2361111111111111,0.5555555555555556,0.7916666666666666
689,2010,COL,23.0,HEJDUK,R,71.0,22.0,34.0,56.0,0.30985915492957744,0.4788732394366197,0.7887323943661971
2425,2010,NYR,10.0,GABORIK,R,61.0,22.0,26.0,48.0,0.36065573770491804,0.4262295081967213,0.7868852459016393
2365,2010,BOS,17.0,LUCIC,L,79.0,30.0,32.0,62.0,0.379746835443038,0.4050632911392405,0.7848101265822784
2967,2010,NSH,10.0,ERAT,R,64.0,17.0,33.0,50.0,0.265625,0.515625,0.78125
3165,2010,LA,14.0,WILLIAMS,R,73.0,22.0,35.0,57.0,0.3013698630136986,0.4794520547945205,0.7808219178082192
114,2010,TOR,81.0,KESSEL,C,82.0,32.0,32.0,64.0,0.3902439024390244,0.3902439024390244,0.7804878048780488
1011,2010,EDM,6.0,WHITNEY,D,35.0,1.0,26.0,27.0,0.02857142857142857,0.7428571428571429,0.7714285714285715
724,2010,COL,26.0,STASTNY,C,74.0,22.0,35.0,57.0,0.2972972972972973,0.47297297297297297,0.7702702702702703
623,2010,CAR,53.0,SKINNER,C,82.0,31.0,32.0,63.0,0.3780487804878049,0.3902439024390244,0.7682926829268293
1421,2010,NJ,26.0,ELIAS,L,81.0,21.0,41.0,62.0,0.25925925925925924,0.5061728395061729,0.7654320987654321
150,2010,TOR,16.0,MACARTHUR,L,81.0,21.0,41.0,62.0,0.25925925925925924,0.5061728395061729,0.7654320987654321
5885,2010,CAR,61.0,STILLMAN,L,21.0,5.0,11.0,16.0,0.23809523809523808,0.5238095238095238,0.7619047619047619
1688,2010,DET,28.0,RAFALSKI,D,63.0,4.0,44.0,48.0,0.06349206349206349,0.6984126984126984,0.7619047619047619
2811,2010,STL,42.0,BACKES,R,82.0,31.0,31.0,62.0,0.3780487804878049,0.3780487804878049,0.7560975609756098
1583,2010,DET,5.0,LIDSTROM,D,82.0,16.0,46.0,62.0,0.1951219512195122,0.5609756097560976,0.7560975609756098
545,2010,CAR,36.0,JOKINEN,L,69.0,19.0,33.0,52.0,0.2753623188405797,0.4782608695652174,0.7536231884057971
5605,2010,PIT,38.0,JOHNSON,R,4.0,1.0,2.0,3.0,0.25,0.5,0.75
1481,2010,NJ,17.0,KOVALCHUK,L,81.0,31.0,29.0,60.0,0.38271604938271603,0.35802469135802467,0.7407407407407407
12,2010,MTL,14.0,PLEKANEC,C,77.0,22.0,35.0,57.0,0.2857142857142857,0.45454545454545453,0.7402597402597403
5767,2010,ATL,26.0,WHEELER,R,23.0,7.0,10.0,17.0,0.30434782608695654,0.43478260869565216,0.7391304347826086
2082,2010,ATL,16.0,LADD,L,81.0,29.0,30.0,59.0,0.35802469135802467,0.37037037037037035,0.7283950617283951
397,2010,PIT,14.0,KUNITZ,L,66.0,23.0,25.0,48.0,0.3484848484848485,0.3787878787878788,0.7272727272727273
295,2010,PHI,17.0,CARTER,C,80.0,36.0,22.0,58.0,0.45,0.275,0.725
1505,2010,DET,93.0,FRANZEN,C,76.0,28.0,27.0,55.0,0.3684210526315789,0.35526315789473684,0.7236842105263158
2681,2010,TB,91.0,STAMKOS,C,82.0,45.0,14.0,59.0,0.5487804878048781,0.17073170731707318,0.7195121951219512
2201,2010,PHX,3.0,YANDLE,D,82.0,12.0,47.0,59.0,0.14634146341463414,0.573170731707317,0.7195121951219512
102,2010,TOR,84.0,GRABOVSKI,C,81.0,29.0,29.0,58.0,0.35802469135802467,0.35802469135802467,0.7160493827160493
343,2010,PHI,18.0,RICHARDS,C,81.0,23.0,35.0,58.0,0.2839506172839506,0.43209876543209874,0.7160493827160493
5611,2010,PIT,12.0,STERLING,L,7.0,3.0,2.0,5.0,0.42857142857142855,0.2857142857142857,0.7142857142857143
1922,2010,BUF,29.0,POMINVILLE,R,73.0,22.0,30.0,52.0,0.3013698630136986,0.410958904109589,0.7123287671232876
2512,2010,NYI,20.0,WISNIEWSKI,D,31.0,3.0,19.0,22.0,0.0967741935483871,0.6129032258064516,0.7096774193548387
1175,2010,SJ,39.0,COUTURE,C,79.0,32.0,24.0,56.0,0.4050632911392405,0.3037974683544304,0.7088607594936709
2806,2010,STL,20.0,STEEN,C,72.0,20.0,31.0,51.0,0.2777777777777778,0.4305555555555556,0.7083333333333334
2142,2010,ATL,39.0,ENSTROM,D,72.0,10.0,41.0,51.0,0.1388888888888889,0.5694444444444444,0.7083333333333334
2631,2010,MTL,13.0,CAMMALLERI,L,67.0,19.0,28.0,47.0,0.2835820895522388,0.417910447761194,0.7014925373134329
2840,2010,STL,57.0,PERRON,L,10.0,5.0,2.0,7.0,0.5,0.2,0.7
2315,2010,BOS,37.0,BERGERON,C,80.0,22.0,34.0,56.0,0.275,0.425,0.7
5991,2010,FLA,14.0,SAMSONOV,L,20.0,3.0,11.0,14.0,0.15,0.55,0.7
5141,2010,MTL,20.0,WISNIEWSKI,D,43.0,7.0,23.0,30.0,0.16279069767441862,0.5348837209302325,0.6976744186046512
3403,2010,NYI,40.0,GRABNER,R,76.0,34.0,19.0,53.0,0.4473684210526316,0.25,0.6973684210526315
108,2010,TOR,41.0,KULEMIN,L,82.0,30.0,27.0,57.0,0.36585365853658536,0.32926829268292684,0.6951219512195121
3090,2010,LA,23.0,BROWN,L,82.0,28.0,29.0,57.0,0.34146341463414637,0.35365853658536583,0.6951219512195121
1097,2010,CBJ,18.0,UMBERGER,C,82.0,25.0,32.0,57.0,0.3048780487804878,0.3902439024390244,0.6951219512195121
635,2010,CAR,15.0,RUUTU,R,82.0,19.0,38.0,57.0,0.23170731707317074,0.4634146341463415,0.6951219512195121
2871,2010,STL,74.0,OSHIE,C,49.0,12.0,22.0,34.0,0.24489795918367346,0.4489795918367347,0.6938775510204082
5177,2010,PIT,11.0,STAAL,C,42.0,11.0,18.0,29.0,0.2619047619047619,0.42857142857142855,0.6904761904761905
2183,2010,BOS,18.0,HORTON,R,77.0,26.0,27.0,53.0,0.33766233766233766,0.35064935064935066,0.6883116883116883
3570,2010,NSH,74.0,KOSTITSYN,L,73.0,23.0,27.0,50.0,0.3150684931506849,0.3698630136986301,0.684931506849315
870,2010,CGY,13.0,JOKINEN,C,79.0,17.0,37.0,54.0,0.21518987341772153,0.46835443037974683,0.6835443037974683
1363,2010,DAL,10.0,MORROW,L,82.0,33.0,23.0,56.0,0.4024390243902439,0.2804878048780488,0.6829268292682927
1706,2010,DET,11.0,CLEARY,R,68.0,26.0,20.0,46.0,0.38235294117647056,0.29411764705882354,0.6764705882352942
5023,2010,MTL,67.0,PACIORETTY,L,36.0,14.0,10.0,24.0,0.3888888888888889,0.2777777777777778,0.6666666666666666
4276,2010,VAN,14.0,BURROWS,L,72.0,26.0,22.0,48.0,0.3611111111111111,0.3055555555555556,0.6666666666666666
5479,2010,VAN,57.0,SWEATT,D,3.0,1.0,1.0,2.0,0.3333333333333333,0.3333333333333333,0.6666666666666666
3155,2010,VAN,26.0,SAMUELSSON,R,75.0,18.0,32.0,50.0,0.24,0.4266666666666667,0.6666666666666666
5962,2010,BUF,22.0,BOYES,R,21.0,5.0,9.0,14.0,0.23809523809523808,0.42857142857142855,0.6666666666666666
3220,2010,VAN,23.0,EDLER,D,51.0,8.0,26.0,34.0,0.1568627450980392,0.5098039215686274,0.6666666666666666
2455,2010,NYR,17.0,DUBINSKY,C,77.0,23.0,28.0,51.0,0.2987012987012987,0.36363636363636365,0.6623376623376623
2675,2010,TB,4.0,LECAVALIER,C,65.0,25.0,18.0,43.0,0.38461538461538464,0.27692307692307694,0.6615384615384615
2861,2010,STL,22.0,BOYES,R,62.0,12.0,29.0,41.0,0.1935483870967742,0.46774193548387094,0.6612903225806451
1403,2010,DAL,18.0,NEAL,L,59.0,21.0,18.0,39.0,0.3559322033898305,0.3050847457627119,0.6610169491525424
4863,2010,MIN,96.0,BOUCHARD,C,59.0,12.0,27.0,39.0,0.2033898305084746,0.4576271186440678,0.6610169491525424
48,2010,TOR,32.0,VERSTEEG,R,53.0,14.0,21.0,35.0,0.2641509433962264,0.39622641509433965,0.660377358490566
1249,2010,SJ,22.0,BOYLE,D,76.0,9.0,41.0,50.0,0.11842105263157894,0.5394736842105263,0.6578947368421053
202,2010,TOR,15.0,KABERLE,D,58.0,3.0,35.0,38.0,0.05172413793103448,0.603448275862069,0.6551724137931034
2596,2010,NYI,26.0,MOULSON,L,81.0,31.0,22.0,53.0,0.38271604938271603,0.2716049382716049,0.654320987654321
2064,2010,ATL,33.0,BYFUGLIEN,R,81.0,21.0,32.0,53.0,0.25925925925925924,0.3950617283950617,0.654320987654321
5515,2010,STL,12.0,SHATTENKIRK,D,26.0,2.0,15.0,17.0,0.07692307692307693,0.5769230769230769,0.6538461538461539
5838,2010,DAL,33.0,GOLIGOSKI,D,23.0,5.0,10.0,15.0,0.21739130434782608,0.43478260869565216,0.6521739130434783
882,2010,EDM,4.0,HALL,L,65.0,22.0,20.0,42.0,0.3384615384615385,0.3076923076923077,0.6461538461538462
1027,2010,CGY,8.0,MORRISON,C,65.0,9.0,33.0,42.0,0.13846153846153847,0.5076923076923077,0.6461538461538462
2584,2010,NYI,15.0,PARENTEAU,R,79.0,20.0,31.0,51.0,0.25316455696202533,0.3924050632911392,0.6455696202531646
876,2010,EDM,27.0,PENNER,R,62.0,22.0,18.0,40.0,0.3548387096774194,0.2903225806451613,0.6451612903225806
3296,2010,FLA,9.0,WEISS,C,76.0,21.0,28.0,49.0,0.27631578947368424,0.3684210526315789,0.6447368421052632
2052,2010,ATL,10.0,LITTLE,R,76.0,18.0,31.0,49.0,0.23684210526315788,0.40789473684210525,0.6447368421052632
1157,2010,CBJ,16.0,BRASSARD,C,73.0,17.0,30.0,47.0,0.2328767123287671,0.410958904109589,0.6438356164383562
5599,2010,TOR,19.0,LUPUL,R,28.0,9.0,9.0,18.0,0.32142857142857145,0.32142857142857145,0.6428571428571429
2801,2010,STL,21.0,BERGLUND,C,81.0,22.0,30.0,52.0,0.2716049382716049,0.37037037037037035,0.6419753086419753
265,2010,PHI,22.0,LEINO,L,81.0,19.0,33.0,52.0,0.2345679012345679,0.4074074074074074,0.6419753086419753
2938,2010,NSH,11.0,LEGWAND,C,64.0,17.0,24.0,41.0,0.265625,0.375,0.640625
5979,2010,WSH,44.0,ARNOTT,C,11.0,4.0,3.0,7.0,0.36363636363636365,0.2727272727272727,0.6363636363636364
581,2010,CAR,26.0,COLE,L,82.0,26.0,26.0,52.0,0.3170731707317073,0.3170731707317073,0.6341463414634146
3138,2010,VAN,5.0,EHRHOFF,D,79.0,14.0,36.0,50.0,0.17721518987341772,0.45569620253164556,0.6329113924050633
2343,2010,BOS,28.0,RECCHI,R,78.0,14.0,35.0,49.0,0.1794871794871795,0.44871794871794873,0.6282051282051282
1056,2010,CGY,17.0,BOURQUE,R,80.0,27.0,23.0,50.0,0.3375,0.2875,0.625
367,2010,PIT,58.0,LETANG,D,82.0,8.0,43.0,51.0,0.0975609756097561,0.524390243902439,0.6219512195121951
2524,2010,NYI,51.0,NIELSEN,C,71.0,13.0,31.0,44.0,0.18309859154929578,0.43661971830985913,0.6197183098591549
1764,2010,BUF,19.0,CONNOLLY,C,68.0,13.0,29.0,42.0,0.19117647058823528,0.4264705882352941,0.6176470588235294
701,2010,COL,4.0,LILES,D,75.0,6.0,40.0,46.0,0.08,0.5333333333333333,0.6133333333333333
5296,2010,CBJ,14.0,CLITSOME,D,31.0,4.0,15.0,19.0,0.12903225806451613,0.4838709677419355,0.6129032258064516
259,2010,PHI,19.0,HARTNELL,L,82.0,25.0,25.0,50.0,0.3048780487804878,0.3048780487804878,0.6097560975609756
954,2010,EDM,14.0,EBERLE,C,69.0,18.0,24.0,42.0,0.2608695652173913,0.34782608695652173,0.6086956521739131
2962,2010,NSH,27.0,HORNQVIST,R,79.0,21.0,27.0,48.0,0.26582278481012656,0.34177215189873417,0.6075949367088608
2267,2010,PHX,17.0,VRBATA,R,79.0,19.0,29.0,48.0,0.24050632911392406,0.3670886075949367,0.6075949367088608
782,2010,CHI,36.0,BOLLAND,C,61.0,15.0,22.0,37.0,0.2459016393442623,0.36065573770491804,0.6065573770491803
1001,2010,EDM,89.0,GAGNER,C,68.0,15.0,26.0,41.0,0.22058823529411764,0.38235294117647056,0.6029411764705882
1499,2010,ANA,11.0,KOIVU,C,75.0,15.0,30.0,45.0,0.2,0.4,0.6
1881,2010,OTT,65.0,KARLSSON,D,75.0,13.0,32.0,45.0,0.17333333333333334,0.4266666666666667,0.6
3215,2010,LA,94.0,SMYTH,L,82.0,25.0,24.0,49.0,0.3048780487804878,0.2926829268292683,0.5975609756097561
1887,2010,BUF,63.0,ENNIS,C,82.0,20.0,29.0,49.0,0.24390243902439024,0.35365853658536583,0.5975609756097561
2773,2010,TB,6.0,MALONE,L,54.0,14.0,18.0,32.0,0.25925925925925924,0.3333333333333333,0.5925925925925926
2094,2010,ATL,9.0,KANE,L,73.0,19.0,24.0,43.0,0.2602739726027397,0.3287671232876712,0.589041095890411
1187,2010,CBJ,50.0,VERMETTE,C,82.0,19.0,29.0,48.0,0.23170731707317074,0.35365853658536583,0.5853658536585366
842,2010,CHI,7.0,SEABROOK,D,82.0,9.0,39.0,48.0,0.10975609756097561,0.47560975609756095,0.5853658536585366
1728,2010,OTT,11.0,ALFREDSSON,R,53.0,14.0,17.0,31.0,0.2641509433962264,0.32075471698113206,0.5849056603773585
4903,2010,OTT,16.0,BUTLER,R,36.0,10.0,11.0,21.0,0.2777777777777778,0.3055555555555556,0.5833333333333334
653,2010,MIN,15.0,BRUNETTE,L,79.0,18.0,28.0,46.0,0.22784810126582278,0.35443037974683544,0.5822784810126582
1133,2010,CBJ,93.0,VORACEK,R,79.0,14.0,32.0,46.0,0.17721518987341772,0.4050632911392405,0.5822784810126582
1127,2010,CBJ,20.0,HUSELIUS,L,38.0,14.0,8.0,22.0,0.3684210526315789,0.21052631578947367,0.5789473684210527
854,2010,COL,54.0,JONES,R,76.0,27.0,17.0,44.0,0.35526315789473684,0.2236842105263158,0.5789473684210527
1956,2010,ATL,47.0,PEVERLEY,C,59.0,14.0,20.0,34.0,0.23728813559322035,0.3389830508474576,0.576271186440678
515,2010,MIN,8.0,BURNS,D,80.0,17.0,29.0,46.0,0.2125,0.3625,0.575
989,2010,EDM,10.0,HORCOFF,C,47.0,9.0,18.0,27.0,0.19148936170212766,0.3829787234042553,0.574468085106383
2904,2010,NSH,6.0,WEBER,D,82.0,16.0,31.0,47.0,0.1951219512195122,0.3780487804878049,0.573170731707317
2034,2010,WSH,21.0,LAICH,L,82.0,16.0,31.0,47.0,0.1951219512195122,0.3780487804878049,0.573170731707317
2529,2010,NYI,57.0,COMEAU,L,77.0,24.0,20.0,44.0,0.3116883116883117,0.2597402597402597,0.5714285714285714
1109,2010,SJ,16.0,SETOGUCHI,R,72.0,22.0,19.0,41.0,0.3055555555555556,0.2638888888888889,0.5694444444444444
2888,2010,NSH,20.0,SUTER,D,67.0,4.0,34.0,38.0,0.05970149253731343,0.5074626865671642,0.5671641791044776
3120,2010,VAN,21.0,RAYMOND,L,69.0,15.0,24.0,39.0,0.21739130434782608,0.34782608695652173,0.5652173913043478
4317,2010,COL,8.0,SHATTENKIRK,D,46.0,7.0,19.0,26.0,0.15217391304347827,0.41304347826086957,0.5652173913043478
271,2010,PIT,48.0,KENNEDY,C,80.0,21.0,24.0,45.0,0.2625,0.3,0.5625
197,2010,MTL,21.0,GIONTA,R,82.0,29.0,17.0,46.0,0.35365853658536583,0.2073170731707317,0.5609756097560976
2165,2010,ATL,18.0,BERGFORS,R,52.0,11.0,18.0,29.0,0.21153846153846154,0.34615384615384615,0.5576923076923077
3367,2010,FLA,67.0,FROLIK,R,52.0,8.0,21.0,29.0,0.15384615384615385,0.40384615384615385,0.5576923076923077
42,2010,MTL,46.0,KOSTITSYN,L,81.0,20.0,25.0,45.0,0.24691358024691357,0.30864197530864196,0.5555555555555556
1565,2010,DET,44.0,BERTUZZI,R,81.0,16.0,29.0,45.0,0.19753086419753085,0.35802469135802467,0.5555555555555556
1670,2010,DET,51.0,FILPPULA,C,71.0,16.0,23.0,39.0,0.22535211267605634,0.323943661971831,0.5492957746478874
719,2010,CHI,2.0,KEITH,D,82.0,7.0,38.0,45.0,0.08536585365853659,0.4634146341463415,0.5487804878048781
491,2010,MIN,48.0,LATENDRESSE,L,11.0,3.0,3.0,6.0,0.2727272727272727,0.2727272727272727,0.5454545454545454
2789,2010,STL,27.0,PIETRANGELO,D,79.0,11.0,32.0,43.0,0.13924050632911392,0.4050632911392405,0.5443037974683544
2749,2010,TB,16.0,PURCELL,R,81.0,17.0,27.0,44.0,0.20987654320987653,0.3333333333333333,0.5432098765432098
2279,2010,BOS,33.0,CHARA,D,81.0,14.0,30.0,44.0,0.1728395061728395,0.37037037037037035,0.5432098765432098
5491,2010,OTT,52.0,GREENING,C,24.0,6.0,7.0,13.0,0.25,0.2916666666666667,0.5416666666666666
3308,2010,FLA,6.0,WIDEMAN,D,61.0,9.0,24.0,33.0,0.14754098360655737,0.39344262295081966,0.5409836065573771
2359,2010,BOS,63.0,MARCHAND,C,76.0,21.0,20.0,41.0,0.27631578947368424,0.2631578947368421,0.5394736842105263
1640,2010,ANA,54.0,FOWLER,D,13.0,1.0,6.0,7.0,0.07692307692307693,0.46153846153846156,0.5384615384615384
2470,2010,NYR,21.0,STEPAN,C,82.0,21.0,23.0,44.0,0.25609756097560976,0.2804878048780488,0.5365853658536586
1323,2010,NJ,19.0,ZAJAC,C,82.0,13.0,31.0,44.0,0.15853658536585366,0.3780487804878049,0.5365853658536586
4293,2010,CGY,25.0,MOSS,R,58.0,17.0,14.0,31.0,0.29310344827586204,0.2413793103448276,0.5344827586206896
906,2010,CGY,20.0,GLENCROSS,L,79.0,24.0,18.0,42.0,0.3037974683544304,0.22784810126582278,0.5316455696202531
5071,2010,LA,10.0,STURM,L,17.0,3.0,6.0,9.0,0.17647058823529413,0.35294117647058826,0.5294117647058824
707,2010,COL,40.0,OLVER,C,17.0,2.0,7.0,9.0,0.11764705882352941,0.4117647058823529,0.5294117647058824
4963,2010,EDM,23.0,OMARK,L,51.0,5.0,22.0,27.0,0.09803921568627451,0.43137254901960786,0.5294117647058824
1700,2010,DET,26.0,HUDLER,C,70.0,10.0,27.0,37.0,0.14285714285714285,0.38571428571428573,0.5285714285714286
5290,2010,NYR,86.0,WOLSKI,L,36.0,6.0,13.0,19.0,0.16666666666666666,0.3611111111111111,0.5277777777777778
1968,2010,ATL,80.0,ANTROPOV,C,76.0,15.0,25.0,40.0,0.19736842105263158,0.32894736842105265,0.5263157894736842
5391,2010,NYI,21.0,OKPOSO,R,38.0,5.0,15.0,20.0,0.13157894736842105,0.39473684210526316,0.5263157894736842
3182,2010,LA,8.0,DOUGHTY,D,76.0,9.0,31.0,40.0,0.11842105263157894,0.40789473684210525,0.5263157894736842
241,2010,PIT,3.0,GOLIGOSKI,D,59.0,9.0,22.0,31.0,0.15254237288135594,0.3728813559322034,0.5254237288135594
5236,2010,CBJ,11.0,CALVERT,L,40.0,12.0,9.0,21.0,0.3,0.225,0.525
752,2010,CHI,82.0,KOPECKY,R,80.0,15.0,27.0,42.0,0.1875,0.3375,0.525
5077,2010,NYR,36.0,ZUCCARELLO,C,40.0,6.0,15.0,21.0,0.15,0.375,0.525
3078,2010,LA,28.0,STOLL,C,82.0,20.0,23.0,43.0,0.24390243902439024,0.2804878048780488,0.524390243902439
2449,2010,NYR,42.0,ANISIMOV,C,82.0,18.0,25.0,43.0,0.21951219512195122,0.3048780487804878,0.524390243902439
2705,2010,TB,12.0,GAGNE,L,63.0,17.0,16.0,33.0,0.2698412698412698,0.25396825396825395,0.5238095238095238
4596,2010,ANA,4.0,FOWLER,D,63.0,9.0,24.0,33.0,0.14285714285714285,0.38095238095238093,0.5238095238095238
1379,2010,NJ,12.0,ROLSTON,R,65.0,14.0,20.0,34.0,0.2153846153846154,0.3076923076923077,0.5230769230769231
3361,2010,FLA,61.0,STILLMAN,L,44.0,7.0,16.0,23.0,0.1590909090909091,0.36363636363636365,0.5227272727272727
3576,2010,MIN,3.0,ZIDLICKY,D,46.0,7.0,17.0,24.0,0.15217391304347827,0.3695652173913043,0.5217391304347826
4915,2010,ANA,19.0,LUPUL,R,25.0,5.0,8.0,13.0,0.2,0.32,0.52
2219,2010,BOS,73.0,RYDER,R,79.0,18.0,23.0,41.0,0.22784810126582278,0.2911392405063291,0.5189873417721519
1658,2010,DET,96.0,HOLMSTROM,L,72.0,18.0,19.0,37.0,0.25,0.2638888888888889,0.5138888888888888
3072,2010,LA,3.0,JOHNSON,D,82.0,5.0,37.0,42.0,0.06097560975609756,0.45121951219512196,0.5121951219512195
2990,2010,NSH,26.0,SULLIVAN,L,43.0,10.0,12.0,22.0,0.23255813953488372,0.27906976744186046,0.5116279069767442
2130,2010,WSH,22.0,KNUBLE,R,79.0,24.0,16.0,40.0,0.3037974683544304,0.20253164556962025,0.5063291139240507
2249,2010,PHX,28.0,KORPIKOSKI,L,79.0,19.0,21.0,40.0,0.24050632911392406,0.26582278481012656,0.5063291139240507
6068,2010,CBJ,8.0,UPSHALL,R,4.0,2.0,0.0,2.0,0.5,0.0,0.5
1905,2010,OTT,9.0,MICHALEK,L,66.0,18.0,15.0,33.0,0.2727272727272727,0.22727272727272727,0.5
6322,2010,MIN,45.0,MCMILLAN,R,4.0,1.0,1.0,2.0,0.25,0.25,0.5
3385,2010,FLA,13.0,SANTORELLI,C,82.0,20.0,21.0,41.0,0.24390243902439024,0.25609756097560976,0.5
1821,2010,BUF,3.0,LEOPOLD,D,70.0,13.0,22.0,35.0,0.18571428571428572,0.3142857142857143,0.5
1950,2010,ATL,22.0,STEWART,R,78.0,14.0,25.0,39.0,0.1794871794871795,0.32051282051282054,0.5
5380,2010,NSH,24.0,HALISCHUK,R,24.0,4.0,8.0,12.0,0.16666666666666666,0.3333333333333333,0.5
479,2010,MIN,7.0,CULLEN,C,78.0,12.0,27.0,39.0,0.15384615384615385,0.34615384615384615,0.5
509,2010,CAR,77.0,CORVO,D,82.0,11.0,30.0,41.0,0.13414634146341464,0.36585365853658536,0.5
2518,2010,NYI,93.0,WEIGHT,C,18.0,2.0,7.0,9.0,0.1111111111111111,0.3888888888888889,0.5
960,2010,CGY,5.0,GIORDANO,D,82.0,8.0,33.0,41.0,0.0975609756097561,0.4024390243902439,0.5
5973,2010,WSH,6.0,WIDEMAN,D,14.0,1.0,6.0,7.0,0.07142857142857142,0.42857142857142855,0.5
4282,2010,BUF,40.0,LALIME,,2.0,0.0,1.0,1.0,0.0,0.5,0.5
6287,2010,CBJ,33.0,KUBALIK,R,4.0,0.0,2.0,2.0,0.0,0.5,0.5
18,2010,MTL,76.0,SUBBAN,D,77.0,14.0,24.0,38.0,0.18181818181818182,0.3116883116883117,0.4935064935064935
1927,2010,OTT,27.0,KOVALEV,R,53.0,14.0,12.0,26.0,0.2641509433962264,0.22641509433962265,0.49056603773584906
2148,2010,WSH,52.0,GREEN,D,49.0,8.0,16.0,24.0,0.16326530612244897,0.32653061224489793,0.4897959183673469
4287,2010,NYI,44.0,SCHREMP,C,45.0,10.0,12.0,22.0,0.2222222222222222,0.26666666666666666,0.4888888888888889
5200,2010,MTL,58.0,DESHARNAIS,C,43.0,8.0,13.0,21.0,0.18604651162790697,0.3023255813953488,0.4883720930232558
3302,2010,FLA,10.0,BOOTH,L,82.0,23.0,17.0,40.0,0.2804878048780488,0.2073170731707317,0.4878048780487805
2207,2010,PHX,20.0,BELANGER,C,82.0,13.0,27.0,40.0,0.15853658536585366,0.32926829268292684,0.4878048780487805
563,2010,MIN,20.0,MIETTINEN,R,72.0,16.0,19.0,35.0,0.2222222222222222,0.2638888888888889,0.4861111111111111
503,2010,CAR,25.0,PITKANEN,D,72.0,5.0,30.0,35.0,0.06944444444444445,0.4166666666666667,0.4861111111111111
2437,2010,BUF,42.0,GERBE,C,64.0,16.0,15.0,31.0,0.25,0.234375,0.484375
695,2010,CHI,29.0,BICKELL,L,77.0,17.0,20.0,37.0,0.22077922077922077,0.2597402597402597,0.4805194805194805
1617,2010,DET,55.0,KRONWALL,D,77.0,11.0,26.0,37.0,0.14285714285714285,0.33766233766233766,0.4805194805194805
4969,2010,PIT,15.0,JEFFREY,C,25.0,7.0,5.0,12.0,0.28,0.2,0.48
3427,2010,PHI,20.0,PRONGER,D,50.0,4.0,20.0,24.0,0.08,0.4,0.48
3314,2010,FLA,21.0,HIGGINS,L,48.0,11.0,12.0,23.0,0.22916666666666666,0.25,0.4791666666666667
319,2010,PHI,25.0,CARLE,D,82.0,1.0,38.0,39.0,0.012195121951219513,0.4634146341463415,0.47560975609756095
1811,2010,BUF,57.0,MYERS,D,80.0,10.0,28.0,38.0,0.125,0.35,0.475
0,2010,MTL,11.0,GOMEZ,C,80.0,7.0,31.0,38.0,0.0875,0.3875,0.475
2348,2010,BOS,26.0,WHEELER,R,57.0,11.0,16.0,27.0,0.19298245614035087,0.2807017543859649,0.47368421052631576
4927,2010,FLA,63.0,DADONOV,R,36.0,8.0,9.0,17.0,0.2222222222222222,0.25,0.4722222222222222
539,2010,CAR,33.0,BABCHUK,D,17.0,3.0,5.0,8.0,0.17647058823529413,0.29411764705882354,0.47058823529411764
2894,2010,NSH,9.0,GOC,C,51.0,9.0,15.0,24.0,0.17647058823529413,0.29411764705882354,0.47058823529411764
3261,2010,PHX,86.0,WOLSKI,L,34.0,6.0,10.0,16.0,0.17647058823529413,0.29411764705882354,0.47058823529411764
824,2010,COL,10.0,CUMISKEY,D,17.0,1.0,7.0,8.0,0.058823529411764705,0.4117647058823529,0.47058823529411764
3379,2010,FLA,24.0,MCCABE,D,47.0,5.0,17.0,22.0,0.10638297872340426,0.3617021276595745,0.46808510638297873
2309,2010,PHX,22.0,STEMPNIAK,R,82.0,19.0,19.0,38.0,0.23170731707317074,0.23170731707317074,0.4634146341463415
497,2010,MIN,21.0,BRODZIAK,C,80.0,16.0,21.0,37.0,0.2,0.2625,0.4625
1335,2010,NJ,9.0,PARISE,L,13.0,3.0,3.0,6.0,0.23076923076923078,0.23076923076923078,0.46153846153846156
788,2010,CHI,22.0,BROUWER,R,78.0,17.0,19.0,36.0,0.21794871794871795,0.24358974358974358,0.46153846153846156
5272,2010,DAL,15.0,LANGENBRUNNER,R,39.0,5.0,13.0,18.0,0.1282051282051282,0.3333333333333333,0.46153846153846156
144,2010,TOR,9.0,ARMSTRONG,R,50.0,8.0,15.0,23.0,0.16,0.3,0.46
313,2010,PIT,9.0,DUPUIS,L,81.0,17.0,20.0,37.0,0.20987654320987653,0.24691358024691357,0.4567901234567901
3558,2010,CAR,14.0,SAMSONOV,L,57.0,10.0,16.0,26.0,0.17543859649122806,0.2807017543859649,0.45614035087719296
5503,2010,COL,6.0,JOHNSON,D,22.0,3.0,7.0,10.0,0.13636363636363635,0.3181818181818182,0.45454545454545453
96,2010,TOR,3.0,PHANEUF,D,66.0,8.0,22.0,30.0,0.12121212121212122,0.3333333333333333,0.45454545454545453
1426,2010,NJ,15.0,LANGENBRUNNER,R,31.0,4.0,10.0,14.0,0.12903225806451613,0.3225806451612903,0.45161290322580644
2538,2010,NYI,47.0,MACDONALD,D,60.0,4.0,23.0,27.0,0.06666666666666667,0.38333333333333336,0.45
379,2010,PIT,24.0,COOKE,L,67.0,12.0,18.0,30.0,0.1791044776119403,0.26865671641791045,0.44776119402985076
461,2010,MIN,22.0,CLUTTERBUCK,R,76.0,19.0,15.0,34.0,0.25,0.19736842105263158,0.4473684210526316
54,2010,MTL,52.0,DARCHE,L,56.0,11.0,14.0,25.0,0.19642857142857142,0.25,0.44642857142857145
3802,2010,STL,17.0,SOBOTKA,C,65.0,7.0,22.0,29.0,0.1076923076923077,0.3384615384615385,0.4461538461538462
4975,2010,CBJ,23.0,SESTITO,L,9.0,2.0,2.0,4.0,0.2222222222222222,0.2222222222222222,0.4444444444444444
5665,2010,NSH,12.0,FISHER,C,27.0,5.0,7.0,12.0,0.18518518518518517,0.25925925925925924,0.4444444444444444
2291,2010,PHX,8.0,UPSHALL,R,61.0,16.0,11.0,27.0,0.26229508196721313,0.18032786885245902,0.4426229508196721
1073,2010,EDM,91.0,PAAJARVI,L,77.0,15.0,19.0,34.0,0.19480519480519481,0.24675324675324675,0.44155844155844154
5713,2010,OTT,38.0,CONDRA,R,25.0,6.0,5.0,11.0,0.24,0.2,0.44
2028,2010,WSH,74.0,CARLSON,D,82.0,7.0,29.0,36.0,0.08536585365853659,0.35365853658536583,0.43902439024390244
409,2010,PHI,44.0,TIMONEN,D,82.0,6.0,30.0,36.0,0.07317073170731707,0.36585365853658536,0.43902439024390244
2732,2010,TB,9.0,DOWNIE,R,57.0,10.0,15.0,25.0,0.17543859649122806,0.2631578947368421,0.43859649122807015
4662,2010,CGY,33.0,BABCHUK,D,64.0,8.0,20.0,28.0,0.125,0.3125,0.4375
1893,2010,OTT,12.0,FISHER,C,55.0,14.0,10.0,24.0,0.2545454545454545,0.18181818181818182,0.43636363636363634
1944,2010,WSH,14.0,FLEISCHMANN,L,23.0,4.0,6.0,10.0,0.17391304347826086,0.2608695652173913,0.43478260869565216
5808,2010,SJ,9.0,WHITE,D,23.0,2.0,8.0,10.0,0.08695652173913043,0.34782608695652173,0.43478260869565216
1869,2010,BUF,55.0,HECHT,C,67.0,12.0,17.0,29.0,0.1791044776119403,0.2537313432835821,0.43283582089552236
1628,2010,ANA,33.0,BLAKE,L,74.0,16.0,16.0,32.0,0.21621621621621623,0.21621621621621623,0.43243243243243246
2920,2010,NSH,33.0,WILSON,C,79.0,16.0,18.0,34.0,0.20253164556962025,0.22784810126582278,0.43037974683544306
746,2010,COL,39.0,GALIARDI,L,35.0,7.0,8.0,15.0,0.2,0.22857142857142856,0.42857142857142855
2377,2010,NYR,26.0,CHRISTENSEN,C,63.0,11.0,16.0,27.0,0.1746031746031746,0.25396825396825395,0.42857142857142855
4186,2010,MTL,79.0,MARKOV,D,7.0,1.0,2.0,3.0,0.14285714285714285,0.2857142857142857,0.42857142857142855
2407,2010,NYR,22.0,BOYLE,C,82.0,21.0,14.0,35.0,0.25609756097560976,0.17073170731707318,0.4268292682926829
1033,2010,EDM,13.0,COGLIANO,C,82.0,11.0,24.0,35.0,0.13414634146341464,0.2926829268292683,0.4268292682926829
2177,2010,PHX,11.0,HANZAL,C,61.0,16.0,10.0,26.0,0.26229508196721313,0.16393442622950818,0.4262295081967213
5083,2010,PHX,89.0,BOEDKER,L,33.0,4.0,10.0,14.0,0.12121212121212122,0.30303030303030304,0.42424242424242425
4797,2010,SJ,61.0,BRAUN,D,26.0,2.0,9.0,11.0,0.07692307692307693,0.34615384615384615,0.4230769230769231
253,2010,PIT,10.0,LETESTU,C,64.0,14.0,13.0,27.0,0.21875,0.203125,0.421875
4252,2010,CHI,51.0,CAMPBELL,D,64.0,5.0,22.0,27.0,0.078125,0.34375,0.421875
4751,2010,NYI,36.0,HAMONIC,D,62.0,5.0,21.0,26.0,0.08064516129032258,0.3387096774193548,0.41935483870967744
3517,2010,MTL,44.0,HAMRLIK,D,79.0,5.0,28.0,33.0,0.06329113924050633,0.35443037974683544,0.4177215189873418
6216,2010,EDM,56.0,HARTIKAINEN,C,12.0,3.0,2.0,5.0,0.25,0.16666666666666666,0.4166666666666667
3084,2010,VAN,27.0,MALHOTRA,C,72.0,11.0,19.0,30.0,0.1527777777777778,0.2638888888888889,0.4166666666666667
1734,2010,OTT,71.0,FOLIGNO,L,82.0,14.0,20.0,34.0,0.17073170731707318,0.24390243902439024,0.4146341463414634
3355,2010,FLA,85.0,OLESZ,L,41.0,6.0,11.0,17.0,0.14634146341463414,0.2682926829268293,0.4146341463414634
2534,2010,NYI,12.0,BAILEY,C,70.0,11.0,18.0,29.0,0.15714285714285714,0.2571428571428571,0.4142857142857143
4561,2010,TOR,43.0,KADRI,C,29.0,3.0,9.0,12.0,0.10344827586206896,0.3103448275862069,0.41379310344827586
5967,2010,WSH,18.0,STURM,L,17.0,1.0,6.0,7.0,0.058823529411764705,0.35294117647058826,0.4117647058823529
2195,2010,PHX,14.0,PYATT,L,76.0,18.0,13.0,31.0,0.23684210526315788,0.17105263157894737,0.40789473684210525
3587,2010,CGY,18.0,STAJAN,C,76.0,6.0,25.0,31.0,0.07894736842105263,0.32894736842105265,0.40789473684210525
2389,2010,NYR,33.0,ROZSIVAL,D,32.0,3.0,10.0,13.0,0.09375,0.3125,0.40625
1899,2010,OTT,55.0,GONCHAR,D,67.0,7.0,20.0,27.0,0.1044776119402985,0.29850746268656714,0.40298507462686567
5914,2010,NSH,5.0,GEOFFRION,C,20.0,6.0,2.0,8.0,0.3,0.1,0.4
3993,2010,WSH,85.0,PERREAULT,C,35.0,7.0,7.0,14.0,0.2,0.2,0.4
2846,2010,STL,28.0,COLAIACOVO,D,65.0,6.0,20.0,26.0,0.09230769230769231,0.3076923076923077,0.4
4868,2010,BOS,91.0,SAVARD,C,25.0,2.0,8.0,10.0,0.08,0.32,0.4
4921,2010,BUF,12.0,MANCARI,R,20.0,1.0,7.0,8.0,0.05,0.35,0.4
4127,2010,DAL,36.0,LARSEN,D,5.0,0.0,2.0,2.0,0.0,0.4,0.4
3338,2010,FLA,14.0,DVORAK,R,53.0,7.0,14.0,21.0,0.1320754716981132,0.2641509433962264,0.39622641509433965
5189,2010,NJ,32.0,PALMIERI,R,43.0,9.0,8.0,17.0,0.20930232558139536,0.18604651162790697,0.3953488372093023
2321,2010,BOS,44.0,SEIDENBERG,D,81.0,7.0,25.0,32.0,0.08641975308641975,0.30864197530864196,0.3950617283950617
533,2010,CAR,4.0,MCBAIN,D,76.0,7.0,23.0,30.0,0.09210526315789473,0.3026315789473684,0.39473684210526316
4460,2010,NJ,21.0,TEDENBY,L,56.0,8.0,14.0,22.0,0.14285714285714285,0.25,0.39285714285714285
1992,2010,WSH,16.0,FEHR,R,51.0,10.0,10.0,20.0,0.19607843137254902,0.19607843137254902,0.39215686274509803
2076,2010,WSH,90.0,JOHANSSON,C,69.0,13.0,14.0,27.0,0.18840579710144928,0.2028985507246377,0.391304347826087
3732,2010,PHX,91.0,TURRIS,C,64.0,11.0,14.0,25.0,0.171875,0.21875,0.390625
120,2010,TOR,42.0,BOZAK,C,82.0,15.0,17.0,32.0,0.18292682926829268,0.2073170731707317,0.3902439024390244
3320,2010,FLA,19.0,REASONER,C,82.0,14.0,18.0,32.0,0.17073170731707318,0.21951219512195122,0.3902439024390244
1299,2010,DAL,29.0,OTT,C,82.0,12.0,20.0,32.0,0.14634146341463414,0.24390243902439024,0.3902439024390244
1547,2010,DET,43.0,HELM,C,82.0,12.0,20.0,32.0,0.14634146341463414,0.24390243902439024,0.3902439024390244
2687,2010,TB,19.0,MOORE,C,77.0,18.0,12.0,30.0,0.23376623376623376,0.15584415584415584,0.38961038961038963
1437,2010,NJ,25.0,ARNOTT,C,62.0,13.0,11.0,24.0,0.20967741935483872,0.1774193548387097,0.3870967741935484
1863,2010,OTT,22.0,KELLY,C,57.0,12.0,10.0,22.0,0.21052631578947367,0.17543859649122806,0.38596491228070173
1431,2010,NJ,8.0,ZUBRUS,C,78.0,13.0,17.0,30.0,0.16666666666666666,0.21794871794871795,0.38461538461538464
587,2010,CAR,59.0,LAROSE,R,81.0,16.0,15.0,31.0,0.19753086419753085,0.18518518518518517,0.38271604938271603
1794,2010,BUF,28.0,GAUSTAD,C,81.0,12.0,19.0,31.0,0.14814814814814814,0.2345679012345679,0.38271604938271603
331,2010,PHI,93.0,ZHERDEV,R,55.0,16.0,5.0,21.0,0.2909090909090909,0.09090909090909091,0.38181818181818183
1917,2010,BUF,44.0,SEKERA,D,76.0,4.0,25.0,29.0,0.05263157894736842,0.32894736842105265,0.3815789473684211
3197,2010,LA,17.0,SIMMONDS,R,79.0,14.0,16.0,30.0,0.17721518987341772,0.20253164556962025,0.379746835443038
90,2010,MTL,57.0,POULIOT,L,79.0,13.0,17.0,30.0,0.16455696202531644,0.21518987341772153,0.379746835443038
2395,2010,NYR,5.0,GIRARDI,D,79.0,4.0,26.0,30.0,0.05063291139240506,0.3291139240506329,0.379746835443038
2460,2010,NYR,19.0,FEDOTENKO,L,66.0,10.0,15.0,25.0,0.15151515151515152,0.22727272727272727,0.3787878787878788
2717,2010,TB,26.0,STLOUIS,R,82.0,31.0,0.0,31.0,0.3780487804878049,0.0,0.3780487804878049
2560,2010,NYI,27.0,JURCINA,D,45.0,4.0,13.0,17.0,0.08888888888888889,0.28888888888888886,0.37777777777777777
1067,2010,CGY,10.0,HAGMAN,L,69.0,11.0,15.0,26.0,0.15942028985507245,0.21739130434782608,0.37681159420289856
2419,2010,NYR,18.0,STAAL,D,77.0,7.0,22.0,29.0,0.09090909090909091,0.2857142857142857,0.37662337662337664
2761,2010,TB,10.0,BERGENHEIM,L,80.0,14.0,16.0,30.0,0.175,0.2,0.375
983,2010,CGY,3.0,WHITE,D,16.0,2.0,4.0,6.0,0.125,0.25,0.375
1541,2010,DET,90.0,MODANO,C,40.0,4.0,11.0,15.0,0.1,0.275,0.375
5749,2010,BOS,12.0,KABERLE,D,24.0,1.0,8.0,9.0,0.041666666666666664,0.3333333333333333,0.375
2431,2010,NYR,31.0,FROLOV,L,43.0,7.0,9.0,16.0,0.16279069767441862,0.20930232558139536,0.37209302325581395
5408,2010,SJ,20.0,WELLWOOD,C,35.0,5.0,8.0,13.0,0.14285714285714285,0.22857142857142856,0.37142857142857144
5719,2010,PHI,10.0,VERSTEEG,R,27.0,7.0,3.0,10.0,0.25925925925925924,0.1111111111111111,0.37037037037037035
1464,2010,DAL,3.0,ROBIDAS,D,81.0,5.0,25.0,30.0,0.06172839506172839,0.30864197530864196,0.37037037037037035
1776,2010,OTT,26.0,SHANNON,R,73.0,11.0,16.0,27.0,0.1506849315068493,0.2191780821917808,0.3698630136986301
3481,2010,LA,12.0,LOKTIONOV,C,19.0,4.0,3.0,7.0,0.21052631578947367,0.15789473684210525,0.3684210526315789
5891,2010,PIT,72.0,KOVALEV,R,19.0,2.0,5.0,7.0,0.10526315789473684,0.2631578947368421,0.3684210526315789
6080,2010,CHI,14.0,CAMPOLI,D,19.0,1.0,6.0,7.0,0.05263157894736842,0.3157894736842105,0.3684210526315789
1204,2010,CBJ,6.0,STRALMAN,D,49.0,1.0,17.0,18.0,0.02040816326530612,0.3469387755102041,0.3673469387755102
156,2010,MTL,15.0,HALPERN,C,71.0,11.0,15.0,26.0,0.15492957746478872,0.2112676056338028,0.36619718309859156
527,2010,CAR,16.0,SUTTER,C,82.0,14.0,16.0,30.0,0.17073170731707318,0.1951219512195122,0.36585365853658536
1145,2010,CBJ,24.0,MACKENZIE,C,63.0,9.0,14.0,23.0,0.14285714285714285,0.2222222222222222,0.36507936507936506
2465,2010,NYR,8.0,PRUST,L,80.0,14.0,15.0,29.0,0.175,0.1875,0.3625
3237,2010,VAN,13.0,TORRES,L,80.0,14.0,15.0,29.0,0.175,0.1875,0.3625
2255,2010,BOS,11.0,CAMPBELL,C,80.0,13.0,16.0,29.0,0.1625,0.2,0.3625
3002,2010,NSH,29.0,WARD,R,80.0,10.0,19.0,29.0,0.125,0.2375,0.3625
2950,2010,NSH,4.0,FRANSON,D,80.0,8.0,21.0,29.0,0.1,0.2625,0.3625
2625,2010,PIT,6.0,LOVEJOY,D,47.0,3.0,14.0,17.0,0.06382978723404255,0.2978723404255319,0.3617021276595745
3350,2010,FLA,7.0,KULIKOV,D,72.0,6.0,20.0,26.0,0.08333333333333333,0.2777777777777778,0.3611111111111111
3060,2010,VAN,2.0,HAMHUIS,D,64.0,6.0,17.0,23.0,0.09375,0.265625,0.359375
3192,2010,VAN,36.0,HANSEN,R,81.0,9.0,20.0,29.0,0.1111111111111111,0.24691358024691357,0.35802469135802467
5438,2010,FLA,3.0,WILSON,D,14.0,3.0,2.0,5.0,0.21428571428571427,0.14285714285714285,0.35714285714285715
6163,2010,VAN,20.0,HIGGINS,L,14.0,2.0,3.0,5.0,0.14285714285714285,0.21428571428571427,0.35714285714285715
3617,2010,NJ,16.0,JOSEFSON,C,28.0,3.0,7.0,10.0,0.10714285714285714,0.25,0.35714285714285715
1752,2010,BUF,4.0,MONTADOR,D,73.0,5.0,21.0,26.0,0.0684931506849315,0.2876712328767123,0.3561643835616438
3066,2010,LA,26.0,HANDZUS,C,82.0,12.0,17.0,29.0,0.14634146341463414,0.2073170731707317,0.35365853658536583
1271,2010,CBJ,51.0,TYUTIN,D,77.0,7.0,20.0,27.0,0.09090909090909091,0.2597402597402597,0.35064935064935066
4715,2010,ANA,64.0,MCMILLAN,C,60.0,11.0,10.0,21.0,0.18333333333333332,0.16666666666666666,0.35
3267,2010,BOS,38.0,CARON,R,20.0,3.0,4.0,7.0,0.15,0.2,0.35
1962,2010,WSH,3.0,POTI,D,20.0,2.0,5.0,7.0,0.1,0.25,0.35
6003,2010,FLA,11.0,BERGFORS,R,20.0,1.0,6.0,7.0,0.05,0.3,0.35
1151,2010,SJ,17.0,MITCHELL,C,66.0,9.0,14.0,23.0,0.13636363636363635,0.21212121212121213,0.3484848484848485
5832,2010,NSH,7.0,BLUM,D,23.0,3.0,5.0,8.0,0.13043478260869565,0.21739130434782608,0.34782608695652173
3451,2010,COL,12.0,PORTER,C,72.0,14.0,11.0,25.0,0.19444444444444445,0.1527777777777778,0.3472222222222222
2932,2010,NSH,22.0,TOOTOO,R,52.0,8.0,10.0,18.0,0.15384615384615385,0.19230769230769232,0.34615384615384615
431,2010,PHI,41.0,MESZAROS,D,81.0,8.0,20.0,28.0,0.09876543209876543,0.24691358024691357,0.345679012345679
2857,2010,STL,6.0,JOHNSON,D,55.0,5.0,14.0,19.0,0.09090909090909091,0.2545454545454545,0.34545454545454546
4513,2010,COL,20.0,MAULDIN,C,29.0,5.0,5.0,10.0,0.1724137931034483,0.1724137931034483,0.3448275862068966
3703,2010,FLA,27.0,REINPRECHT,C,29.0,4.0,6.0,10.0,0.13793103448275862,0.20689655172413793,0.3448275862068966
3939,2010,CBJ,25.0,WILSON,C,32.0,4.0,7.0,11.0,0.125,0.21875,0.34375
3505,2010,NYI,38.0,HILLEN,D,64.0,4.0,18.0,22.0,0.0625,0.28125,0.34375
900,2010,CGY,11.0,BACKLUND,C,73.0,10.0,15.0,25.0,0.136986301369863,0.2054794520547945,0.3424657534246575
6328,2010,WSH,62.0,COLLINS,D,3.0,1.0,0.0,1.0,0.3333333333333333,0.0,0.3333333333333333
4412,2010,CHI,27.0,MORIN,L,9.0,2.0,1.0,3.0,0.2222222222222222,0.1111111111111111,0.3333333333333333
3849,2010,ANA,26.0,SYVRET,D,6.0,1.0,1.0,2.0,0.16666666666666666,0.16666666666666666,0.3333333333333333
3662,2010,ATL,23.0,SLATER,C,36.0,5.0,7.0,12.0,0.1388888888888889,0.19444444444444445,0.3333333333333333
5386,2010,BUF,17.0,GRAGNANI,D,9.0,1.0,2.0,3.0,0.1111111111111111,0.2222222222222222,0.3333333333333333
5153,2010,NSH,40.0,SVATOS,R,9.0,1.0,2.0,3.0,0.1111111111111111,0.2222222222222222,0.3333333333333333
4204,2010,STL,37.0,OYSTRICK,D,9.0,1.0,2.0,3.0,0.1111111111111111,0.2222222222222222,0.3333333333333333
1453,2010,DAL,6.0,DALEY,D,81.0,8.0,19.0,27.0,0.09876543209876543,0.2345679012345679,0.3333333333333333
3144,2010,VAN,3.0,BIEKSA,D,66.0,6.0,16.0,22.0,0.09090909090909091,0.24242424242424243,0.3333333333333333
5308,2010,EDM,41.0,CHORNEY,D,12.0,1.0,3.0,4.0,0.08333333333333333,0.25,0.3333333333333333
3975,2010,NJ,18.0,VASYUNOV,L,15.0,1.0,4.0,5.0,0.06666666666666667,0.26666666666666666,0.3333333333333333
1163,2010,SJ,60.0,DEMERS,D,75.0,2.0,23.0,25.0,0.02666666666666667,0.30666666666666664,0.3333333333333333
5551,2010,BOS,52.0,HAMILL,C,3.0,0.0,1.0,1.0,0.0,0.3333333333333333,0.3333333333333333
1214,2010,CBJ,28.0,FILATOV,L,21.0,0.0,7.0,7.0,0.0,0.3333333333333333,0.3333333333333333
4270,2010,PHI,47.0,WELLWOOD,L,3.0,0.0,1.0,1.0,0.0,0.3333333333333333,0.3333333333333333
551,2010,MIN,11.0,MADDEN,C,76.0,12.0,13.0,25.0,0.15789473684210525,0.17105263157894737,0.32894736842105265
836,2010,CHI,25.0,STALBERG,L,73.0,12.0,12.0,24.0,0.1643835616438356,0.1643835616438356,0.3287671232876712
776,2010,CHI,20.0,SKILLE,R,49.0,7.0,9.0,16.0,0.14285714285714285,0.1836734693877551,0.32653061224489793
2371,2010,PHX,6.0,SCHLEMKO,D,43.0,4.0,10.0,14.0,0.09302325581395349,0.23255813953488372,0.32558139534883723
764,2010,COL,34.0,WINNIK,C,80.0,11.0,15.0,26.0,0.1375,0.1875,0.325
2112,2010,WSH,26.0,HENDRICKS,C,77.0,9.0,16.0,25.0,0.11688311688311688,0.2077922077922078,0.3246753246753247
3049,2010,CBJ,10.0,RUSSELL,D,71.0,5.0,18.0,23.0,0.07042253521126761,0.2535211267605634,0.323943661971831
5647,2010,CHI,67.0,FROLIK,R,28.0,3.0,6.0,9.0,0.10714285714285714,0.21428571428571427,0.32142857142857145
3668,2010,ANA,32.0,LYDMAN,D,78.0,3.0,22.0,25.0,0.038461538461538464,0.28205128205128205,0.32051282051282054
289,2010,PIT,7.0,MARTIN,D,75.0,3.0,21.0,24.0,0.04,0.28,0.32
4833,2010,TOR,46.0,CRABB,R,47.0,3.0,12.0,15.0,0.06382978723404255,0.2553191489361702,0.3191489361702128
5059,2010,CAR,11.0,BOYCHUK,L,22.0,4.0,3.0,7.0,0.18181818181818182,0.13636363636363635,0.3181818181818182
4680,2010,FLA,37.0,THOMAS,R,22.0,4.0,3.0,7.0,0.18181818181818182,0.13636363636363635,0.3181818181818182
1553,2010,DET,17.0,EAVES,R,63.0,13.0,7.0,20.0,0.20634920634920634,0.1111111111111111,0.31746031746031744
2285,2010,BOS,20.0,PAILLE,L,41.0,6.0,7.0,13.0,0.14634146341463414,0.17073170731707318,0.3170731707317073
948,2010,EDM,77.0,GILBERT,D,79.0,6.0,19.0,25.0,0.0759493670886076,0.24050632911392406,0.31645569620253167
6098,2010,LA,25.0,PENNER,R,19.0,2.0,4.0,6.0,0.10526315789473684,0.21052631578947367,0.3157894736842105
5944,2010,NYR,28.0,MCCABE,D,19.0,2.0,4.0,6.0,0.10526315789473684,0.21052631578947367,0.3157894736842105
277,2010,PIT,19.0,COMRIE,C,19.0,1.0,5.0,6.0,0.05263157894736842,0.2631578947368421,0.3157894736842105
2476,2010,NYR,16.0,AVERY,L,76.0,3.0,21.0,24.0,0.039473684210526314,0.27631578947368424,0.3157894736842105
1722,2010,OTT,13.0,REGIN,C,54.0,3.0,14.0,17.0,0.05555555555555555,0.25925925925925924,0.3148148148148148
818,2010,COL,18.0,YIP,R,70.0,12.0,10.0,22.0,0.17142857142857143,0.14285714285714285,0.3142857142857143
3290,2010,FLA,18.0,MATTHIAS,C,51.0,6.0,10.0,16.0,0.11764705882352941,0.19607843137254902,0.3137254901960784
924,2010,EDM,28.0,JONES,L,80.0,18.0,7.0,25.0,0.225,0.0875,0.3125
1006,2010,EDM,26.0,FOSTER,D,74.0,8.0,15.0,23.0,0.10810810810810811,0.20270270270270271,0.3108108108108108
2303,2010,PHX,38.0,FIDDLER,L,71.0,6.0,16.0,22.0,0.08450704225352113,0.22535211267605634,0.30985915492957744
2004,2010,WSH,25.0,CHIMERA,L,81.0,10.0,15.0,25.0,0.12345679012345678,0.18518518518518517,0.30864197530864196
575,2010,CAR,22.0,DALPE,C,13.0,3.0,1.0,4.0,0.23076923076923078,0.07692307692307693,0.3076923076923077
4987,2010,LA,9.0,MOLLER,C,13.0,1.0,3.0,4.0,0.07692307692307693,0.23076923076923078,0.3076923076923077
5867,2010,BOS,49.0,PEVERLEY,C,23.0,4.0,3.0,7.0,0.17391304347826086,0.13043478260869565,0.30434782608695654
5587,2010,TB,47.0,BERGERON,D,23.0,2.0,5.0,7.0,0.08695652173913043,0.21739130434782608,0.30434782608695654
2058,2010,ATL,21.0,EAGER,L,33.0,3.0,7.0,10.0,0.09090909090909091,0.21212121212121213,0.30303030303030304
186,2010,TOR,36.0,GUNNARSSON,D,66.0,4.0,16.0,20.0,0.06060606060606061,0.24242424242424243,0.30303030303030304
2231,2010,BOS,19.0,SEGUIN,C,73.0,11.0,11.0,22.0,0.1506849315068493,0.1506849315068493,0.3013698630136986
5130,2010,PHX,39.0,MACLEAN,L,10.0,2.0,1.0,3.0,0.2,0.1,0.3
1199,2010,CBJ,22.0,COMMODORE,D,20.0,2.0,4.0,6.0,0.1,0.2,0.3
5855,2010,PIT,18.0,NEAL,L,20.0,1.0,5.0,6.0,0.05,0.25,0.3
4674,2010,MTL,68.0,WEBER,D,40.0,1.0,11.0,12.0,0.025,0.275,0.3
1577,2010,DET,23.0,STUART,D,67.0,3.0,17.0,20.0,0.04477611940298507,0.2537313432835821,0.29850746268656714
1016,2010,CGY,4.0,BOUWMEESTER,D,81.0,4.0,20.0,24.0,0.04938271604938271,0.24691358024691357,0.2962962962962963
6151,2010,CBJ,9.0,UPSHALL,R,17.0,4.0,1.0,5.0,0.23529411764705882,0.058823529411764705,0.29411764705882354
1293,2010,NJ,20.0,TAORMINA,D,17.0,3.0,2.0,5.0,0.17647058823529413,0.11764705882352941,0.29411764705882354
6032,2010,OTT,10.0,SVATOS,R,17.0,3.0,2.0,5.0,0.17647058823529413,0.11764705882352941,0.29411764705882354
1682,2010,ANA,39.0,BELESKEY,L,34.0,3.0,7.0,10.0,0.08823529411764706,0.20588235294117646,0.29411764705882354
5784,2010,CAR,33.0,JOSLIN,D,17.0,1.0,4.0,5.0,0.058823529411764705,0.23529411764705882,0.29411764705882354
2297,2010,PHX,33.0,AUCOIN,D,75.0,3.0,19.0,22.0,0.04,0.25333333333333335,0.29333333333333333
3969,2010,BUF,6.0,WEBER,D,58.0,4.0,13.0,17.0,0.06896551724137931,0.22413793103448276,0.29310344827586204
2727,2010,TB,7.0,CLARK,D,82.0,9.0,15.0,24.0,0.10975609756097561,0.18292682926829268,0.2926829268292683
5017,2010,STL,79.0,CRACKNELL,R,24.0,3.0,4.0,7.0,0.125,0.16666666666666666,0.2916666666666667
2693,2010,TB,44.0,THOMPSON,C,79.0,10.0,13.0,23.0,0.12658227848101267,0.16455696202531644,0.2911392405063291
3639,2010,CBJ,71.0,CLARK,R,52.0,5.0,10.0,15.0,0.09615384615384616,0.19230769230769232,0.28846153846153844
2996,2010,NSH,71.0,DUMONT,R,66.0,10.0,9.0,19.0,0.15151515151515152,0.13636363636363635,0.2878787878787879
4507,2010,PIT,18.0,CONNER,R,42.0,6.0,6.0,12.0,0.14285714285714285,0.14285714285714285,0.2857142857142857
5314,2010,STL,25.0,MCRAE,C,7.0,1.0,1.0,2.0,0.14285714285714285,0.14285714285714285,0.2857142857142857
830,2010,CHI,15.0,PISANI,R,56.0,7.0,9.0,16.0,0.125,0.16071428571428573,0.2857142857142857
2816,2010,STL,18.0,MCCLEMENT,C,56.0,6.0,10.0,16.0,0.10714285714285714,0.17857142857142858,0.2857142857142857
912,2010,CGY,15.0,JACKMAN,R,81.0,10.0,13.0,23.0,0.12345679012345678,0.16049382716049382,0.2839506172839506
3686,2010,PHI,15.0,NODL,R,67.0,11.0,8.0,19.0,0.16417910447761194,0.11940298507462686,0.2835820895522388
5135,2010,TOR,47.0,BOYCE,C,46.0,5.0,8.0,13.0,0.10869565217391304,0.17391304347826086,0.2826086956521739
1571,2010,ANA,42.0,SEXTON,R,46.0,4.0,9.0,13.0,0.08695652173913043,0.1956521739130435,0.2826086956521739
2699,2010,TB,77.0,HEDMAN,D,78.0,3.0,19.0,22.0,0.038461538461538464,0.24358974358974358,0.28205128205128205
1385,2010,NJ,6.0,GREENE,D,82.0,4.0,19.0,23.0,0.04878048780487805,0.23170731707317074,0.2804878048780488
403,2010,PHI,21.0,VANRIEMSDYK,L,75.0,21.0,0.0,21.0,0.28,0.0,0.28
2333,2010,PHX,55.0,JOVANOVSKI,D,50.0,5.0,9.0,14.0,0.1,0.18,0.28
3225,2010,LA,15.0,RICHARDSON,R,68.0,7.0,12.0,19.0,0.10294117647058823,0.17647058823529413,0.27941176470588236
1986,2010,ATL,19.0,MODIN,L,36.0,7.0,3.0,10.0,0.19444444444444445,0.08333333333333333,0.2777777777777778
4531,2010,CBJ,17.0,MURRAY,C,29.0,4.0,4.0,8.0,0.13793103448275862,0.13793103448275862,0.27586206896551724
1740,2010,BUF,20.0,NIEDERMAYER,C,69.0,5.0,14.0,19.0,0.07246376811594203,0.2028985507246377,0.2753623188405797
3463,2010,VAN,10.0,TAMBELLINI,L,62.0,9.0,8.0,17.0,0.14516129032258066,0.12903225806451613,0.27419354838709675
1652,2010,DET,20.0,MILLER,L,66.0,10.0,8.0,18.0,0.15151515151515152,0.12121212121212122,0.2727272727272727
4436,2010,SJ,78.0,FERRIERO,R,33.0,5.0,4.0,9.0,0.15151515151515152,0.12121212121212122,0.2727272727272727
3622,2010,NJ,22.0,CORRENTE,D,22.0,0.0,6.0,6.0,0.0,0.2727272727272727,0.2727272727272727
4774,2010,LA,53.0,MARTINEZ,D,59.0,6.0,10.0,16.0,0.1016949152542373,0.1694915254237288,0.2711864406779661
192,2010,MTL,6.0,SPACEK,D,59.0,2.0,14.0,16.0,0.03389830508474576,0.23728813559322035,0.2711864406779661
2016,2010,ATL,8.0,BURMISTROV,C,74.0,6.0,14.0,20.0,0.08108108108108109,0.1891891891891892,0.2702702702702703
30,2010,TOR,2.0,SCHENN,D,82.0,5.0,17.0,22.0,0.06097560975609756,0.2073170731707317,0.2682926829268293
557,2010,MIN,12.0,KOBASEW,R,60.0,9.0,7.0,16.0,0.15,0.11666666666666667,0.26666666666666666
2865,2010,STL,4.0,BREWER,D,53.0,8.0,6.0,14.0,0.1509433962264151,0.11320754716981132,0.2641509433962264
307,2010,PIT,4.0,MICHALEK,D,72.0,5.0,14.0,19.0,0.06944444444444445,0.19444444444444445,0.2638888888888889
4945,2010,BOS,47.0,KAMPFER,D,38.0,5.0,5.0,10.0,0.13157894736842105,0.13157894736842105,0.2631578947368421
3599,2010,CGY,27.0,STAIOS,D,38.0,3.0,7.0,10.0,0.07894736842105263,0.18421052631578946,0.2631578947368421
5997,2010,CAR,5.0,ALLEN,D,19.0,0.0,5.0,5.0,0.0,0.2631578947368421,0.2631578947368421
6062,2010,CBJ,4.0,LEPISTO,D,19.0,0.0,5.0,5.0,0.0,0.2631578947368421,0.2631578947368421
713,2010,COL,22.0,HANNAN,D,23.0,0.0,6.0,6.0,0.0,0.2608695652173913,0.2608695652173913
5689,2010,VAN,6.0,SALO,D,27.0,3.0,4.0,7.0,0.1111111111111111,0.14814814814814814,0.25925925925925924
3697,2010,TB,21.0,RITOLA,C,31.0,4.0,4.0,8.0,0.12903225806451613,0.12903225806451613,0.25806451612903225
4608,2010,FLA,32.0,REPIK,R,31.0,2.0,6.0,8.0,0.06451612903225806,0.1935483870967742,0.25806451612903225
4192,2010,DET,8.0,ABDELKADER,L,74.0,7.0,12.0,19.0,0.0945945945945946,0.16216216216216217,0.25675675675675674
4656,2010,CAR,7.0,WHITE,D,39.0,0.0,10.0,10.0,0.0,0.2564102564102564,0.2564102564102564
2882,2010,STL,36.0,DAGOSTINI,R,82.0,21.0,0.0,21.0,0.25609756097560976,0.0,0.25609756097560976
415,2010,PIT,25.0,TALBOT,C,82.0,8.0,13.0,21.0,0.0975609756097561,0.15853658536585366,0.25609756097560976
4099,2010,PIT,45.0,ASHAM,R,43.0,5.0,6.0,11.0,0.11627906976744186,0.13953488372093023,0.2558139534883721
4549,2010,OTT,17.0,KUBA,D,63.0,2.0,14.0,16.0,0.031746031746031744,0.2222222222222222,0.25396825396825395
2243,2010,BOS,22.0,THORNTON,L,79.0,10.0,10.0,20.0,0.12658227848101267,0.12658227848101267,0.25316455696202533
6,2010,TOR,37.0,BRENT,C,79.0,8.0,12.0,20.0,0.10126582278481013,0.1518987341772152,0.25316455696202533
758,2010,CHI,28.0,DOWELL,C,79.0,6.0,14.0,20.0,0.0759493670886076,0.17721518987341772,0.25316455696202533
4133,2010,COL,5.0,LIFFITON,D,4.0,1.0,0.0,1.0,0.25,0.0,0.25
4240,2010,NJ,22.0,MILLS,C,4.0,1.0,0.0,1.0,0.25,0.0,0.25
4472,2010,VAN,62.0,BLIZNAK,C,4.0,1.0,0.0,1.0,0.25,0.0,0.25
6009,2010,ATL,13.0,SCHREMP,C,16.0,3.0,1.0,4.0,0.1875,0.0625,0.25
6169,2010,FLA,20.0,CARTER,C,12.0,2.0,1.0,3.0,0.16666666666666666,0.08333333333333333,0.25
2822,2010,STL,15.0,WINCHESTER,L,56.0,9.0,5.0,14.0,0.16071428571428573,0.08928571428571429,0.25
5467,2010,BUF,24.0,BYRON,C,8.0,1.0,1.0,2.0,0.125,0.125,0.25
6127,2010,EDM,12.0,GIROUX,L,8.0,1.0,1.0,2.0,0.125,0.125,0.25
5533,2010,VAN,39.0,HODGSON,C,8.0,1.0,1.0,2.0,0.125,0.125,0.25
4993,2010,WSH,63.0,GORDON,R,8.0,1.0,1.0,2.0,0.125,0.125,0.25
1839,2010,BUF,8.0,MCCORMICK,C,80.0,8.0,12.0,20.0,0.1,0.15,0.25
4614,2010,STL,77.0,HENSICK,C,12.0,1.0,2.0,3.0,0.08333333333333333,0.16666666666666666,0.25
4590,2010,SJ,65.0,JOSLIN,D,16.0,1.0,3.0,4.0,0.0625,0.1875,0.25
1933,2010,OTT,14.0,CAMPOLI,D,56.0,3.0,11.0,14.0,0.05357142857142857,0.19642857142857142,0.25
5557,2010,NYI,6.0,WISHART,D,20.0,1.0,4.0,5.0,0.05,0.2,0.25
2608,2010,NYI,24.0,MARTINEK,D,64.0,3.0,13.0,16.0,0.046875,0.203125,0.25
6334,2010,ATL,51.0,ZUBAREV,D,4.0,0.0,1.0,1.0,0.0,0.25,0.25
6293,2010,CGY,22.0,LANGKOW,C,4.0,0.0,1.0,1.0,0.0,0.25,0.25
918,2010,CGY,42.0,SUTTER,L,4.0,0.0,1.0,1.0,0.0,0.25,0.25
3102,2010,LA,10.0,SCHENN,C,8.0,0.0,2.0,2.0,0.0,0.25,0.25
5396,2010,NYR,25.0,KOLARIK,C,4.0,0.0,1.0,1.0,0.0,0.25,0.25
6233,2010,OTT,46.0,WIERCIOCH,D,8.0,0.0,2.0,2.0,0.0,0.25,0.25
1276,2010,CBJ,35.0,HEJDA,D,77.0,4.0,15.0,19.0,0.05194805194805195,0.19480519480519481,0.24675324675324675
3397,2010,FLA,52.0,GARRISON,D,73.0,5.0,13.0,18.0,0.0684931506849315,0.1780821917808219,0.2465753424657534
3132,2010,LA,27.0,PONIKAROVSKY,L,61.0,5.0,10.0,15.0,0.08196721311475409,0.16393442622950818,0.2459016393442623
4721,2010,NJ,34.0,FAYNE,D,57.0,4.0,10.0,14.0,0.07017543859649122,0.17543859649122806,0.24561403508771928
1169,2010,CBJ,26.0,PAHLSSON,C,82.0,7.0,13.0,20.0,0.08536585365853659,0.15853658536585366,0.24390243902439024
2722,2010,TB,13.0,KUBINA,D,78.0,4.0,15.0,19.0,0.05128205128205128,0.19230769230769232,0.24358974358974358
1980,2010,ATL,4.0,BOGOSIAN,D,71.0,5.0,12.0,17.0,0.07042253521126761,0.16901408450704225,0.23943661971830985
794,2010,COL,44.0,WILSON,D,67.0,3.0,13.0,16.0,0.04477611940298507,0.19402985074626866,0.23880597014925373
4668,2010,CGY,16.0,KOSTOPOULOS,R,59.0,7.0,7.0,14.0,0.11864406779661017,0.11864406779661017,0.23728813559322035
5254,2010,NYR,27.0,MCDONAGH,D,38.0,1.0,8.0,9.0,0.02631578947368421,0.21052631578947367,0.23684210526315788
4821,2010,MIN,46.0,SPURGEON,D,51.0,4.0,8.0,12.0,0.0784313725490196,0.1568627450980392,0.23529411764705882
485,2010,CAR,29.0,KOSTOPOULOS,R,17.0,1.0,3.0,4.0,0.058823529411764705,0.17647058823529413,0.23529411764705882
3927,2010,LA,5.0,HARROLD,D,17.0,1.0,3.0,4.0,0.058823529411764705,0.17647058823529413,0.23529411764705882
2543,2010,NYI,7.0,HUNTER,R,17.0,1.0,3.0,4.0,0.058823529411764705,0.17647058823529413,0.23529411764705882
5849,2010,PIT,16.0,CONNER,R,17.0,1.0,3.0,4.0,0.058823529411764705,0.17647058823529413,0.23529411764705882
4897,2010,DET,33.0,DRAPER,C,47.0,6.0,5.0,11.0,0.1276595744680851,0.10638297872340426,0.23404255319148937
995,2010,CGY,7.0,PARDY,D,30.0,1.0,6.0,7.0,0.03333333333333333,0.2,0.23333333333333334
2338,2010,BOS,55.0,BOYCHUK,D,69.0,3.0,13.0,16.0,0.043478260869565216,0.18840579710144928,0.2318840579710145
2010,2010,ATL,27.0,THORBURN,R,82.0,9.0,10.0,19.0,0.10975609756097561,0.12195121951219512,0.23170731707317074
1998,2010,ATL,6.0,HAINSEY,D,82.0,3.0,16.0,19.0,0.036585365853658534,0.1951219512195122,0.23170731707317074
4909,2010,CGY,26.0,KOTALIK,R,26.0,4.0,2.0,6.0,0.15384615384615385,0.07692307692307693,0.23076923076923078
4162,2010,CAR,19.0,TLUSTY,C,52.0,6.0,6.0,12.0,0.11538461538461539,0.11538461538461539,0.23076923076923078
3344,2010,FLA,5.0,ALLEN,D,52.0,4.0,8.0,12.0,0.07692307692307693,0.15384615384615385,0.23076923076923078
4394,2010,STL,64.0,NIKITIN,D,39.0,1.0,8.0,9.0,0.02564102564102564,0.20512820512820512,0.23076923076923078
1038,2010,EDM,2.0,VANDERMEER,D,61.0,2.0,12.0,14.0,0.03278688524590164,0.19672131147540983,0.22950819672131148
629,2010,CAR,39.0,DWYER,R,79.0,8.0,10.0,18.0,0.10126582278481013,0.12658227848101267,0.22784810126582278
3391,2010,FLA,26.0,BERNIER,R,66.0,5.0,10.0,15.0,0.07575757575757576,0.15151515151515152,0.22727272727272727
5218,2010,EDM,85.0,REDDOX,L,44.0,1.0,9.0,10.0,0.022727272727272728,0.20454545454545456,0.22727272727272727
2984,2010,NSH,51.0,BOUILLON,D,44.0,1.0,9.0,10.0,0.022727272727272728,0.20454545454545456,0.22727272727272727
4686,2010,NYI,58.0,JOENSUU,L,40.0,6.0,3.0,9.0,0.15,0.075,0.225
1181,2010,SJ,44.0,VLASIC,D,80.0,4.0,14.0,18.0,0.05,0.175,0.225
2353,2010,BOS,21.0,FERENCE,D,67.0,3.0,12.0,15.0,0.04477611940298507,0.1791044776119403,0.22388059701492538
4110,2010,BOS,54.0,MCQUAID,D,67.0,3.0,12.0,15.0,0.04477611940298507,0.1791044776119403,0.22388059701492538
1237,2010,CBJ,15.0,DORSETT,R,76.0,4.0,13.0,17.0,0.05263157894736842,0.17105263157894737,0.2236842105263158
3743,2010,CGY,6.0,SARICH,D,76.0,4.0,13.0,17.0,0.05263157894736842,0.17105263157894737,0.2236842105263158
1373,2010,NJ,23.0,CLARKSON,R,81.0,12.0,6.0,18.0,0.14814814814814814,0.07407407407407407,0.2222222222222222
1347,2010,DAL,16.0,BURISH,R,63.0,8.0,6.0,14.0,0.12698412698412698,0.09523809523809523,0.2222222222222222
1475,2010,DAL,24.0,SEGAL,R,45.0,5.0,5.0,10.0,0.1111111111111111,0.1111111111111111,0.2222222222222222
2554,2010,NYI,25.0,NIEDERREITER,R,9.0,1.0,1.0,2.0,0.1111111111111111,0.1111111111111111,0.2222222222222222
5617,2010,PIT,46.0,VITALE,C,9.0,1.0,1.0,2.0,0.1111111111111111,0.1111111111111111,0.2222222222222222
4495,2010,TB,24.0,HARJU,L,9.0,1.0,1.0,2.0,0.1111111111111111,0.1111111111111111,0.2222222222222222
1282,2010,CBJ,97.0,KLESLA,D,45.0,3.0,7.0,10.0,0.06666666666666667,0.15555555555555556,0.2222222222222222
5861,2010,PIT,2.0,NISKANEN,D,18.0,1.0,3.0,4.0,0.05555555555555555,0.16666666666666666,0.2222222222222222
2828,2010,STL,46.0,POLAK,D,54.0,3.0,9.0,12.0,0.05555555555555555,0.16666666666666666,0.2222222222222222
3885,2010,FLA,4.0,ELLERBY,D,54.0,2.0,10.0,12.0,0.037037037037037035,0.18518518518518517,0.2222222222222222
84,2010,TOR,22.0,BEAUCHEMIN,D,54.0,2.0,10.0,12.0,0.037037037037037035,0.18518518518518517,0.2222222222222222
2944,2010,NSH,8.0,KLEIN,D,81.0,2.0,16.0,18.0,0.024691358024691357,0.19753086419753085,0.2222222222222222
3645,2010,CHI,5.0,CULLIMORE,D,36.0,0.0,8.0,8.0,0.0,0.2222222222222222,0.2222222222222222
4602,2010,NYI,42.0,REESE,D,27.0,0.0,6.0,6.0,0.0,0.2222222222222222,0.2222222222222222
2273,2010,PHX,18.0,LEPISTO,D,50.0,4.0,7.0,11.0,0.08,0.14,0.22
894,2010,EDM,67.0,BRULE,C,41.0,7.0,2.0,9.0,0.17073170731707318,0.04878048780487805,0.21951219512195122
1875,2010,BUF,25.0,GRIER,R,73.0,5.0,11.0,16.0,0.0684931506849315,0.1506849315068493,0.2191780821917808
605,2010,MIN,55.0,SCHULTZ,D,73.0,3.0,13.0,16.0,0.0410958904109589,0.1780821917808219,0.2191780821917808
5414,2010,SJ,55.0,EAGER,L,32.0,4.0,3.0,7.0,0.125,0.09375,0.21875
2795,2010,STL,5.0,JACKMAN,D,60.0,0.0,13.0,13.0,0.0,0.21666666666666667,0.21666666666666667
72,2010,MTL,40.0,LAPIERRE,C,37.0,5.0,3.0,8.0,0.13513513513513514,0.08108108108108109,0.21621621621621623
942,2010,CGY,28.0,REGEHR,D,79.0,2.0,15.0,17.0,0.02531645569620253,0.189873417721519,0.21518987341772153
5106,2010,NSH,53.0,MUELLER,C,14.0,0.0,3.0,3.0,0.0,0.21428571428571427,0.21428571428571427
3037,2010,SJ,40.0,HUSKINS,D,47.0,2.0,8.0,10.0,0.0425531914893617,0.1702127659574468,0.2127659574468085
4069,2010,BUF,72.0,ADAM,C,19.0,3.0,1.0,4.0,0.15789473684210525,0.05263157894736842,0.21052631578947367
3737,2010,PHX,53.0,MORRIS,D,76.0,5.0,11.0,16.0,0.06578947368421052,0.14473684210526316,0.21052631578947367
355,2010,PIT,17.0,RUPP,C,81.0,9.0,8.0,17.0,0.1111111111111111,0.09876543209876543,0.20987654320987653
426,2010,PHI,36.0,POWE,C,81.0,7.0,10.0,17.0,0.08641975308641975,0.12345679012345678,0.20987654320987653
5761,2010,ANA,23.0,BEAUCHEMIN,D,24.0,3.0,2.0,5.0,0.125,0.08333333333333333,0.20833333333333334
5731,2010,BOS,23.0,KELLY,C,24.0,2.0,3.0,5.0,0.08333333333333333,0.125,0.20833333333333334
3627,2010,NYR,23.0,DRURY,C,24.0,1.0,4.0,5.0,0.041666666666666664,0.16666666666666666,0.20833333333333334
3951,2010,OTT,36.0,HALE,D,24.0,1.0,4.0,5.0,0.041666666666666664,0.16666666666666666,0.20833333333333334
36,2010,MTL,81.0,ELLER,C,77.0,7.0,9.0,16.0,0.09090909090909091,0.11688311688311688,0.2077922077922078
2755,2010,TB,18.0,HALL,R,82.0,7.0,10.0,17.0,0.08536585365853659,0.12195121951219512,0.2073170731707317
1974,2010,ATL,29.0,ODUYA,D,82.0,2.0,15.0,17.0,0.024390243902439025,0.18292682926829268,0.2073170731707317
3457,2010,WSH,89.0,SLOAN,D,29.0,1.0,5.0,6.0,0.034482758620689655,0.1724137931034483,0.20689655172413793
229,2010,PIT,44.0,ORPIK,D,63.0,1.0,12.0,13.0,0.015873015873015872,0.19047619047619047,0.20634920634920634
3439,2010,COL,11.0,DUPUIS,C,73.0,6.0,9.0,15.0,0.0821917808219178,0.1232876712328767,0.2054794520547945
1529,2010,DET,52.0,ERICSSON,D,73.0,3.0,12.0,15.0,0.0410958904109589,0.1643835616438356,0.2054794520547945
2737,2010,TB,42.0,TYRELL,C,74.0,6.0,9.0,15.0,0.08108108108108109,0.12162162162162163,0.20270270270270271
2401,2010,NYR,38.0,SAUER,D,74.0,3.0,12.0,15.0,0.04054054054054054,0.16216216216216217,0.20270270270270271
1254,2010,CBJ,3.0,METHOT,D,74.0,0.0,15.0,15.0,0.0,0.20270270270270271,0.20270270270270271
162,2010,MTL,32.0,MOEN,L,79.0,6.0,10.0,16.0,0.0759493670886076,0.12658227848101267,0.20253164556962025
6257,2010,CBJ,43.0,MAYOROV,R,5.0,1.0,0.0,1.0,0.2,0.0,0.2
5242,2010,NYI,37.0,COLLITON,C,15.0,2.0,1.0,3.0,0.13333333333333333,0.06666666666666667,0.2
5695,2010,DAL,27.0,WILLIAMS,C,25.0,2.0,3.0,5.0,0.08,0.12,0.2
1857,2010,OTT,25.0,NEIL,R,80.0,6.0,10.0,16.0,0.075,0.125,0.2
283,2010,PIT,26.0,TANGRADI,C,15.0,1.0,2.0,3.0,0.06666666666666667,0.13333333333333333,0.2
1746,2010,OTT,73.0,RUUTU,L,50.0,2.0,8.0,10.0,0.04,0.16,0.2
1664,2010,ANA,60.0,MIKKELSON,D,5.0,0.0,1.0,1.0,0.0,0.2,0.2
6251,2010,CGY,48.0,NEMISZ,R,5.0,0.0,1.0,1.0,0.0,0.2,0.2
5814,2010,MTL,22.0,MARA,D,20.0,0.0,4.0,4.0,0.0,0.2,0.2
5326,2010,OTT,37.0,LOCKE,C,5.0,0.0,1.0,1.0,0.0,0.2,0.2
3534,2010,PIT,8.0,HUTCHINSON,D,5.0,0.0,1.0,1.0,0.0,0.2,0.2
3633,2010,NYR,97.0,GILROY,D,56.0,3.0,8.0,11.0,0.05357142857142857,0.14285714285714285,0.19642857142857142
4839,2010,COL,48.0,HUNWICK,D,51.0,0.0,10.0,10.0,0.0,0.19607843137254902,0.19607843137254902
1443,2010,NJ,7.0,TALLINDER,D,82.0,5.0,11.0,16.0,0.06097560975609756,0.13414634146341464,0.1951219512195122
3020,2010,CHI,24.0,BOYNTON,D,41.0,1.0,7.0,8.0,0.024390243902439025,0.17073170731707318,0.1951219512195122
60,2010,MTL,26.0,GORGES,D,36.0,1.0,6.0,7.0,0.027777777777777776,0.16666666666666666,0.19444444444444445
2022,2010,WSH,39.0,STECKEL,C,57.0,5.0,6.0,11.0,0.08771929824561403,0.10526315789473684,0.19298245614035087
1103,2010,SJ,3.0,MURRAY,D,73.0,1.0,13.0,14.0,0.0136986301369863,0.1780821917808219,0.1917808219178082
4087,2010,NYI,17.0,MARTIN,L,68.0,5.0,8.0,13.0,0.07352941176470588,0.11764705882352941,0.19117647058823528
126,2010,MTL,45.0,PICARD,D,42.0,3.0,5.0,8.0,0.07142857142857142,0.11904761904761904,0.19047619047619047
3820,2010,NSH,13.0,SPALING,C,74.0,8.0,6.0,14.0,0.10810810810810811,0.08108108108108109,0.1891891891891892
301,2010,PIT,27.0,ADAMS,R,80.0,4.0,11.0,15.0,0.05,0.1375,0.1875
5683,2010,VAN,38.0,ORESKOVICH,R,16.0,0.0,3.0,3.0,0.0,0.1875,0.1875
2100,2010,WSH,10.0,BRADLEY,R,59.0,4.0,7.0,11.0,0.06779661016949153,0.11864406779661017,0.1864406779661017
2767,2010,TB,8.0,JONES,D,59.0,1.0,10.0,11.0,0.01694915254237288,0.1694915254237288,0.1864406779661017
5432,2010,MTL,53.0,WHITE,C,27.0,2.0,3.0,5.0,0.07407407407407407,0.1111111111111111,0.18518518518518517
3126,2010,LA,13.0,CLIFFORD,L,76.0,7.0,7.0,14.0,0.09210526315789473,0.09210526315789473,0.18421052631578946
3909,2010,SJ,10.0,MAYERS,R,76.0,3.0,11.0,14.0,0.039473684210526314,0.14473684210526316,0.18421052631578946
174,2010,TOR,18.0,BROWN,R,49.0,3.0,6.0,9.0,0.061224489795918366,0.12244897959183673,0.1836734693877551
3656,2010,BUF,34.0,BUTLER,D,49.0,2.0,7.0,9.0,0.04081632653061224,0.14285714285714285,0.1836734693877551
1770,2010,OTT,18.0,WINCHESTER,C,71.0,4.0,9.0,13.0,0.056338028169014086,0.1267605633802817,0.18309859154929578
966,2010,EDM,49.0,PECKHAM,D,71.0,3.0,10.0,13.0,0.04225352112676056,0.14084507042253522,0.18309859154929578
455,2010,CAR,6.0,GLEASON,D,82.0,2.0,13.0,15.0,0.024390243902439025,0.15853658536585366,0.18292682926829268
3160,2010,LA,7.0,SCUDERI,D,82.0,2.0,13.0,15.0,0.024390243902439025,0.15853658536585366,0.18292682926829268
3273,2010,LA,33.0,MITCHELL,D,55.0,5.0,5.0,10.0,0.09090909090909091,0.09090909090909091,0.18181818181818182
5374,2010,PHX,32.0,ROZSIVAL,D,33.0,3.0,3.0,6.0,0.09090909090909091,0.09090909090909091,0.18181818181818182
729,2010,COL,52.0,FOOTE,D,44.0,0.0,8.0,8.0,0.0,0.18181818181818182,0.18181818181818182
3855,2010,LA,22.0,LEWIS,C,72.0,3.0,10.0,13.0,0.041666666666666664,0.1388888888888889,0.18055555555555555
5206,2010,SJ,69.0,DESJARDINS,C,17.0,1.0,2.0,3.0,0.058823529411764705,0.11764705882352941,0.17647058823529413
5041,2010,CHI,17.0,JOHNSON,C,34.0,1.0,5.0,6.0,0.029411764705882353,0.14705882352941177,0.17647058823529413
3680,2010,COL,6.0,HOLOS,D,17.0,0.0,3.0,3.0,0.0,0.17647058823529413,0.17647058823529413
770,2010,COL,37.0,OREILLY,C,74.0,13.0,0.0,13.0,0.17567567567567569,0.0,0.17567567567567569
2783,2010,STL,26.0,CROMBEEN,R,80.0,7.0,7.0,14.0,0.0875,0.0875,0.175
3891,2010,DAL,44.0,WOYWITKA,D,63.0,2.0,9.0,11.0,0.031746031746031744,0.14285714285714285,0.1746031746031746
247,2010,PHI,5.0,COBURN,D,81.0,1.0,13.0,14.0,0.012345679012345678,0.16049382716049382,0.1728395061728395
1358,2010,DAL,2.0,GROSSMAN,D,59.0,1.0,9.0,10.0,0.01694915254237288,0.15254237288135594,0.1694915254237288
1243,2010,CBJ,40.0,BOLL,R,71.0,7.0,5.0,12.0,0.09859154929577464,0.07042253521126761,0.16901408450704225
4264,2010,CAR,18.0,MATSUMOTO,C,12.0,2.0,0.0,2.0,0.16666666666666666,0.0,0.16666666666666666
4168,2010,CHI,57.0,SMITH,R,6.0,1.0,0.0,1.0,0.16666666666666666,0.0,0.16666666666666666
4023,2010,COL,7.0,VANDERGULIK,L,6.0,1.0,0.0,1.0,0.16666666666666666,0.0,0.16666666666666666
4121,2010,MIN,18.0,GILLIES,C,6.0,1.0,0.0,1.0,0.16666666666666666,0.0,0.16666666666666666
3837,2010,SJ,55.0,MOORE,D,6.0,1.0,0.0,1.0,0.16666666666666666,0.0,0.16666666666666666
6020,2010,ATL,49.0,MAXWELL,C,12.0,1.0,1.0,2.0,0.08333333333333333,0.08333333333333333,0.16666666666666666
1487,2010,MIN,17.0,WELLMAN,C,12.0,1.0,1.0,2.0,0.08333333333333333,0.08333333333333333,0.16666666666666666
3249,2010,VAN,49.0,BOLDUC,C,24.0,2.0,2.0,4.0,0.08333333333333333,0.08333333333333333,0.16666666666666666
1782,2010,OTT,15.0,SMITH,C,54.0,4.0,5.0,9.0,0.07407407407407407,0.09259259259259259,0.16666666666666666
3766,2010,ANA,20.0,CARTER,C,18.0,1.0,2.0,3.0,0.05555555555555555,0.1111111111111111,0.16666666666666666
4228,2010,TB,49.0,JONES,C,18.0,1.0,2.0,3.0,0.05555555555555555,0.1111111111111111,0.16666666666666666
5497,2010,COL,16.0,MCCLEMENT,C,24.0,1.0,3.0,4.0,0.041666666666666664,0.125,0.16666666666666666
4388,2010,STL,23.0,COLE,D,24.0,1.0,3.0,4.0,0.041666666666666664,0.125,0.16666666666666666
3255,2010,VAN,41.0,ALBERTS,D,42.0,1.0,6.0,7.0,0.023809523809523808,0.14285714285714285,0.16666666666666666
4377,2010,ANA,1.0,HILLER,,6.0,0.0,1.0,1.0,0.0,0.16666666666666666,0.16666666666666666
6221,2010,EDM,54.0,VANDEVELDE,C,12.0,0.0,2.0,2.0,0.0,0.16666666666666666,0.16666666666666666
6139,2010,FLA,8.0,KENNEDY,L,6.0,0.0,1.0,1.0,0.0,0.16666666666666666,0.16666666666666666
3709,2010,WSH,44.0,FAHEY,D,6.0,0.0,1.0,1.0,0.0,0.16666666666666666,0.16666666666666666
683,2010,CHI,8.0,LEDDY,D,43.0,4.0,3.0,7.0,0.09302325581395349,0.06976744186046512,0.16279069767441862
1259,2010,CBJ,19.0,MOREAU,L,37.0,1.0,5.0,6.0,0.02702702702702703,0.13513513513513514,0.16216216216216217
2972,2010,ANA,5.0,SBISA,D,68.0,2.0,9.0,11.0,0.029411764705882353,0.1323529411764706,0.16176470588235295
3915,2010,PHX,26.0,EBBETT,C,31.0,2.0,3.0,5.0,0.06451612903225806,0.0967741935483871,0.16129032258064516
2225,2010,BOS,45.0,STUART,D,31.0,1.0,4.0,5.0,0.03225806451612903,0.12903225806451613,0.16129032258064516
3326,2010,FLA,43.0,WEAVER,D,81.0,2.0,11.0,13.0,0.024691358024691357,0.13580246913580246,0.16049382716049382
5402,2010,COL,29.0,STOA,C,25.0,2.0,2.0,4.0,0.08,0.08,0.16
337,2010,PIT,5.0,ENGELLAND,D,63.0,3.0,7.0,10.0,0.047619047619047616,0.1111111111111111,0.15873015873015872
2899,2010,NSH,25.0,SMITHSON,R,82.0,5.0,8.0,13.0,0.06097560975609756,0.0975609756097561,0.15853658536585366
2914,2010,NSH,16.0,OREILLY,C,38.0,6.0,0.0,6.0,0.15789473684210525,0.0,0.15789473684210525
659,2010,MIN,4.0,STONER,D,57.0,2.0,7.0,9.0,0.03508771929824561,0.12280701754385964,0.15789473684210525
3528,2010,PIT,28.0,GODARD,R,19.0,0.0,3.0,3.0,0.0,0.15789473684210525,0.15789473684210525
1833,2010,BUF,36.0,KALETA,R,51.0,3.0,5.0,8.0,0.058823529411764705,0.09803921568627451,0.1568627450980392
4891,2010,ATL,14.0,STAPLETON,R,45.0,5.0,2.0,7.0,0.1111111111111111,0.044444444444444446,0.15555555555555556
4489,2010,STL,32.0,PORTER,L,45.0,3.0,4.0,7.0,0.06666666666666667,0.08888888888888889,0.15555555555555556
4029,2010,LA,2.0,GREENE,D,71.0,2.0,9.0,11.0,0.028169014084507043,0.1267605633802817,0.15492957746478872
5629,2010,FLA,15.0,SKILLE,R,13.0,1.0,1.0,2.0,0.07692307692307693,0.07692307692307693,0.15384615384615385
3867,2010,NYR,12.0,WHITE,C,13.0,1.0,1.0,2.0,0.07692307692307693,0.07692307692307693,0.15384615384615385
3499,2010,WSH,17.0,KING,L,13.0,0.0,2.0,2.0,0.0,0.15384615384615385,0.15384615384615385
3963,2010,ATL,36.0,BOULTON,L,66.0,6.0,4.0,10.0,0.09090909090909091,0.06060606060606061,0.15151515151515152
2088,2010,WSH,4.0,ERSKINE,D,73.0,4.0,7.0,11.0,0.0547945205479452,0.0958904109589041,0.1506849315068493
2647,2010,WSH,15.0,GORDON,C,60.0,3.0,6.0,9.0,0.05,0.1,0.15
2572,2010,NYI,10.0,MOTTAU,D,20.0,0.0,3.0,3.0,0.0,0.15,0.15
5011,2010,NJ,29.0,SALMELA,D,47.0,1.0,6.0,7.0,0.02127659574468085,0.1276595744680851,0.14893617021276595
467,2010,MIN,23.0,NYSTROM,L,81.0,4.0,8.0,12.0,0.04938271604938271,0.09876543209876543,0.14814814814814814
361,2010,PHI,11.0,BETTS,C,75.0,5.0,6.0,11.0,0.06666666666666667,0.08,0.14666666666666667
2118,2010,WSH,27.0,ALZNER,D,82.0,2.0,10.0,12.0,0.024390243902439025,0.12195121951219512,0.14634146341463414
2106,2010,WSH,55.0,SCHULTZ,D,69.0,1.0,9.0,10.0,0.014492753623188406,0.13043478260869565,0.14492753623188406
3409,2010,STL,75.0,REAVES,R,28.0,2.0,2.0,4.0,0.07142857142857142,0.07142857142857142,0.14285714285714285
5112,2010,EDM,58.0,PETRY,D,35.0,1.0,4.0,5.0,0.02857142857142857,0.11428571428571428,0.14285714285714285
1827,2010,OTT,39.0,CARKNER,D,49.0,1.0,6.0,7.0,0.02040816326530612,0.12244897959183673,0.14285714285714285
5224,2010,ANA,14.0,LAPIERRE,C,21.0,0.0,3.0,3.0,0.0,0.14285714285714285,0.14285714285714285
647,2010,MIN,41.0,FALK,D,21.0,0.0,3.0,3.0,0.0,0.14285714285714285,0.14285714285714285
1415,2010,NJ,28.0,VOLCHENKOV,D,56.0,0.0,8.0,8.0,0.0,0.14285714285714285,0.14285714285714285
5985,2010,NYI,81.0,DIBENEDETTO,C,7.0,0.0,1.0,1.0,0.0,0.14285714285714285,0.14285714285714285
569,2010,CAR,44.0,HARRISON,D,72.0,3.0,7.0,10.0,0.041666666666666664,0.09722222222222222,0.1388888888888889
3096,2010,VAN,15.0,GLASS,L,72.0,3.0,7.0,10.0,0.041666666666666664,0.09722222222222222,0.1388888888888889
1317,2010,NJ,10.0,PELLEY,C,73.0,3.0,7.0,10.0,0.0410958904109589,0.0958904109589041,0.136986301369863
2189,2010,BOS,48.0,HUNWICK,D,22.0,1.0,2.0,3.0,0.045454545454545456,0.09090909090909091,0.13636363636363635
1788,2010,BUF,52.0,RIVET,D,22.0,1.0,2.0,3.0,0.045454545454545456,0.09090909090909091,0.13636363636363635
5527,2010,COL,36.0,HOLOS,D,22.0,0.0,3.0,3.0,0.0,0.13636363636363635,0.13636363636363635
132,2010,TOR,8.0,KOMISAREK,D,74.0,1.0,9.0,10.0,0.013513513513513514,0.12162162162162163,0.13513513513513514
3108,2010,LA,44.0,DREWISKE,D,37.0,0.0,5.0,5.0,0.0,0.13513513513513514,0.13513513513513514
3754,2010,ANA,3.0,LILJA,D,52.0,1.0,6.0,7.0,0.019230769230769232,0.11538461538461539,0.1346153846153846
3674,2010,ATL,24.0,MEYER,D,15.0,1.0,1.0,2.0,0.06666666666666667,0.06666666666666667,0.13333333333333333
5065,2010,VAN,54.0,VOLPATTI,L,15.0,1.0,1.0,2.0,0.06666666666666667,0.06666666666666667,0.13333333333333333
3897,2010,NSH,52.0,SULZER,D,30.0,1.0,3.0,4.0,0.03333333333333333,0.1,0.13333333333333333
1694,2010,DET,24.0,SALEI,D,75.0,2.0,8.0,10.0,0.02666666666666667,0.10666666666666667,0.13333333333333333
1409,2010,DAL,5.0,NISKANEN,D,45.0,0.0,6.0,6.0,0.0,0.13333333333333333,0.13333333333333333
641,2010,MIN,16.0,STAUBITZ,R,68.0,4.0,5.0,9.0,0.058823529411764705,0.07352941176470588,0.1323529411764706
3981,2010,TOR,39.0,MITCHELL,C,23.0,2.0,1.0,3.0,0.08695652173913043,0.043478260869565216,0.13043478260869565
3373,2010,EDM,46.0,STORTINI,R,31.0,0.0,4.0,4.0,0.0,0.12903225806451613,0.12903225806451613
859,2010,CHI,4.0,HJALMARSSON,D,78.0,3.0,7.0,10.0,0.038461538461538464,0.08974358974358974,0.1282051282051282
888,2010,EDM,5.0,SMID,D,78.0,0.0,10.0,10.0,0.0,0.1282051282051282,0.1282051282051282
1219,2010,SJ,64.0,MCGINN,L,47.0,1.0,5.0,6.0,0.02127659574468085,0.10638297872340426,0.1276595744680851
1265,2010,SJ,21.0,NICHOL,C,56.0,4.0,3.0,7.0,0.07142857142857142,0.05357142857142857,0.125
3187,2010,VAN,18.0,SCHAEFER,L,16.0,1.0,1.0,2.0,0.0625,0.0625,0.125
1939,2010,OTT,4.0,PHILLIPS,D,80.0,1.0,9.0,10.0,0.0125,0.1125,0.125
2136,2010,ATL,15.0,DAWES,L,8.0,0.0,1.0,1.0,0.0,0.125,0.125
972,2010,CGY,44.0,MEYER,L,16.0,0.0,2.0,2.0,0.0,0.125,0.125
5743,2010,OTT,47.0,BENOIT,D,8.0,0.0,1.0,1.0,0.0,0.125,0.125
6038,2010,OTT,51.0,SMITH,D,8.0,0.0,1.0,1.0,0.0,0.125,0.125
5509,2010,STL,38.0,MCRAE,C,8.0,0.0,1.0,1.0,0.0,0.125,0.125
4851,2010,STL,38.0,SCATCHARD,C,8.0,0.0,1.0,1.0,0.0,0.125,0.125
218,2010,TOR,26.0,ZIGOMANIS,C,8.0,0.0,1.0,1.0,0.0,0.125,0.125
2070,2010,ATL,3.0,SOPEL,D,57.0,2.0,5.0,7.0,0.03508771929824561,0.08771929824561403,0.12280701754385964
2602,2010,NYI,16.0,SIM,L,33.0,1.0,3.0,4.0,0.030303030303030304,0.09090909090909091,0.12121212121212122
1391,2010,DAL,23.0,WANDELL,C,75.0,7.0,2.0,9.0,0.09333333333333334,0.02666666666666667,0.12
66,2010,MTL,75.0,GILL,D,75.0,2.0,7.0,9.0,0.02666666666666667,0.09333333333333334,0.12
2779,2010,TB,39.0,LUNDIN,D,67.0,1.0,7.0,8.0,0.014925373134328358,0.1044776119402985,0.11940298507462686
4144,2010,NYI,8.0,GERVAIS,D,51.0,0.0,6.0,6.0,0.0,0.11764705882352941,0.11764705882352941
207,2010,MTL,94.0,PYATT,C,60.0,2.0,5.0,7.0,0.03333333333333333,0.08333333333333333,0.11666666666666667
5118,2010,NJ,18.0,ZHARKOV,R,35.0,2.0,2.0,4.0,0.05714285714285714,0.05714285714285714,0.11428571428571428
848,2010,COL,55.0,MCLEOD,L,71.0,5.0,3.0,8.0,0.07042253521126761,0.04225352112676056,0.11267605633802817
593,2010,CAR,8.0,OSULLIVAN,C,9.0,1.0,0.0,1.0,0.1111111111111111,0.0,0.1111111111111111
3279,2010,CGY,24.0,CONROY,C,18.0,2.0,0.0,2.0,0.1111111111111111,0.0,0.1111111111111111
5159,2010,DET,21.0,TATAR,C,9.0,1.0,0.0,1.0,0.1111111111111111,0.0,0.1111111111111111
5635,2010,NYI,59.0,HALEY,C,27.0,2.0,1.0,3.0,0.07407407407407407,0.037037037037037035,0.1111111111111111
349,2010,PHI,13.0,CARCILLO,L,54.0,4.0,2.0,6.0,0.07407407407407407,0.037037037037037035,0.1111111111111111
3043,2010,SJ,43.0,MCCARTHY,L,36.0,2.0,2.0,4.0,0.05555555555555555,0.05555555555555555,0.1111111111111111
1535,2010,ANA,50.0,BODIE,R,9.0,0.0,1.0,1.0,0.0,0.1111111111111111,0.1111111111111111
5903,2010,FLA,2.0,SULZER,D,9.0,0.0,1.0,1.0,0.0,0.1111111111111111,0.1111111111111111
6193,2010,FLA,34.0,RISSMILLER,L,9.0,0.0,1.0,1.0,0.0,0.1111111111111111,0.1111111111111111
3692,2010,PIT,1.0,JOHNSON,,9.0,0.0,1.0,1.0,0.0,0.1111111111111111,0.1111111111111111
2743,2010,TB,48.0,VERNACE,D,9.0,0.0,1.0,1.0,0.0,0.1111111111111111,0.1111111111111111
3546,2010,VAN,37.0,RYPIEN,C,9.0,0.0,1.0,1.0,0.0,0.1111111111111111,0.1111111111111111
2500,2010,NYI,28.0,KONOPKA,C,82.0,2.0,7.0,9.0,0.024390243902439025,0.08536585365853659,0.10975609756097561
1470,2010,DAL,37.0,SKRASTINS,D,73.0,3.0,5.0,8.0,0.0410958904109589,0.0684931506849315,0.1095890410958904
3170,2010,VAN,4.0,BALLARD,D,64.0,2.0,5.0,7.0,0.03125,0.078125,0.109375
1209,2010,SJ,7.0,WALLIN,D,74.0,3.0,5.0,8.0,0.04054054054054054,0.06756756756756757,0.10810810810810811
3778,2010,TOR,23.0,LEBDA,D,37.0,1.0,3.0,4.0,0.02702702702702703,0.08108108108108109,0.10810810810810811
6086,2010,ANA,19.0,WINCHESTER,L,19.0,1.0,1.0,2.0,0.05263157894736842,0.05263157894736842,0.10526315789473684
5095,2010,ATL,45.0,CORMIER,C,19.0,1.0,1.0,2.0,0.05263157894736842,0.05263157894736842,0.10526315789473684
3790,2010,DAL,11.0,GAGNON,C,19.0,0.0,2.0,2.0,0.0,0.10526315789473684,0.10526315789473684
4638,2010,EDM,22.0,JACQUES,L,48.0,4.0,1.0,5.0,0.08333333333333333,0.020833333333333332,0.10416666666666667
1311,2010,DAL,17.0,PETERSEN,C,58.0,2.0,4.0,6.0,0.034482758620689655,0.06896551724137931,0.10344827586206896
1676,2010,ANA,22.0,MARCHANT,C,78.0,1.0,7.0,8.0,0.01282051282051282,0.08974358974358974,0.10256410256410256
1595,2010,ANA,25.0,SUTTON,D,39.0,0.0,4.0,4.0,0.0,0.10256410256410256,0.10256410256410256
4305,2010,ANA,51.0,PALMIERI,C,10.0,1.0,0.0,1.0,0.1,0.0,0.1
5671,2010,COL,43.0,GAUNCE,D,10.0,1.0,0.0,1.0,0.1,0.0,0.1
78,2010,MTL,17.0,BOYD,C,10.0,1.0,0.0,1.0,0.1,0.0,0.1
3987,2010,WSH,83.0,BEAGLE,C,30.0,2.0,1.0,3.0,0.06666666666666667,0.03333333333333333,0.1
2482,2010,NYR,94.0,BOOGAARD,L,20.0,1.0,1.0,2.0,0.05,0.05,0.1
4537,2010,MIN,6.0,SCANDELLA,D,20.0,0.0,2.0,2.0,0.0,0.1,0.1
5338,2010,NYR,45.0,NEWBURY,C,10.0,0.0,1.0,1.0,0.0,0.1,0.1
617,2010,MIN,25.0,BARKER,D,52.0,1.0,4.0,5.0,0.019230769230769232,0.07692307692307693,0.09615384615384616
4873,2010,WSH,23.0,HANNAN,D,52.0,1.0,4.0,5.0,0.019230769230769232,0.07692307692307693,0.09615384615384616
5796,2010,ANA,37.0,RUUTU,L,21.0,1.0,1.0,2.0,0.047619047619047616,0.047619047619047616,0.09523809523809523
5701,2010,CAR,71.0,SAMSON,R,21.0,0.0,2.0,2.0,0.0,0.09523809523809523,0.09523809523809523
2413,2010,NYR,44.0,EMINGER,D,64.0,2.0,4.0,6.0,0.03125,0.0625,0.09375
4981,2010,MIN,43.0,PETERS,C,11.0,1.0,0.0,1.0,0.09090909090909091,0.0,0.09090909090909091
5790,2010,TB,2.0,BREWER,D,22.0,1.0,1.0,2.0,0.045454545454545456,0.045454545454545456,0.09090909090909091
3772,2010,VAN,29.0,ROME,D,55.0,1.0,4.0,5.0,0.01818181818181818,0.07272727272727272,0.09090909090909091
3231,2010,LA,6.0,MUZZIN,D,11.0,0.0,1.0,1.0,0.0,0.09090909090909091,0.09090909090909091
2566,2010,NYI,4.0,EATON,D,33.0,0.0,3.0,3.0,0.0,0.09090909090909091,0.09090909090909091
5873,2010,NYI,71.0,KATIC,D,11.0,0.0,1.0,1.0,0.0,0.09090909090909091,0.09090909090909091
2237,2010,PHX,16.0,PRUCHA,R,11.0,0.0,1.0,1.0,0.0,0.09090909090909091,0.09090909090909091
6199,2010,TOR,29.0,LASHOFF,D,11.0,0.0,1.0,1.0,0.0,0.09090909090909091,0.09090909090909091
1329,2010,DAL,28.0,FISTRIC,D,56.0,2.0,3.0,5.0,0.03571428571428571,0.05357142857142857,0.08928571428571429
1397,2010,NJ,5.0,WHITE,D,68.0,0.0,6.0,6.0,0.0,0.08823529411764706,0.08823529411764706
473,2010,MIN,5.0,ZANON,D,82.0,0.0,7.0,7.0,0.0,0.08536585365853659,0.08536585365853659
1341,2010,DAL,20.0,SUTHERBY,C,48.0,2.0,2.0,4.0,0.041666666666666664,0.041666666666666664,0.08333333333333333
5593,2010,DAL,81.0,VINCOUR,C,24.0,1.0,1.0,2.0,0.041666666666666664,0.041666666666666664,0.08333333333333333
3014,2010,DET,4.0,KINDL,D,48.0,2.0,2.0,4.0,0.041666666666666664,0.041666666666666664,0.08333333333333333
1851,2010,BUF,27.0,MORRISONN,D,60.0,1.0,4.0,5.0,0.016666666666666666,0.06666666666666667,0.08333333333333333
3332,2010,FLA,16.0,HORDICHUK,L,60.0,1.0,4.0,5.0,0.016666666666666666,0.06666666666666667,0.08333333333333333
2834,2010,STL,55.0,JANSSEN,R,51.0,1.0,3.0,4.0,0.0196078431372549,0.058823529411764705,0.0784313725490196
4885,2010,TOR,38.0,ROSEHILL,L,26.0,1.0,1.0,2.0,0.038461538461538464,0.038461538461538464,0.07692307692307693
180,2010,TOR,11.0,SJOSTROM,L,65.0,2.0,3.0,5.0,0.03076923076923077,0.046153846153846156,0.07692307692307693
6014,2010,ATL,20.0,DVORAK,R,13.0,0.0,1.0,1.0,0.0,0.07692307692307693,0.07692307692307693
5575,2010,CGY,57.0,BOUMA,L,13.0,0.0,1.0,1.0,0.0,0.07692307692307693,0.07692307692307693
1353,2010,NJ,2.0,FRASER,D,26.0,0.0,2.0,2.0,0.0,0.07692307692307693,0.07692307692307693
930,2010,EDM,16.0,FRASER,C,67.0,3.0,2.0,5.0,0.04477611940298507,0.029850746268656716,0.07462686567164178
6104,2010,CBJ,52.0,RIVET,D,14.0,1.0,0.0,1.0,0.07142857142857142,0.0,0.07142857142857142
2548,2010,DAL,13.0,BARCH,R,42.0,2.0,1.0,3.0,0.047619047619047616,0.023809523809523808,0.07142857142857142
437,2010,PHI,45.0,SHELLEY,L,58.0,2.0,2.0,4.0,0.034482758620689655,0.034482758620689655,0.06896551724137931
421,2010,PHI,35.0,BOBROVSKY,,29.0,0.0,2.0,2.0,0.0,0.06896551724137931,0.06896551724137931
2670,2010,NJ,1.0,HEDBERG,,15.0,0.0,1.0,1.0,0.0,0.06666666666666667,0.06666666666666667
3493,2010,NJ,11.0,MAIR,C,61.0,1.0,3.0,4.0,0.01639344262295082,0.04918032786885246,0.06557377049180328
4763,2010,CAR,20.0,BODIE,R,47.0,1.0,2.0,3.0,0.02127659574468085,0.0425531914893617,0.06382978723404255
6050,2010,PHX,16.0,KLESLA,D,16.0,1.0,0.0,1.0,0.0625,0.0,0.0625
4757,2010,CAR,29.0,CARTER,C,32.0,0.0,2.0,2.0,0.0,0.0625,0.0625
1845,2010,OTT,5.0,LEE,D,48.0,0.0,3.0,3.0,0.0,0.0625,0.0625
4626,2010,PHX,52.0,YONKMAN,D,16.0,0.0,1.0,1.0,0.0,0.0625,0.0625
1559,2010,ANA,23.0,MARA,D,33.0,1.0,1.0,2.0,0.030303030303030304,0.030303030303030304,0.06060606060606061
2578,2010,NYI,14.0,GILLIES,L,34.0,2.0,0.0,2.0,0.058823529411764705,0.0,0.058823529411764705
3114,2010,LA,19.0,WESTGARTH,R,51.0,0.0,3.0,3.0,0.0,0.058823529411764705,0.058823529411764705
6074,2010,NJ,25.0,STECKEL,C,18.0,1.0,0.0,1.0,0.05555555555555555,0.0,0.05555555555555555
3945,2010,CGY,29.0,MIKKELSON,D,18.0,0.0,1.0,1.0,0.0,0.05555555555555555,0.05555555555555555
3611,2010,NJ,14.0,SESTITO,C,36.0,0.0,2.0,2.0,0.0,0.05555555555555555,0.05555555555555555
5089,2010,DET,39.0,MURSAK,L,19.0,1.0,0.0,1.0,0.05263157894736842,0.0,0.05263157894736842
5485,2010,FLA,75.0,TIMMINS,C,19.0,1.0,0.0,1.0,0.05263157894736842,0.0,0.05263157894736842
6056,2010,VAN,40.0,LAPIERRE,C,19.0,1.0,0.0,1.0,0.05263157894736842,0.0,0.05263157894736842
1712,2010,ANA,16.0,PARROS,R,78.0,3.0,1.0,4.0,0.038461538461538464,0.01282051282051282,0.05128205128205128
1607,2010,ANA,28.0,CHIPCHURA,C,39.0,0.0,2.0,2.0,0.0,0.05128205128205128,0.05128205128205128
4555,2010,TOR,59.0,AULIE,D,40.0,2.0,0.0,2.0,0.05,0.0,0.05
138,2010,TOR,28.0,ORR,R,41.0,2.0,0.0,2.0,0.04878048780487805,0.0,0.04878048780487805
4957,2010,EDM,42.0,OMARRA,C,21.0,1.0,0.0,1.0,0.047619047619047616,0.0,0.047619047619047616
4785,2010,MIN,19.0,OSULLIVAN,C,21.0,1.0,0.0,1.0,0.047619047619047616,0.0,0.047619047619047616
740,2010,COL,27.0,QUINCEY,D,21.0,0.0,1.0,1.0,0.0,0.047619047619047616,0.047619047619047616
4047,2010,EDM,43.0,STRUDWICK,D,42.0,0.0,2.0,2.0,0.0,0.047619047619047616,0.047619047619047616
5773,2010,ATL,5.0,STUART,D,22.0,1.0,0.0,1.0,0.045454545454545456,0.0,0.045454545454545456
521,2010,CAR,21.0,BOWMAN,L,22.0,0.0,1.0,1.0,0.0,0.045454545454545456,0.045454545454545456
2443,2010,NYR,4.0,DELZOTTO,D,46.0,2.0,0.0,2.0,0.043478260869565216,0.0,0.043478260869565216
4093,2010,TB,5.0,OHLUND,D,72.0,0.0,3.0,3.0,0.0,0.041666666666666664,0.041666666666666664
936,2010,EDM,33.0,MACINTYRE,L,25.0,0.0,1.0,1.0,0.0,0.04,0.04
5368,2010,VAN,18.0,TANEV,D,26.0,0.0,1.0,1.0,0.0,0.038461538461538464,0.038461538461538464
4779,2010,FLA,48.0,CALLAHAN,D,27.0,0.0,1.0,1.0,0.0,0.037037037037037035,0.037037037037037035
4845,2010,COL,28.0,KOCI,L,28.0,1.0,0.0,1.0,0.03571428571428571,0.0,0.03571428571428571
3727,2010,STL,33.0,STRACHAN,D,28.0,0.0,1.0,1.0,0.0,0.03571428571428571,0.03571428571428571
864,2010,CHI,32.0,SCOTT,D,34.0,0.0,1.0,1.0,0.0,0.029411764705882353,0.029411764705882353
812,2010,CHI,6.0,HENDRY,D,36.0,1.0,0.0,1.0,0.027777777777777776,0.0,0.027777777777777776
2909,2010,NSH,55.0,OBRIEN,D,79.0,2.0,0.0,2.0,0.02531645569620253,0.0,0.02531645569620253
3760,2010,PHX,12.0,BISSONNETTE,L,47.0,1.0,0.0,1.0,0.02127659574468085,0.0,0.02127659574468085
2213,2010,PHX,23.0,EKMANLARSSON,D,48.0,1.0,0.0,1.0,0.020833333333333332,0.0,0.020833333333333332
373,2010,PHI,6.0,ODONNELL,D,79.0,1.0,0.0,1.0,0.012658227848101266,0.0,0.012658227848101266
4246,2010,ANA,12.0,GREEN,C,11.0,0.0,0.0,0.0,0.0,0.0,0.0
1589,2010,ANA,21.0,BROOKBANK,D,40.0,0.0,0.0,0.0,0.0,0.0,0.0
5653,2010,ANA,24.0,BEAUCHEMIN,D,3.0,0.0,0.0,0.0,0.0,0.0,0.0
2956,2010,ANA,34.0,VOROS,L,12.0,0.0,0.0,0.0,0.0,0.0,0.0
3415,2010,ANA,53.0,FESTERLING,D,1.0,0.0,0.0,0.0,0.0,0.0,0.0
4299,2010,ANA,63.0,BONINO,C,26.0,0.0,0.0,0.0,0.0,0.0,0.0
5844,2010,ATL,12.0,RISSMILLER,L,1.0,0.0,0.0,0.0,0.0,0.0,0.0
4081,2010,ATL,26.0,WELCH,D,2.0,0.0,0.0,0.0,0.0,0.0,0.0
6145,2010,ATL,38.0,POSTMA,D,1.0,0.0,0.0,0.0,0.0,0.0,0.0
5563,2010,ATL,44.0,KULDA,D,2.0,0.0,0.0,0.0,0.0,0.0,0.0
5266,2010,ATL,46.0,MACHACEK,R,9.0,0.0,0.0,0.0,0.0,0.0,0.0
6399,2010,ATL,48.0,KLINGBERG,L,1.0,0.0,0.0,0.0,0.0,0.0,0.0
6299,2010,BOS,34.0,HNIDY,D,3.0,0.0,0.0,0.0,0.0,0.0,0.0
5278,2010,BOS,43.0,BARTKOWSKI,D,6.0,0.0,0.0,0.0,0.0,0.0,0.0
4815,2010,BOS,72.0,ARNIEL,C,1.0,0.0,0.0,0.0,0.0,0.0,0.0
6133,2010,BUF,10.0,PARRISH,R,2.0,0.0,0.0,0.0,0.0,0.0,0.0
4745,2010,BUF,23.0,STUART,L,3.0,0.0,0.0,0.0,0.0,0.0,0.0
4406,2010,BUF,37.0,ELLIS,L,14.0,0.0,0.0,0.0,0.0,0.0,0.0
4353,2010,CAR,27.0,CARSON,D,9.0,0.0,0.0,0.0,0.0,0.0,0.0
5029,2010,CAR,28.0,RODNEY,D,3.0,0.0,0.0,0.0,0.0,0.0,0.0
5659,2010,CAR,42.0,SUTTER,L,1.0,0.0,0.0,0.0,0.0,0.0,0.0
3715,2010,CBJ,2.0,GUENIN,D,3.0,0.0,0.0,0.0,0.0,0.0,0.0
5569,2010,CBJ,7.0,MOORE,D,2.0,0.0,0.0,0.0,0.0,0.0,0.0
4525,2010,CBJ,12.0,BLUNDEN,R,1.0,0.0,0.0,0.0,0.0,0.0,0.0
3843,2010,CBJ,29.0,HOLDEN,D,5.0,0.0,0.0,0.0,0.0,0.0,0.0
6110,2010,CGY,3.0,CARSON,D,4.0,0.0,0.0,0.0,0.0,0.0,0.0
6116,2010,CGY,19.0,MODIN,L,4.0,0.0,0.0,0.0,0.0,0.0,0.0
1061,2010,CGY,41.0,IVANANS,L,1.0,0.0,0.0,0.0,0.0,0.0,0.0
1050,2010,CGY,66.0,BRODIE,D,3.0,0.0,0.0,0.0,0.0,0.0,0.0
3008,2010,CHI,14.0,PIRRI,C,1.0,0.0,0.0,0.0,0.0,0.0,0.0
6239,2010,CHI,16.0,KRUGER,C,7.0,0.0,0.0,0.0,0.0,0.0,0.0
4216,2010,CHI,16.0,POTULNY,C,3.0,0.0,0.0,0.0,0.0,0.0,0.0
5677,2010,CHI,23.0,TAFFE,L,1.0,0.0,0.0,0.0,0.0,0.0,0.0
4011,2010,CHI,47.0,BROPHEY,C,1.0,0.0,0.0,0.0,0.0,0.0,0.0
4933,2010,CHI,59.0,KLINKHAMMER,C,1.0,0.0,0.0,0.0,0.0,0.0,0.0
4519,2010,COL,3.0,OBYRNE,D,64.0,0.0,0.0,0.0,0.0,0.0,0.0
6263,2010,COL,5.0,BELLE,D,4.0,0.0,0.0,0.0,0.0,0.0,0.0
5641,2010,COL,21.0,FORSBERG,C,2.0,0.0,0.0,0.0,0.0,0.0,0.0
4430,2010,COL,36.0,COHEN,D,3.0,0.0,0.0,0.0,0.0,0.0,0.0
6346,2010,COL,42.0,MACIAS,D,2.0,0.0,0.0,0.0,0.0,0.0,0.0
5539,2010,DAL,12.0,SAWADA,R,1.0,0.0,0.0,0.0,0.0,0.0,0.0
5473,2010,DAL,39.0,MORIN,C,3.0,0.0,0.0,0.0,0.0,0.0,0.0
5443,2010,DAL,48.0,WATHIER,L,3.0,0.0,0.0,0.0,0.0,0.0,0.0
6245,2010,DAL,73.0,LUKOWICH,D,4.0,0.0,0.0,0.0,0.0,0.0,0.0
3026,2010,DET,30.0,OSGOOD,,7.0,0.0,0.0,0.0,0.0,0.0,0.0
3475,2010,DET,37.0,JANIK,D,7.0,0.0,0.0,0.0,0.0,0.0,0.0
4951,2010,Def,20.0,STEEN,,1.0,0.0,0.0,0.0,0.0,0.0,0.0
4692,2010,Def,91.0,TAVARES,,1.0,0.0,0.0,0.0,0.0,0.0,0.0
6044,2010,EDM,37.0,PETIOT,D,2.0,0.0,0.0,0.0,0.0,0.0,0.0
4632,2010,EDM,45.0,BELLE,D,4.0,0.0,0.0,0.0,0.0,0.0,0.0
6121,2010,EDM,48.0,PLANTE,D,3.0,0.0,0.0,0.0,0.0,0.0,0.0
6187,2010,FLA,6.0,DUCO,R,2.0,0.0,0.0,0.0,0.0,0.0,0.0
3593,2010,FLA,15.0,MCARDLE,L,5.0,0.0,0.0,0.0,0.0,0.0,0.0
5755,2010,FLA,17.0,MCARDLE,L,6.0,0.0,0.0,0.0,0.0,0.0,0.0
5950,2010,FLA,28.0,JESSIMAN,R,2.0,0.0,0.0,0.0,0.0,0.0,0.0
4827,2010,LA,29.0,ZEILER,R,4.0,0.0,0.0,0.0,0.0,0.0,0.0
4644,2010,LA,74.0,KING,L,5.0,0.0,0.0,0.0,0.0,0.0,0.0
4365,2010,MIN,27.0,ALMOND,C,8.0,0.0,0.0,0.0,0.0,0.0,0.0
4371,2010,MIN,28.0,KASSIAN,L,4.0,0.0,0.0,0.0,0.0,0.0,0.0
5879,2010,MIN,29.0,ORTMEYER,R,4.0,0.0,0.0,0.0,0.0,0.0,0.0
6305,2010,MIN,34.0,NOREAU,D,5.0,0.0,0.0,0.0,0.0,0.0,0.0
4572,2010,MIN,38.0,EARL,L,6.0,0.0,0.0,0.0,0.0,0.0,0.0
6227,2010,MIN,39.0,PROSSER,D,2.0,0.0,0.0,0.0,0.0,0.0,0.0
6358,2010,MIN,42.0,BAGNALL,D,2.0,0.0,0.0,0.0,0.0,0.0,0.0
168,2010,MTL,20.0,OBYRNE,D,3.0,0.0,0.0,0.0,0.0,0.0,0.0
6204,2010,MTL,34.0,DAWES,L,4.0,0.0,0.0,0.0,0.0,0.0,0.0
5707,2010,MTL,47.0,NASH,D,2.0,0.0,0.0,0.0,0.0,0.0,0.0
6210,2010,MTL,51.0,PALUSHAJ,R,3.0,0.0,0.0,0.0,0.0,0.0,0.0
5926,2010,MTL,55.0,SOPEL,D,11.0,0.0,0.0,0.0,0.0,0.0,0.0
5426,2010,MTL,63.0,ENGQVIST,C,3.0,0.0,0.0,0.0,0.0,0.0,0.0
4341,2010,NJ,14.0,GIONTA,R,11.0,0.0,0.0,0.0,0.0,0.0,0.0
6394,2010,NJ,14.0,HENRIQUE,C,1.0,0.0,0.0,0.0,0.0,0.0,0.0
5461,2010,NJ,16.0,VASYUNOV,L,1.0,0.0,0.0,0.0,0.0,0.0,0.0
4174,2010,NJ,21.0,ECKFORD,D,3.0,0.0,0.0,0.0,0.0,0.0,0.0
1458,2010,NJ,22.0,LETOURNEAULEBLOND,R,2.0,0.0,0.0,0.0,0.0,0.0,0.0
4335,2010,NJ,29.0,MAGNAN,D,8.0,0.0,0.0,0.0,0.0,0.0,0.0
3879,2010,NJ,29.0,MAGNANGRENIER,D,8.0,0.0,0.0,0.0,0.0,0.0,0.0
2653,2010,NJ,29.0,URBOM,D,5.0,0.0,0.0,0.0,0.0,0.0,0.0
6269,2010,NJ,33.0,LEACH,D,6.0,0.0,0.0,0.0,0.0,0.0,0.0
4347,2010,NJ,33.0,URBOM,D,1.0,0.0,0.0,0.0,0.0,0.0,0.0
3540,2010,NSH,3.0,BELAK,R,15.0,0.0,0.0,0.0,0.0,0.0,0.0
5260,2010,NSH,12.0,THURESSON,R,3.0,0.0,0.0,0.0,0.0,0.0,0.0
2926,2010,NSH,15.0,LOMBARDI,C,2.0,0.0,0.0,0.0,0.0,0.0,0.0
5035,2010,NSH,28.0,BEGIN,L,2.0,0.0,0.0,0.0,0.0,0.0,0.0
4005,2010,NSH,32.0,LAAKSO,D,1.0,0.0,0.0,0.0,0.0,0.0,0.0
4198,2010,NSH,58.0,KLASEN,L,4.0,0.0,0.0,0.0,0.0,0.0,0.0
6352,2010,NYI,29.0,DOORNBOSCH,D,1.0,0.0,0.0,0.0,0.0,0.0,0.0
5005,2010,NYI,49.0,RAKHSHANI,R,2.0,0.0,0.0,0.0,0.0,0.0,0.0
6340,2010,NYI,55.0,CAMPANALE,D,1.0,0.0,0.0,0.0,0.0,0.0,0.0
6382,2010,NYI,55.0,SIMS,D,1.0,0.0,0.0,0.0,0.0,0.0,0.0
5047,2010,NYR,32.0,WEISE,R,9.0,0.0,0.0,0.0,0.0,0.0,0.0
5455,2010,NYR,39.0,DUPONT,L,1.0,0.0,0.0,0.0,0.0,0.0,0.0
4058,2010,NYR,86.0,WILLIAMS,R,1.0,0.0,0.0,0.0,0.0,0.0,0.0
4156,2010,NYR,91.0,GRACHEV,C,7.0,0.0,0.0,0.0,0.0,0.0,0.0
4478,2010,Neu,13.0,REGIN,,1.0,0.0,0.0,0.0,0.0,0.0,0.0
5897,2010,OTT,20.0,SVATOS,R,2.0,0.0,0.0,0.0,0.0,0.0,0.0
6026,2010,OTT,21.0,POTULNY,C,5.0,0.0,0.0,0.0,0.0,0.0,0.0
6310,2010,OTT,24.0,DACOSTA,C,4.0,0.0,0.0,0.0,0.0,0.0,0.0
5165,2010,OTT,42.0,OBRIEN,C,6.0,0.0,0.0,0.0,0.0,0.0,0.0
5938,2010,OTT,43.0,WICK,R,5.0,0.0,0.0,0.0,0.0,0.0,0.0
5737,2010,OTT,49.0,LESSARD,R,22.0,0.0,0.0,0.0,0.0,0.0,0.0
6364,2010,OTT,58.0,BASS,C,1.0,0.0,0.0,0.0,0.0,0.0,0.0
325,2010,PHI,3.0,BARTULIS,D,13.0,0.0,0.0,0.0,0.0,0.0,0.0
5320,2010,PHI,8.0,WALKER,D,4.0,0.0,0.0,0.0,0.0,0.0,0.0
6157,2010,PHI,24.0,BOYNTON,D,10.0,0.0,0.0,0.0,0.0,0.0,0.0
6316,2010,PHI,26.0,SYVRET,D,4.0,0.0,0.0,0.0,0.0,0.0,0.0
5932,2010,PHI,27.0,GUSTAFSSON,D,3.0,0.0,0.0,0.0,0.0,0.0,0.0
6092,2010,PHI,34.0,HOLMSTROM,C,2.0,0.0,0.0,0.0,0.0,0.0,0.0
5420,2010,PHX,5.0,SUMMERS,D,2.0,0.0,0.0,0.0,0.0,0.0,0.0
6275,2010,PHX,15.0,HOLLWEG,L,3.0,0.0,0.0,0.0,0.0,0.0,0.0
4543,2010,PHX,29.0,STAFFORD,D,2.0,0.0,0.0,0.0,0.0,0.0,0.0
5581,2010,PIT,22.0,WALLACE,R,7.0,0.0,0.0,0.0,0.0,0.0,0.0
5623,2010,PIT,23.0,CRAIG,C,6.0,0.0,0.0,0.0,0.0,0.0,0.0
5826,2010,PIT,37.0,STRAIT,D,2.0,0.0,0.0,0.0,0.0,0.0,0.0
6181,2010,PIT,42.0,POTTER,D,1.0,0.0,0.0,0.0,0.0,0.0,0.0
4803,2010,SJ,57.0,WINGELS,C,4.0,0.0,0.0,0.0,0.0,0.0,0.0
1231,2010,SJ,68.0,MCLAREN,L,8.0,0.0,0.0,0.0,0.0,0.0,0.0
5124,2010,SJ,72.0,MASHINTER,L,12.0,0.0,0.0,0.0,0.0,0.0,0.0
4857,2010,STL,19.0,DELLAROVERE,L,7.0,0.0,0.0,0.0,0.0,0.0,0.0
4483,2010,STL,47.0,DRAZENOVIC,C,3.0,0.0,0.0,0.0,0.0,0.0,0.0
4323,2010,TB,28.0,ROY,D,4.0,0.0,0.0,0.0,0.0,0.0,0.0
5195,2010,TB,30.0,DESJARDINS,,1.0,0.0,0.0,0.0,0.0,0.0,0.0
3796,2010,TB,32.0,SMABY,D,26.0,0.0,0.0,0.0,0.0,0.0,0.0
4501,2010,TB,34.0,POULIOT,C,3.0,0.0,0.0,0.0,0.0,0.0,0.0
4650,2010,TB,43.0,WRIGHT,C,1.0,0.0,0.0,0.0,0.0,0.0,0.0
4180,2010,TOR,20.0,HANSON,C,6.0,0.0,0.0,0.0,0.0,0.0,0.0
4115,2010,TOR,33.0,CAPUTI,L,7.0,0.0,0.0,0.0,0.0,0.0,0.0
6370,2010,TOR,39.0,FRATTIN,R,1.0,0.0,0.0,0.0,0.0,0.0,0.0
5332,2010,TOR,45.0,MUELLER,C,3.0,0.0,0.0,0.0,0.0,0.0,0.0
4400,2010,TOR,55.0,HOLZER,D,2.0,0.0,0.0,0.0,0.0,0.0,0.0
3831,2010,VAN,20.0,PARENT,D,4.0,0.0,0.0,0.0,0.0,0.0,0.0
4939,2010,VAN,24.0,ANDERSSON,R,4.0,0.0,0.0,0.0,0.0,0.0,0.0
4703,2010,VAN,32.0,PERRAULT,C,7.0,0.0,0.0,0.0,0.0,0.0,0.0
3176,2010,VAN,34.0,DESBIENS,R,12.0,0.0,0.0,0.0,0.0,0.0,0.0
5725,2010,VAN,47.0,SAUVE,D,5.0,0.0,0.0,0.0,0.0,0.0,0.0
5802,2010,VAN,64.0,OBERG,D,1.0,0.0,0.0,0.0,0.0,0.0,0.0
5101,2010,WSH,20.0,AUCOIN,C,1.0,0.0,0.0,0.0,0.0,0.0,0.0
1718,2010,ANA,,TEAM,,,0.0,0.0,0.0,,,
2711,2010,ATL,,TEAM,,,0.0,0.0,0.0,,,
4733,2010,BOS,,TEAM,,,0.0,0.0,0.0,,,
4222,2010,BUF,,TEAM,,,0.0,0.0,0.0,,,
4150,2010,CAR,,TEAM,,,0.0,0.0,0.0,,,
3933,2010,CBJ,,TEAM,,,0.0,0.0,0.0,,,
4234,2010,CGY,,TEAM,,,0.0,0.0,0.0,,,
3421,2010,CHI,,TEAM,,,0.0,0.0,0.0,,,
6958,2010,COL,3.0,O'BYRNE,,,0.0,10.0,10.0,,,
6926,2010,COL,7.0,VAN,,,0.0,2.0,2.0,,,
6743,2010,COL,37.0,O'REILLY,,,0.0,13.0,13.0,,,
4584,2010,COL,,TEAM,,,0.0,0.0,0.0,,,
5171,2010,DAL,,TEAM,,,0.0,0.0,0.0,,,
4567,2010,DET,,TEAM,,,0.0,0.0,0.0,,,
7038,2010,EDM,42.0,O'MARRA,,,0.0,4.0,4.0,,,
3581,2010,EDM,,TEAM,,,0.0,0.0,0.0,,,
3605,2010,FLA,,TEAM,,,0.0,0.0,0.0,,,
4035,2010,LA,,TEAM,,,0.0,0.0,0.0,,,
6994,2010,MIN,19.0,O'SULLIVAN,,,0.0,6.0,6.0,,,
4999,2010,MIN,,TEAM,,,0.0,0.0,0.0,,,
2642,2010,MTL,,TEAM,,,0.0,0.0,0.0,,,
4105,2010,NJ,,TEAM,,,0.0,0.0,0.0,,,
6636,2010,NSH,16.0,O'REILLY,,,0.0,12.0,12.0,,,
6948,2010,NSH,55.0,O'BRIEN,,,0.0,7.0,7.0,,,
3826,2010,NSH,,TEAM,,,0.0,0.0,0.0,,,
2614,2010,NYI,,TEAM,,,0.0,0.0,0.0,,,
6587,2010,NYR,4.0,DEL,,,0.0,9.0,9.0,,,
4258,2010,NYR,,TEAM,,,0.0,0.0,0.0,,,
1800,2010,OTT,,TEAM,,,0.0,0.0,0.0,,,
6956,2010,PHI,6.0,O'DONNELL,,,0.0,14.0,14.0,,,
6415,2010,PHI,21.0,VAN,,,0.0,16.0,16.0,,,
3445,2010,PHI,,TEAM,,,0.0,0.0,0.0,,,
6822,2010,PHX,23.0,EKMAN-LARSSON,,,0.0,10.0,10.0,,,
4041,2010,PHX,,TEAM,,,0.0,0.0,0.0,,,
3903,2010,PIT,,TEAM,,,0.0,0.0,0.0,,,
4809,2010,SJ,,TEAM,,,0.0,0.0,0.0,,,
6884,2010,STL,36.0,D'AGOSTINI,,,0.0,25.0,25.0,,,
4697,2010,STL,,TEAM,,,0.0,0.0,0.0,,,
6538,2010,TB,26.0,ST,,,0.0,69.0,69.0,,,
4053,2010,TB,,TEAM,,,0.0,0.0,0.0,,,
212,2010,TOR,,TEAM,,,0.0,0.0,0.0,,,
3243,2010,VAN,,TEAM,,,0.0,0.0,0.0,,,
2665,2010,WSH,,TEAM,,,0.0,0.0,0.0,,,
