,Season,TeamCode,PlayerNumber,PlayerPosition,rank
464,2010,ANA,11,C,2
8691,2010,ANA,12,C,2
5842,2010,ANA,13,C,2
481,2010,ANA,15,C,1
1647,2010,ANA,18,C,2
486,2010,ANA,22,C,2
508,2010,ANA,26,C,2
492,2010,ANA,28,C,2
518,2010,ANA,43,C,2
2996,2010,ANA,47,C,2
4729,2010,ANA,48,C,2
9624,2010,ANA,49,C,2
515,2010,ANA,51,C,2
6778,2010,ANA,63,C,2
66112,2010,ANA,69,C,2
1619,2010,ANA,74,C,2
25341,2010,ANA,83,C,2
39229,2010,ANA,84,C,2
25350,2010,ANA,85,C,2
10404,2010,ANA,87,C,2
16649,2010,ANA,89,C,2
509,2010,ANA,90,C,2
3775,2010,ANA,91,C,2
465,2010,ANA,93,C,2
2287,2010,ANA,2,D,2
2288,2010,ANA,3,D,2
2293,2010,ANA,4,D,2
519,2010,ANA,5,D,2
1154,2010,ANA,6,D,2
7955,2010,ANA,7,D,2
484,2010,ANA,17,D,1
494,2010,ANA,21,D,2
467,2010,ANA,23,D,2
2984,2010,ANA,24,D,2
485,2010,ANA,25,D,2
2976,2010,ANA,32,D,2
6781,2010,ANA,37,D,2
11309,2010,ANA,52,D,2
1631,2010,ANA,53,D,2
468,2010,ANA,54,D,2
522,2010,ANA,55,D,2
10414,2010,ANA,58,D,2
495,2010,ANA,60,D,2
40277,2010,ANA,75,D,2
9606,2010,ANA,77,D,2
4451,2010,ANA,97,D,2
469,2010,ANA,1,G,1
7947,2010,ANA,30,G,2
1649,2010,ANA,31,G,2
1150,2010,ANA,35,G,2
1651,2010,ANA,41,G,2
3777,2010,ANA,14,L,2
2998,2010,ANA,19,L,2
517,2010,ANA,20,L,2
516,2010,ANA,33,L,2
1143,2010,ANA,34,L,2
3778,2010,ANA,38,L,2
491,2010,ANA,39,L,2
482,2010,ANA,40,L,2
4713,2010,ANA,45,L,2
1635,2010,ANA,57,L,2
4414,2010,ANA,61,L,2
8704,2010,ANA,64,L,2
8729,2010,ANA,68,L,2
67518,2010,ANA,72,L,2
3774,2010,ANA,86,L,2
19804,2010,ANA,94,L,2
510,2010,ANA,96,L,2
514,2010,ANA,8,R,1
513,2010,ANA,9,R,1
483,2010,ANA,10,R,1
520,2010,ANA,16,R,2
1139,2010,ANA,27,R,2
1145,2010,ANA,29,R,2
1628,2010,ANA,36,R,2
493,2010,ANA,42,R,2
466,2010,ANA,44,R,2
22769,2010,ANA,46,R,2
487,2010,ANA,50,R,2
26737,2010,ANA,59,R,2
20437,2010,ANA,67,R,2
1132,2010,ANA,71,R,2
27415,2010,ANA,73,R,2
13890,2010,ANA,81,R,2
13878,2010,ANA,82,R,2
13888,2010,ANA,88,R,2
1992,2010,ATL,11,C,2
4389,2010,ATL,20,C,2
633,2010,ATL,26,C,2
19473,2010,ATL,37,C,2
1035,2010,ATL,42,C,2
1014,2010,ATL,44,C,2
589,2010,ATL,47,C,2
53220,2010,ATL,49,C,2
35052,2010,ATL,53,C,2
19463,2010,ATL,63,C,2
596,2010,ATL,80,C,2
27417,2010,ATL,81,C,2
5706,2010,ATL,83,C,2
27456,2010,ATL,84,C,2
5720,2010,ATL,85,C,2
13360,2010,ATL,87,C,2
636,2010,ATL,90,C,2
987,2010,ATL,91,C,2
10813,2010,ATL,2,D,2
612,2010,ATL,3,D,2
599,2010,ATL,4,D,2
6894,2010,ATL,5,D,2
613,2010,ATL,6,D,2
1036,2010,ATL,7,D,2
1023,2010,ATL,13,D,2
2958,2010,ATL,24,D,2
602,2010,ATL,27,D,2
600,2010,ATL,29,D,2
5331,2010,ATL,32,D,2
4396,2010,ATL,34,D,2
9729,2010,ATL,35,D,2
40381,2010,ATL,38,D,2
593,2010,ATL,39,D,1
3687,2010,ATL,40,D,2
27906,2010,ATL,46,D,2
19472,2010,ATL,48,D,2
9738,2010,ATL,51,D,2
628,2010,ATL,52,D,2
629,2010,ATL,55,D,2
4382,2010,ATL,57,D,2
13365,2010,ATL,58,D,2
11616,2010,ATL,65,D,2
626,2010,ATL,74,D,2
64187,2010,ATL,75,D,2
1041,2010,ATL,77,D,2
15544,2010,ATL,89,D,2
6898,2010,ATL,97,D,2
21548,2010,ATL,1,G,2
603,2010,ATL,30,G,2
594,2010,ATL,31,G,2
1042,2010,ATL,41,G,2
618,2010,ATL,50,G,2
42522,2010,ATL,60,G,2
15545,2010,ATL,70,G,2
601,2010,ATL,8,L,2
592,2010,ATL,9,L,2
1037,2010,ATL,12,L,2
597,2010,ATL,15,L,2
611,2010,ATL,16,L,1
598,2010,ATL,19,L,2
617,2010,ATL,21,L,2
1985,2010,ATL,23,L,2
635,2010,ATL,25,L,2
3685,2010,ATL,43,L,2
9290,2010,ATL,61,L,2
3713,2010,ATL,64,L,2
3686,2010,ATL,68,L,2
11617,2010,ATL,71,L,2
11598,2010,ATL,73,L,2
40359,2010,ATL,86,L,2
1966,2010,ATL,94,L,2
609,2010,ATL,10,R,2
1994,2010,ATL,14,R,2
1991,2010,ATL,17,R,2
610,2010,ATL,18,R,2
590,2010,ATL,22,R,2
634,2010,ATL,28,R,2
591,2010,ATL,33,R,1
4393,2010,ATL,36,R,2
13361,2010,ATL,45,R,2
19984,2010,ATL,54,R,2
35045,2010,ATL,59,R,2
9334,2010,ATL,67,R,2
27914,2010,ATL,79,R,2
10810,2010,ATL,88,R,2
9731,2010,ATL,93,R,2
3120,2010,BOS,10,C,2
672,2010,BOS,11,C,2
5502,2010,BOS,12,C,2
662,2010,BOS,19,C,2
3153,2010,BOS,25,C,2
650,2010,BOS,37,C,1
10049,2010,BOS,39,C,2
14458,2010,BOS,42,C,2
644,2010,BOS,46,C,1
19465,2010,BOS,47,C,2
17050,2010,BOS,49,C,2
48604,2010,BOS,51,C,2
38619,2010,BOS,53,C,2
673,2010,BOS,63,C,2
19468,2010,BOS,72,C,2
19446,2010,BOS,80,C,2
7216,2010,BOS,81,C,2
7224,2010,BOS,84,C,2
11859,2010,BOS,87,C,2
26626,2010,BOS,90,C,2
17078,2010,BOS,91,C,2
33577,2010,BOS,96,C,2
7222,2010,BOS,2,D,2
687,2010,BOS,3,D,2
4611,2010,BOS,4,D,2
5505,2010,BOS,5,D,2
688,2010,BOS,6,D,2
13944,2010,BOS,7,D,2
667,2010,BOS,21,D,2
680,2010,BOS,23,D,2
4614,2010,BOS,27,D,2
665,2010,BOS,33,D,1
22548,2010,BOS,34,D,2
15102,2010,BOS,43,D,2
647,2010,BOS,44,D,2
668,2010,BOS,45,D,2
648,2010,BOS,48,D,2
10074,2010,BOS,52,D,2
7210,2010,BOS,54,D,2
666,2010,BOS,55,D,2
9173,2010,BOS,57,D,2
11892,2010,BOS,58,D,2
13060,2010,BOS,65,D,2
45493,2010,BOS,68,D,2
4159,2010,BOS,74,D,2
25994,2010,BOS,75,D,2
12171,2010,BOS,76,D,2
18059,2010,BOS,77,D,2
12172,2010,BOS,79,D,2
4612,2010,BOS,89,D,2
5501,2010,BOS,97,D,2
4163,2010,BOS,1,G,2
681,2010,BOS,30,G,1
15875,2010,BOS,32,G,2
20191,2010,BOS,35,G,2
649,2010,BOS,40,G,1
7215,2010,BOS,50,G,2
33530,2010,BOS,60,G,2
10084,2010,BOS,70,G,2
3150,2010,BOS,9,L,2
682,2010,BOS,13,L,2
1352,2010,BOS,14,L,2
646,2010,BOS,17,L,1
676,2010,BOS,20,L,2
674,2010,BOS,22,L,2
5509,2010,BOS,31,L,2
679,2010,BOS,38,L,2
7225,2010,BOS,41,L,2
17730,2010,BOS,61,L,2
8114,2010,BOS,71,L,2
685,2010,BOS,86,L,2
5500,2010,BOS,94,L,2
1364,2010,BOS,8,R,2
3154,2010,BOS,15,R,2
1371,2010,BOS,16,R,2
645,2010,BOS,18,R,1
5514,2010,BOS,24,R,2
663,2010,BOS,26,R,2
651,2010,BOS,28,R,2
9126,2010,BOS,29,R,2
9155,2010,BOS,36,R,2
18062,2010,BOS,59,R,2
17712,2010,BOS,67,R,2
664,2010,BOS,73,R,2
44013,2010,BOS,78,R,2
52806,2010,BOS,83,R,2
20179,2010,BOS,93,R,2
546,2010,BUF,8,C,2
523,2010,BUF,9,C,1
565,2010,BUF,12,C,2
568,2010,BUF,13,C,2
578,2010,BUF,15,C,2
738,2010,BUF,17,C,2
581,2010,BUF,18,C,2
543,2010,BUF,19,C,2
534,2010,BUF,20,C,2
574,2010,BUF,22,C,2
547,2010,BUF,28,C,2
721,2010,BUF,42,C,2
4385,2010,BUF,47,C,2
6594,2010,BUF,48,C,2
563,2010,BUF,55,C,2
47147,2010,BUF,59,C,2
14008,2010,BUF,62,C,2
560,2010,BUF,63,C,2
27785,2010,BUF,64,C,2
6578,2010,BUF,72,C,2
4394,2010,BUF,80,C,2
10582,2010,BUF,84,C,2
17268,2010,BUF,87,C,2
13104,2010,BUF,90,C,2
8451,2010,BUF,91,C,2
55556,2010,BUF,96,C,2
1695,2010,BUF,2,D,2
537,2010,BUF,3,D,2
538,2010,BUF,4,D,2
579,2010,BUF,5,D,2
2045,2010,BUF,6,D,2
1696,2010,BUF,7,D,2
569,2010,BUF,14,D,2
1684,2010,BUF,32,D,2
2916,2010,BUF,34,D,2
8436,2010,BUF,37,D,2
740,2010,BUF,38,D,2
5282,2010,BUF,39,D,2
545,2010,BUF,44,D,2
30438,2010,BUF,49,D,2
21102,2010,BUF,51,D,2
549,2010,BUF,52,D,2
34820,2010,BUF,53,D,2
9160,2010,BUF,54,D,2
525,2010,BUF,57,D,1
17235,2010,BUF,58,D,2
23095,2010,BUF,60,D,2
582,2010,BUF,65,D,2
13095,2010,BUF,74,D,2
2938,2010,BUF,75,D,2
18897,2010,BUF,76,D,2
15946,2010,BUF,77,D,2
10089,2010,BUF,79,D,2
13119,2010,BUF,89,D,2
21103,2010,BUF,97,D,2
9135,2010,BUF,1,G,2
526,2010,BUF,30,G,1
580,2010,BUF,33,G,2
6591,2010,BUF,35,G,2
3503,2010,BUF,40,G,2
12231,2010,BUF,43,G,2
1685,2010,BUF,50,G,2
13082,2010,BUF,70,G,2
4364,2010,BUF,16,L,2
536,2010,BUF,26,L,1
743,2010,BUF,31,L,2
10529,2010,BUF,41,L,2
6553,2010,BUF,45,L,2
2945,2010,BUF,46,L,2
21116,2010,BUF,61,L,2
559,2010,BUF,71,L,2
562,2010,BUF,73,L,2
46137,2010,BUF,85,L,2
34813,2010,BUF,86,L,2
15497,2010,BUF,94,L,2
742,2010,BUF,10,R,2
558,2010,BUF,11,R,2
561,2010,BUF,21,R,1
5615,2010,BUF,23,R,2
739,2010,BUF,24,R,2
535,2010,BUF,25,R,2
524,2010,BUF,27,R,2
544,2010,BUF,29,R,1
548,2010,BUF,36,R,2
26377,2010,BUF,67,R,2
33924,2010,BUF,78,R,2
1694,2010,BUF,81,R,2
1705,2010,BUF,82,R,2
30441,2010,BUF,83,R,2
1706,2010,BUF,88,R,2
6569,2010,BUF,93,R,2
456,2010,CAR,7,C,2
146,2010,CAR,8,C,2
171,2010,CAR,9,C,2
174,2010,CAR,11,C,2
125,2010,CAR,12,C,1
2447,2010,CAR,13,C,2
136,2010,CAR,16,C,2
434,2010,CAR,17,C,2
2400,2010,CAR,18,C,2
2444,2010,CAR,19,C,2
4559,2010,CAR,28,C,2
18056,2010,CAR,37,C,2
7689,2010,CAR,42,C,2
119,2010,CAR,53,C,1
18031,2010,CAR,63,C,2
36401,2010,CAR,72,C,2
25903,2010,CAR,80,C,2
13222,2010,CAR,81,C,2
30098,2010,CAR,84,C,2
8214,2010,CAR,87,C,2
17363,2010,CAR,90,C,2
6113,2010,CAR,91,C,2
3831,2010,CAR,2,D,2
4517,2010,CAR,3,D,2
128,2010,CAR,4,D,2
173,2010,CAR,5,D,2
129,2010,CAR,6,D,2
122,2010,CAR,25,D,1
139,2010,CAR,33,D,2
459,2010,CAR,41,D,2
140,2010,CAR,44,D,2
11482,2010,CAR,49,D,2
16179,2010,CAR,51,D,2
6944,2010,CAR,52,D,2
42483,2010,CAR,54,D,2
432,2010,CAR,55,D,2
51592,2010,CAR,58,D,2
14664,2010,CAR,65,D,2
28701,2010,CAR,68,D,2
28709,2010,CAR,75,D,2
13250,2010,CAR,76,D,2
123,2010,CAR,77,D,1
13241,2010,CAR,79,D,2
6915,2010,CAR,89,D,2
33220,2010,CAR,97,D,2
8213,2010,CAR,1,G,2
124,2010,CAR,30,G,1
4338,2010,CAR,31,G,2
433,2010,CAR,32,G,2
3832,2010,CAR,35,G,2
11484,2010,CAR,40,G,2
4562,2010,CAR,45,G,2
25931,2010,CAR,50,G,2
4519,2010,CAR,60,G,2
57255,2010,CAR,70,G,2
3792,2010,CAR,10,L,2
2418,2010,CAR,14,L,2
138,2010,CAR,21,L,2
172,2010,CAR,23,L,2
161,2010,CAR,26,L,2
121,2010,CAR,36,L,2
6108,2010,CAR,38,L,2
4324,2010,CAR,43,L,2
13205,2010,CAR,46,L,2
8839,2010,CAR,47,L,2
169,2010,CAR,48,L,2
9276,2010,CAR,57,L,2
10144,2010,CAR,61,L,2
4332,2010,CAR,64,L,2
2441,2010,CAR,71,L,2
2426,2010,CAR,73,L,2
16181,2010,CAR,74,L,2
10159,2010,CAR,85,L,2
6114,2010,CAR,86,L,2
4558,2010,CAR,94,L,2
67364,2010,CAR,96,L,2
120,2010,CAR,15,R,1
160,2010,CAR,20,R,2
147,2010,CAR,22,R,2
127,2010,CAR,24,R,2
2411,2010,CAR,27,R,2
148,2010,CAR,29,R,2
3817,2010,CAR,34,R,2
137,2010,CAR,39,R,2
126,2010,CAR,59,R,2
10180,2010,CAR,67,R,2
54654,2010,CAR,82,R,2
11494,2010,CAR,83,R,2
54607,2010,CAR,88,R,2
8828,2010,CAR,93,R,2
337,2010,CBJ,8,C,2
3432,2010,CBJ,9,C,2
3441,2010,CBJ,11,C,2
343,2010,CBJ,12,C,2
5221,2010,CBJ,13,C,2
7335,2010,CBJ,14,C,2
316,2010,CBJ,16,C,2
1217,2010,CBJ,17,C,2
299,2010,CBJ,18,C,1
1249,2010,CBJ,21,C,2
324,2010,CBJ,24,C,2
300,2010,CBJ,26,C,2
8496,2010,CBJ,34,C,2
2889,2010,CBJ,36,C,2
8501,2010,CBJ,37,C,2
23372,2010,CBJ,38,C,2
345,2010,CBJ,39,C,2
9735,2010,CBJ,47,C,2
311,2010,CBJ,50,C,1
15811,2010,CBJ,63,C,2
26235,2010,CBJ,67,C,2
21120,2010,CBJ,72,C,2
7323,2010,CBJ,89,C,2
18450,2010,CBJ,90,C,2
17334,2010,CBJ,91,C,2
2857,2010,CBJ,2,D,2
302,2010,CBJ,3,D,2
5214,2010,CBJ,4,D,2
2852,2010,CBJ,5,D,2
314,2010,CBJ,6,D,2
339,2010,CBJ,7,D,2
1225,2010,CBJ,10,D,2
319,2010,CBJ,22,D,2
2893,2010,CBJ,32,D,2
315,2010,CBJ,35,D,2
6365,2010,CBJ,41,D,2
17329,2010,CBJ,42,D,2
340,2010,CBJ,44,D,2
7326,2010,CBJ,49,D,2
320,2010,CBJ,51,D,2
16985,2010,CBJ,52,D,2
33163,2010,CBJ,53,D,2
333,2010,CBJ,60,D,2
16466,2010,CBJ,65,D,2
9000,2010,CBJ,75,D,2
9007,2010,CBJ,76,D,2
7332,2010,CBJ,77,D,2
9008,2010,CBJ,79,D,2
303,2010,CBJ,97,D,2
304,2010,CBJ,1,G,2
1266,2010,CBJ,30,G,2
334,2010,CBJ,31,G,2
6362,2010,CBJ,33,G,2
57349,2010,CBJ,45,G,2
301,2010,CBJ,19,L,2
312,2010,CBJ,20,L,2
3425,2010,CBJ,23,L,2
2888,2010,CBJ,25,L,2
318,2010,CBJ,28,L,2
338,2010,CBJ,29,L,2
1250,2010,CBJ,43,L,2
9010,2010,CBJ,46,L,2
3401,2010,CBJ,48,L,2
8502,2010,CBJ,55,L,2
17283,2010,CBJ,57,L,2
17305,2010,CBJ,58,L,2
313,2010,CBJ,61,L,1
342,2010,CBJ,64,L,2
346,2010,CBJ,68,L,2
15038,2010,CBJ,74,L,2
39064,2010,CBJ,85,L,2
33152,2010,CBJ,86,L,2
15036,2010,CBJ,94,L,2
19478,2010,CBJ,96,L,2
325,2010,CBJ,15,R,2
7343,2010,CBJ,27,R,2
326,2010,CBJ,40,R,2
8488,2010,CBJ,54,R,2
57846,2010,CBJ,59,R,2
2881,2010,CBJ,71,R,2
5978,2010,CBJ,81,R,2
29433,2010,CBJ,82,R,2
7324,2010,CBJ,83,R,2
5969,2010,CBJ,88,R,2
317,2010,CBJ,93,R,2
250,2010,CGY,8,C,2
2655,2010,CGY,9,C,2
265,2010,CGY,11,C,2
236,2010,CGY,13,C,1
251,2010,CGY,14,C,2
271,2010,CGY,16,C,2
2626,2010,CGY,18,C,2
2664,2010,CGY,19,C,2
1413,2010,CGY,24,C,2
6331,2010,CGY,39,C,2
18179,2010,CGY,48,C,2
5226,2010,CGY,50,C,2
63499,2010,CGY,56,C,2
23790,2010,CGY,63,C,2
266,2010,CGY,67,C,2
62051,2010,CGY,69,C,2
43576,2010,CGY,80,C,2
18803,2010,CGY,87,C,2
248,2010,CGY,89,C,2
4755,2010,CGY,90,C,2
4777,2010,CGY,93,C,2
278,2010,CGY,2,D,2
239,2010,CGY,3,D,2
253,2010,CGY,4,D,2
254,2010,CGY,5,D,1
282,2010,CGY,6,D,2
268,2010,CGY,7,D,2
292,2010,CGY,26,D,2
240,2010,CGY,28,D,2
11722,2010,CGY,36,D,2
4786,2010,CGY,37,D,2
2629,2010,CGY,43,D,2
19744,2010,CGY,46,D,2
32737,2010,CGY,47,D,2
3667,2010,CGY,49,D,2
4223,2010,CGY,51,D,2
2658,2010,CGY,52,D,2
14937,2010,CGY,53,D,2
8610,2010,CGY,55,D,2
26218,2010,CGY,59,D,2
6319,2010,CGY,60,D,2
36927,2010,CGY,65,D,2
269,2010,CGY,66,D,2
3625,2010,CGY,77,D,2
24963,2010,CGY,97,D,2
17618,2010,CGY,1,G,2
2630,2010,CGY,29,G,2
6320,2010,CGY,30,G,2
7614,2010,CGY,31,G,2
10239,2010,CGY,32,G,2
241,2010,CGY,34,G,1
279,2010,CGY,35,G,2
1419,2010,CGY,45,G,2
252,2010,CGY,10,L,2
267,2010,CGY,20,L,2
2657,2010,CGY,21,L,2
1427,2010,CGY,23,L,2
289,2010,CGY,33,L,2
12944,2010,CGY,38,L,2
249,2010,CGY,40,L,1
280,2010,CGY,41,L,2
272,2010,CGY,42,L,2
273,2010,CGY,44,L,2
40530,2010,CGY,54,L,2
44592,2010,CGY,57,L,2
32746,2010,CGY,58,L,2
2666,2010,CGY,61,L,2
6332,2010,CGY,64,L,2
36889,2010,CGY,73,L,2
4209,2010,CGY,74,L,2
2627,2010,CGY,85,L,2
12910,2010,CGY,86,L,2
281,2010,CGY,91,L,2
1428,2010,CGY,94,L,2
9455,2010,CGY,96,L,2
237,2010,CGY,12,R,1
270,2010,CGY,15,R,2
284,2010,CGY,17,R,2
4191,2010,CGY,22,R,2
4215,2010,CGY,25,R,2
286,2010,CGY,27,R,2
4195,2010,CGY,71,R,2
53338,2010,CGY,75,R,2
53345,2010,CGY,79,R,2
15724,2010,CGY,81,R,2
15728,2010,CGY,82,R,2
238,2010,CGY,83,R,2
15674,2010,CGY,88,R,2
185,2010,CHI,9,C,2
233,2010,CHI,12,C,2
1202,2010,CHI,13,C,2
1173,2010,CHI,14,C,2
2282,2010,CHI,16,C,2
175,2010,CHI,19,C,1
181,2010,CHI,26,C,2
215,2010,CHI,28,C,2
232,2010,CHI,34,C,2
196,2010,CHI,36,C,2
197,2010,CHI,37,C,2
218,2010,CHI,40,C,2
1199,2010,CHI,43,C,2
5996,2010,CHI,47,C,2
1205,2010,CHI,51,C,2
22960,2010,CHI,59,C,2
1687,2010,CHI,63,C,2
14960,2010,CHI,67,C,2
58527,2010,CHI,69,C,2
4113,2010,CHI,74,C,2
56202,2010,CHI,75,C,2
10807,2010,CHI,80,C,2
55057,2010,CHI,84,C,2
11273,2010,CHI,89,C,2
1211,2010,CHI,90,C,2
8775,2010,CHI,91,C,2
178,2010,CHI,2,D,1
1704,2010,CHI,3,D,2
183,2010,CHI,4,D,2
1197,2010,CHI,5,D,2
194,2010,CHI,6,D,2
179,2010,CHI,7,D,1
184,2010,CHI,8,D,2
1177,2010,CHI,24,D,2
195,2010,CHI,32,D,2
7113,2010,CHI,33,D,2
2891,2010,CHI,35,D,2
4105,2010,CHI,46,D,2
36239,2010,CHI,48,D,2
7893,2010,CHI,49,D,2
3548,2010,CHI,52,D,2
12072,2010,CHI,53,D,2
3550,2010,CHI,57,D,2
24548,2010,CHI,60,D,2
34104,2010,CHI,65,D,2
7900,2010,CHI,77,D,2
6004,2010,CHI,97,D,2
4495,2010,CHI,1,G,2
180,2010,CHI,30,G,2
4106,2010,CHI,41,G,2
7105,2010,CHI,45,G,2
1658,2010,CHI,50,G,1
230,2010,CHI,25,L,2
198,2010,CHI,29,L,2
8766,2010,CHI,31,L,2
12039,2010,CHI,38,L,2
177,2010,CHI,39,L,2
231,2010,CHI,55,L,2
35217,2010,CHI,58,L,2
2875,2010,CHI,61,L,2
17918,2010,CHI,64,L,2
45829,2010,CHI,85,L,2
12071,2010,CHI,86,L,2
7122,2010,CHI,94,L,2
1214,2010,CHI,96,L,2
193,2010,CHI,10,R,1
1206,2010,CHI,11,R,2
182,2010,CHI,15,R,2
1200,2010,CHI,17,R,2
216,2010,CHI,18,R,2
217,2010,CHI,20,R,2
1655,2010,CHI,21,R,2
209,2010,CHI,22,R,2
235,2010,CHI,23,R,2
2277,2010,CHI,27,R,2
4111,2010,CHI,42,R,2
1203,2010,CHI,44,R,2
210,2010,CHI,54,R,2
2276,2010,CHI,71,R,2
24543,2010,CHI,78,R,2
30324,2010,CHI,79,R,2
176,2010,CHI,81,R,1
214,2010,CHI,82,R,2
11248,2010,CHI,83,R,2
186,2010,CHI,88,R,1
2890,2010,CHI,93,R,2
187,2010,COL,9,C,1
1734,2010,COL,11,C,2
204,2010,COL,12,C,2
2684,2010,COL,14,C,2
2715,2010,COL,16,C,2
1746,2010,COL,17,C,2
221,2010,COL,19,C,2
211,2010,COL,26,C,1
234,2010,COL,28,C,2
199,2010,COL,34,C,2
228,2010,COL,36,C,2
200,2010,COL,37,C,2
205,2010,COL,40,C,2
3909,2010,COL,42,C,2
1929,2010,COL,43,C,2
20025,2010,COL,47,C,2
1749,2010,COL,48,C,2
8492,2010,COL,50,C,2
1938,2010,COL,51,C,2
21044,2010,COL,53,C,2
60660,2010,COL,56,C,2
16342,2010,COL,63,C,2
17973,2010,COL,67,C,2
33042,2010,COL,72,C,2
20030,2010,COL,80,C,2
62463,2010,COL,84,C,2
18008,2010,COL,89,C,2
1928,2010,COL,90,C,2
3205,2010,COL,91,C,2
224,2010,COL,2,D,2
5051,2010,COL,3,D,2
202,2010,COL,4,D,1
1767,2010,COL,5,D,2
226,2010,COL,6,D,2
225,2010,COL,7,D,2
219,2010,COL,8,D,2
190,2010,COL,10,D,2
1768,2010,COL,20,D,2
207,2010,COL,22,D,2
1941,2010,COL,24,D,2
208,2010,COL,27,D,2
227,2010,COL,32,D,2
3948,2010,COL,33,D,2
15659,2010,COL,38,D,2
203,2010,COL,44,D,2
18005,2010,COL,49,D,2
191,2010,COL,52,D,2
31184,2010,COL,58,D,2
5064,2010,COL,60,D,2
14881,2010,COL,65,D,2
24152,2010,COL,74,D,2
27349,2010,COL,75,D,2
27344,2010,COL,76,D,2
31185,2010,COL,77,D,2
8504,2010,COL,97,D,2
6840,2010,COL,1,G,2
220,2010,COL,30,G,2
1890,2010,COL,31,G,2
1769,2010,COL,35,G,2
192,2010,COL,41,G,2
1759,2010,COL,13,L,2
1729,2010,COL,21,L,2
5058,2010,COL,29,L,2
213,2010,COL,39,L,2
1763,2010,COL,45,L,2
206,2010,COL,55,L,2
3176,2010,COL,57,L,2
8506,2010,COL,61,L,2
5068,2010,COL,64,L,2
26507,2010,COL,73,L,2
55279,2010,COL,85,L,2
3926,2010,COL,94,L,2
1887,2010,COL,96,L,2
229,2010,COL,15,R,2
201,2010,COL,18,R,2
188,2010,COL,23,R,1
212,2010,COL,25,R,2
17995,2010,COL,46,R,2
189,2010,COL,54,R,2
21003,2010,COL,59,R,2
12839,2010,COL,71,R,2
222,2010,COL,81,R,2
223,2010,COL,82,R,2
31132,2010,COL,83,R,2
36225,2010,COL,88,R,2
1728,2010,COL,93,R,2
393,2010,DAL,8,C,2
4046,2010,DAL,11,C,2
372,2010,DAL,17,C,2
401,2010,DAL,19,C,2
382,2010,DAL,20,C,2
364,2010,DAL,23,C,2
400,2010,DAL,25,C,2
365,2010,DAL,29,C,2
4017,2010,DAL,42,C,2
16730,2010,DAL,43,C,2
4005,2010,DAL,44,C,2
9434,2010,DAL,48,C,2
858,2010,DAL,51,C,2
351,2010,DAL,63,C,1
65287,2010,DAL,69,C,2
9453,2010,DAL,71,C,2
3491,2010,DAL,74,C,2
37601,2010,DAL,80,C,2
16731,2010,DAL,81,C,2
9435,2010,DAL,87,C,2
368,2010,DAL,91,C,1
840,2010,DAL,93,C,2
21777,2010,DAL,96,C,2
354,2010,DAL,2,D,2
355,2010,DAL,3,D,2
852,2010,DAL,4,D,2
370,2010,DAL,5,D,2
374,2010,DAL,6,D,2
860,2010,DAL,27,D,2
367,2010,DAL,28,D,2
3492,2010,DAL,33,D,2
371,2010,DAL,37,D,2
28023,2010,DAL,45,D,2
3487,2010,DAL,46,D,2
861,2010,DAL,47,D,2
36006,2010,DAL,49,D,2
5955,2010,DAL,52,D,2
10296,2010,DAL,53,D,2
13014,2010,DAL,54,D,2
10283,2010,DAL,55,D,2
9447,2010,DAL,58,D,2
15319,2010,DAL,60,D,2
15322,2010,DAL,65,D,2
28031,2010,DAL,75,D,2
28017,2010,DAL,76,D,2
4049,2010,DAL,77,D,2
34187,2010,DAL,97,D,2
6734,2010,DAL,1,G,2
395,2010,DAL,30,G,2
10925,2010,DAL,31,G,2
356,2010,DAL,32,G,1
5948,2010,DAL,35,G,2
853,2010,DAL,39,G,2
8429,2010,DAL,40,G,2
4063,2010,DAL,41,G,2
363,2010,DAL,9,L,2
353,2010,DAL,10,L,1
366,2010,DAL,14,L,1
389,2010,DAL,18,L,2
388,2010,DAL,21,L,1
391,2010,DAL,26,L,2
6780,2010,DAL,34,L,2
10295,2010,DAL,38,L,2
848,2010,DAL,57,L,2
4953,2010,DAL,61,L,2
15324,2010,DAL,64,L,2
15310,2010,DAL,68,L,2
17546,2010,DAL,73,L,2
4958,2010,DAL,85,L,2
24346,2010,DAL,86,L,2
29591,2010,DAL,89,L,2
7572,2010,DAL,94,L,2
808,2010,DAL,7,R,2
369,2010,DAL,12,R,2
843,2010,DAL,13,R,2
390,2010,DAL,15,R,2
352,2010,DAL,16,R,2
373,2010,DAL,22,R,2
394,2010,DAL,24,R,2
3496,2010,DAL,36,R,2
6736,2010,DAL,50,R,2
19617,2010,DAL,59,R,2
4948,2010,DAL,67,R,2
24986,2010,DAL,78,R,2
32344,2010,DAL,79,R,2
22969,2010,DAL,82,R,2
36011,2010,DAL,83,R,2
33344,2010,DAL,88,R,2
15428,2010,DET,7,C,2
476,2010,DET,13,C,1
1207,2010,DET,14,C,2
501,2010,DET,15,C,2
1210,2010,DET,19,C,2
506,2010,DET,22,C,2
488,2010,DET,26,C,2
1934,2010,DET,34,C,2
1215,2010,DET,36,C,2
496,2010,DET,43,C,2
32294,2010,DET,48,C,2
18462,2010,DET,50,C,2
470,2010,DET,51,C,2
27225,2010,DET,63,C,2
10330,2010,DET,67,C,2
17415,2010,DET,80,C,2
63258,2010,DET,84,C,2
10347,2010,DET,89,C,2
489,2010,DET,90,C,2
2610,2010,DET,91,C,2
471,2010,DET,93,C,1
2608,2010,DET,2,D,2
3605,2010,DET,3,D,2
1181,2010,DET,4,D,2
479,2010,DET,5,D,1
3586,2010,DET,6,D,2
1935,2010,DET,10,D,2
503,2010,DET,21,D,2
473,2010,DET,23,D,2
512,2010,DET,24,D,2
504,2010,DET,25,D,2
1925,2010,DET,27,D,2
474,2010,DET,28,D,1
1906,2010,DET,37,D,2
17444,2010,DET,39,D,2
23531,2010,DET,45,D,2
31458,2010,DET,47,D,2
12450,2010,DET,49,D,2
480,2010,DET,52,D,2
3612,2010,DET,53,D,2
499,2010,DET,54,D,2
511,2010,DET,55,D,2
63251,2010,DET,59,D,2
507,2010,DET,60,D,2
22443,2010,DET,65,D,2
23525,2010,DET,75,D,2
23533,2010,DET,76,D,2
10362,2010,DET,77,D,2
19496,2010,DET,97,D,2
500,2010,DET,1,G,2
1160,2010,DET,30,G,2
1926,2010,DET,31,G,2
2607,2010,DET,32,G,2
475,2010,DET,35,G,1
14775,2010,DET,41,G,2
498,2010,DET,20,L,2
1191,2010,DET,29,L,2
502,2010,DET,33,L,2
3610,2010,DET,38,L,2
477,2010,DET,40,L,1
23530,2010,DET,57,L,2
31471,2010,DET,58,L,2
18455,2010,DET,61,L,2
20081,2010,DET,64,L,2
42960,2010,DET,73,L,2
8284,2010,DET,74,L,2
33094,2010,DET,85,L,2
3594,2010,DET,86,L,2
21919,2010,DET,94,L,2
478,2010,DET,96,L,2
505,2010,DET,8,R,2
521,2010,DET,9,R,2
490,2010,DET,11,R,1
4789,2010,DET,12,R,2
2565,2010,DET,16,R,2
497,2010,DET,17,R,2
1932,2010,DET,18,R,2
21253,2010,DET,42,R,2
472,2010,DET,44,R,2
10350,2010,DET,46,R,2
8277,2010,DET,71,R,2
20068,2010,DET,78,R,2
28815,2010,DET,79,R,2
1156,2010,DET,81,R,2
1157,2010,DET,82,R,2
10308,2010,DET,83,R,2
1190,2010,DET,88,R,2
1479,2010,EDM,9,C,2
255,2010,EDM,10,C,2
3668,2010,EDM,11,C,2
260,2010,EDM,13,C,2
256,2010,EDM,14,C,1
274,2010,EDM,16,C,2
1480,2010,EDM,18,C,2
1487,2010,EDM,19,C,2
2553,2010,EDM,21,C,2
7328,2010,EDM,25,C,2
7894,2010,EDM,36,C,2
20578,2010,EDM,37,C,2
7334,2010,EDM,50,C,2
10358,2010,EDM,51,C,2
11492,2010,EDM,53,C,2
59897,2010,EDM,56,C,2
16618,2010,EDM,63,C,2
16642,2010,EDM,64,C,2
261,2010,EDM,67,C,2
36761,2010,EDM,69,C,2
49403,2010,EDM,80,C,2
20582,2010,EDM,84,C,2
242,2010,EDM,89,C,2
10361,2010,EDM,90,C,2
263,2010,EDM,2,D,2
283,2010,EDM,3,D,2
258,2010,EDM,5,D,2
245,2010,EDM,6,D,1
287,2010,EDM,7,D,2
2563,2010,EDM,8,D,2
1478,2010,EDM,24,D,2
246,2010,EDM,26,D,2
13713,2010,EDM,38,D,2
9115,2010,EDM,41,D,2
1467,2010,EDM,43,D,2
14967,2010,EDM,45,D,2
33856,2010,EDM,47,D,2
264,2010,EDM,49,D,2
1468,2010,EDM,52,D,2
10356,2010,EDM,55,D,2
30402,2010,EDM,58,D,2
19694,2010,EDM,65,D,2
288,2010,EDM,66,D,2
48849,2010,EDM,68,D,2
20143,2010,EDM,76,D,2
259,2010,EDM,77,D,2
7329,2010,EDM,97,D,2
7344,2010,EDM,1,G,2
1469,2010,EDM,29,G,2
11469,2010,EDM,30,G,2
2560,2010,EDM,32,G,2
277,2010,EDM,34,G,2
247,2010,EDM,35,G,2
33849,2010,EDM,60,G,2
56410,2010,EDM,70,G,2
257,2010,EDM,4,L,1
2541,2010,EDM,15,L,2
2558,2010,EDM,23,L,2
275,2010,EDM,28,L,2
13689,2010,EDM,31,L,2
276,2010,EDM,33,L,2
285,2010,EDM,40,L,2
290,2010,EDM,42,L,2
291,2010,EDM,44,L,2
2508,2010,EDM,48,L,2
1481,2010,EDM,61,L,2
19682,2010,EDM,73,L,2
40885,2010,EDM,74,L,2
1488,2010,EDM,85,L,2
15778,2010,EDM,86,L,2
262,2010,EDM,91,L,2
13715,2010,EDM,94,L,2
10353,2010,EDM,96,L,2
2532,2010,EDM,12,R,2
6702,2010,EDM,17,R,2
2535,2010,EDM,20,R,2
2543,2010,EDM,22,R,2
243,2010,EDM,27,R,2
11438,2010,EDM,39,R,2
1475,2010,EDM,46,R,2
18003,2010,EDM,54,R,2
7898,2010,EDM,57,R,2
11449,2010,EDM,59,R,2
7340,2010,EDM,71,R,2
58186,2010,EDM,72,R,2
62322,2010,EDM,75,R,2
19305,2010,EDM,78,R,2
62306,2010,EDM,79,R,2
11228,2010,EDM,81,R,2
7870,2010,EDM,82,R,2
244,2010,EDM,83,R,1
7871,2010,EDM,88,R,2
7285,2010,EDM,93,R,2
2631,2010,FLA,8,C,2
1447,2010,FLA,9,C,1
2661,2010,FLA,11,C,2
1452,2010,FLA,13,C,2
1876,2010,FLA,17,C,2
1433,2010,FLA,18,C,2
1456,2010,FLA,19,C,2
4955,2010,FLA,23,C,2
1880,2010,FLA,33,C,2
9332,2010,FLA,47,C,2
19017,2010,FLA,49,C,2
5781,2010,FLA,51,C,2
10723,2010,FLA,53,C,2
4950,2010,FLA,63,C,2
20446,2010,FLA,64,C,2
1434,2010,FLA,67,C,2
9339,2010,FLA,80,C,2
6515,2010,FLA,81,C,2
6544,2010,FLA,84,C,2
17106,2010,FLA,87,C,2
1451,2010,FLA,89,C,2
23224,2010,FLA,90,C,2
5782,2010,FLA,93,C,2
8030,2010,FLA,94,C,2
1489,2010,FLA,2,D,2
4937,2010,FLA,3,D,2
1448,2010,FLA,5,D,2
1446,2010,FLA,6,D,1
1436,2010,FLA,7,D,2
1437,2010,FLA,24,D,2
4954,2010,FLA,37,D,2
5779,2010,FLA,38,D,2
3313,2010,FLA,39,D,2
1454,2010,FLA,43,D,2
3310,2010,FLA,48,D,2
1455,2010,FLA,52,D,2
12905,2010,FLA,55,D,2
68669,2010,FLA,62,D,2
56907,2010,FLA,65,D,2
31336,2010,FLA,68,D,2
23264,2010,FLA,74,D,2
8064,2010,FLA,75,D,2
31324,2010,FLA,76,D,2
3304,2010,FLA,77,D,2
18619,2010,FLA,97,D,2
1879,2010,FLA,1,G,2
1438,2010,FLA,29,G,1
4956,2010,FLA,30,G,2
4938,2010,FLA,32,G,2
1486,2010,FLA,35,G,2
3323,2010,FLA,41,G,2
9331,2010,FLA,50,G,2
12892,2010,FLA,60,G,2
1484,2010,FLA,4,L,2
1449,2010,FLA,10,L,2
2638,2010,FLA,15,L,2
1458,2010,FLA,16,L,2
2662,2010,FLA,20,L,2
1453,2010,FLA,21,L,2
1884,2010,FLA,22,L,2
1483,2010,FLA,28,L,2
18624,2010,FLA,31,L,2
2668,2010,FLA,40,L,2
2646,2010,FLA,42,L,2
2663,2010,FLA,44,L,2
13306,2010,FLA,45,L,2
5778,2010,FLA,57,L,2
16074,2010,FLA,58,L,2
1435,2010,FLA,61,L,2
7396,2010,FLA,71,L,2
7390,2010,FLA,73,L,2
1450,2010,FLA,85,L,2
21802,2010,FLA,86,L,2
1485,2010,FLA,91,L,2
49243,2010,FLA,96,L,2
2624,2010,FLA,12,R,2
1459,2010,FLA,14,R,2
5771,2010,FLA,25,R,2
1457,2010,FLA,26,R,2
1462,2010,FLA,27,R,2
1859,2010,FLA,34,R,2
1877,2010,FLA,36,R,2
1482,2010,FLA,46,R,2
22665,2010,FLA,54,R,2
10738,2010,FLA,59,R,2
63583,2010,FLA,72,R,2
56200,2010,FLA,82,R,2
1445,2010,FLA,83,R,2
61938,2010,FLA,88,R,2
1305,2010,LA,10,C,2
1275,2010,LA,11,C,1
1429,2010,LA,24,C,2
1291,2010,LA,28,C,2
6029,2010,LA,37,C,2
15888,2010,LA,46,C,2
1988,2010,LA,47,C,2
13657,2010,LA,51,C,2
4560,2010,LA,53,C,2
64372,2010,LA,56,C,2
7549,2010,LA,63,C,2
62578,2010,LA,69,C,2
1943,2010,LA,80,C,2
35493,2010,LA,84,C,2
46685,2010,LA,90,C,2
5167,2010,LA,91,C,2
21934,2010,LA,93,C,2
1321,2010,LA,2,D,2
1289,2010,LA,3,D,1
1424,2010,LA,4,D,2
3053,2010,LA,5,D,2
1294,2010,LA,6,D,2
1290,2010,LA,7,D,2
1278,2010,LA,8,D,1
4506,2010,LA,25,D,2
1953,2010,LA,29,D,2
1279,2010,LA,33,D,2
1987,2010,LA,39,D,2
3039,2010,LA,41,D,2
20937,2010,LA,43,D,2
1295,2010,LA,44,D,2
29060,2010,LA,49,D,2
10471,2010,LA,52,D,2
5177,2010,LA,55,D,2
37716,2010,LA,58,D,2
1432,2010,LA,66,D,2
4513,2010,LA,77,D,2
15048,2010,LA,97,D,2
1326,2010,LA,1,G,2
5178,2010,LA,30,G,2
17507,2010,LA,31,G,2
1280,2010,LA,32,G,1
10464,2010,LA,35,G,2
1384,2010,LA,45,G,2
1948,2010,LA,50,G,2
4508,2010,LA,60,G,2
1989,2010,LA,9,L,2
1287,2010,LA,13,L,2
1320,2010,LA,15,L,2
1951,2010,LA,16,L,2
1313,2010,LA,18,L,2
1418,2010,LA,20,L,2
1324,2010,LA,21,L,2
1293,2010,LA,22,L,2
1299,2010,LA,23,L,1
1288,2010,LA,27,L,2
5169,2010,LA,38,L,2
1423,2010,LA,40,L,2
1411,2010,LA,42,L,2
6488,2010,LA,48,L,2
13658,2010,LA,57,L,2
35003,2010,LA,61,L,2
14207,2010,LA,64,L,2
14226,2010,LA,68,L,2
17042,2010,LA,71,L,2
32066,2010,LA,72,L,2
15027,2010,LA,74,L,2
37714,2010,LA,85,L,2
5158,2010,LA,86,L,2
30892,2010,LA,89,L,2
1277,2010,LA,94,L,2
21947,2010,LA,96,L,2
1380,2010,LA,12,R,2
1292,2010,LA,14,R,1
1312,2010,LA,17,R,2
1306,2010,LA,19,R,2
1276,2010,LA,26,R,2
1314,2010,LA,34,R,2
1325,2010,LA,36,R,2
6018,2010,LA,54,R,2
4504,2010,LA,59,R,2
15880,2010,LA,73,R,2
38746,2010,LA,75,R,2
30046,2010,LA,78,R,2
7098,2010,LA,81,R,2
7084,2010,LA,82,R,2
43216,2010,LA,83,R,2
7106,2010,LA,88,R,2
130,2010,MIN,7,C,2
162,2010,MIN,9,C,1
141,2010,MIN,11,C,2
5074,2010,MIN,14,C,2
437,2010,MIN,17,C,2
3436,2010,MIN,18,C,2
154,2010,MIN,21,C,2
4259,2010,MIN,37,C,2
16259,2010,MIN,42,C,2
12387,2010,MIN,47,C,2
3429,2010,MIN,50,C,2
153,2010,MIN,53,C,2
68206,2010,MIN,56,C,2
21764,2010,MIN,63,C,2
24697,2010,MIN,64,C,2
5080,2010,MIN,67,C,2
60013,2010,MIN,69,C,2
12398,2010,MIN,80,C,2
61707,2010,MIN,84,C,2
2550,2010,MIN,89,C,2
15425,2010,MIN,90,C,2
13826,2010,MIN,91,C,2
3434,2010,MIN,2,D,2
2515,2010,MIN,3,D,2
166,2010,MIN,4,D,2
144,2010,MIN,5,D,2
167,2010,MIN,6,D,2
133,2010,MIN,8,D,1
3430,2010,MIN,10,D,2
150,2010,MIN,25,D,2
156,2010,MIN,33,D,2
9055,2010,MIN,40,D,2
145,2010,MIN,41,D,2
12907,2010,MIN,43,D,2
157,2010,MIN,44,D,2
2551,2010,MIN,49,D,2
3440,2010,MIN,51,D,2
7511,2010,MIN,52,D,2
134,2010,MIN,55,D,2
34659,2010,MIN,58,D,2
26107,2010,MIN,65,D,2
7513,2010,MIN,74,D,2
61034,2010,MIN,75,D,2
61035,2010,MIN,76,D,2
151,2010,MIN,77,D,2
3410,2010,MIN,97,D,2
4254,2010,MIN,1,G,2
152,2010,MIN,30,G,2
14811,2010,MIN,31,G,2
135,2010,MIN,32,G,1
2548,2010,MIN,35,G,2
5409,2010,MIN,60,G,2
4279,2010,MIN,13,L,2
164,2010,MIN,15,L,2
3437,2010,MIN,19,L,2
143,2010,MIN,23,L,2
159,2010,MIN,26,L,2
2545,2010,MIN,28,L,2
155,2010,MIN,36,L,2
13820,2010,MIN,38,L,2
17821,2010,MIN,45,L,2
168,2010,MIN,48,L,2
53738,2010,MIN,57,L,2
3428,2010,MIN,61,L,2
26078,2010,MIN,73,L,2
12897,2010,MIN,85,L,2
20361,2010,MIN,86,L,2
6494,2010,MIN,94,L,2
15432,2010,MIN,96,L,2
142,2010,MIN,12,R,2
165,2010,MIN,16,R,2
163,2010,MIN,20,R,2
131,2010,MIN,22,R,2
132,2010,MIN,24,R,1
2549,2010,MIN,27,R,2
149,2010,MIN,29,R,2
4260,2010,MIN,34,R,2
170,2010,MIN,39,R,2
2544,2010,MIN,46,R,2
19234,2010,MIN,54,R,2
158,2010,MIN,59,R,2
3443,2010,MIN,71,R,2
30777,2010,MIN,78,R,2
64285,2010,MIN,79,R,2
48357,2010,MIN,81,R,2
41622,2010,MIN,82,R,2
5106,2010,MIN,83,R,2
41624,2010,MIN,88,R,2
3438,2010,MIN,93,R,2
930,2010,MTL,10,C,2
0,2010,MTL,11,C,2
12,2010,MTL,14,C,1
23,2010,MTL,15,C,2
27,2010,MTL,17,C,2
910,2010,MTL,19,C,2
918,2010,MTL,25,C,2
44,2010,MTL,37,C,2
24,2010,MTL,40,C,2
55,2010,MTL,42,C,2
870,2010,MTL,48,C,2
8977,2010,MTL,50,C,2
7677,2010,MTL,51,C,2
2895,2010,MTL,55,C,2
32154,2010,MTL,58,C,2
2922,2010,MTL,63,C,2
893,2010,MTL,71,C,2
18910,2010,MTL,72,C,2
18549,2010,MTL,80,C,2
13,2010,MTL,81,C,2
42401,2010,MTL,83,C,2
57,2010,MTL,84,C,2
912,2010,MTL,87,C,2
20140,2010,MTL,89,C,2
42402,2010,MTL,90,C,2
2161,2010,MTL,91,C,2
7007,2010,MTL,93,C,2
45,2010,MTL,94,C,2
48,2010,MTL,2,D,2
58,2010,MTL,3,D,2
925,2010,MTL,4,D,2
4833,2010,MTL,5,D,2
15,2010,MTL,6,D,2
911,2010,MTL,7,D,2
2162,2010,MTL,8,D,2
29,2010,MTL,20,D,1
49,2010,MTL,22,D,2
6443,2010,MTL,23,D,2
3,2010,MTL,26,D,2
4844,2010,MTL,29,D,2
6444,2010,MTL,33,D,2
2949,2010,MTL,34,D,2
46,2010,MTL,36,D,2
2130,2010,MTL,39,D,2
8022,2010,MTL,43,D,2
2138,2010,MTL,44,D,2
30,2010,MTL,45,D,2
25944,2010,MTL,47,D,2
20102,2010,MTL,49,D,2
6436,2010,MTL,53,D,2
25984,2010,MTL,54,D,2
3106,2010,MTL,65,D,2
15989,2010,MTL,68,D,2
4,2010,MTL,75,D,2
16,2010,MTL,76,D,1
2123,2010,MTL,77,D,2
8039,2010,MTL,79,D,2
9004,2010,MTL,97,D,2
11531,2010,MTL,1,G,2
3096,2010,MTL,30,G,2
5,2010,MTL,31,G,1
59,2010,MTL,35,G,2
13249,2010,MTL,60,G,2
58889,2010,MTL,70,G,2
2122,2010,MTL,12,L,2
917,2010,MTL,13,L,1
26,2010,MTL,16,L,2
920,2010,MTL,24,L,2
6426,2010,MTL,38,L,2
47,2010,MTL,41,L,2
22,2010,MTL,46,L,2
25,2010,MTL,52,L,2
2,2010,MTL,57,L,2
8017,2010,MTL,61,L,2
21387,2010,MTL,64,L,2
5538,2010,MTL,73,L,2
17505,2010,MTL,74,L,2
48851,2010,MTL,85,L,2
6439,2010,MTL,86,L,2
23538,2010,MTL,96,L,2
40,2010,MTL,9,R,2
31,2010,MTL,18,R,2
1,2010,MTL,21,R,2
901,2010,MTL,27,R,2
28,2010,MTL,28,R,2
14,2010,MTL,32,R,2
13245,2010,MTL,59,R,2
8066,2010,MTL,67,R,1
66843,2010,MTL,82,R,2
383,2010,NJ,8,C,2
375,2010,NJ,10,C,2
2001,2010,NJ,11,C,2
378,2010,NJ,19,C,1
357,2010,NJ,25,C,2
2699,2010,NJ,34,C,2
4838,2010,NJ,40,C,2
2027,2010,NJ,42,C,2
26795,2010,NJ,47,C,2
18120,2010,NJ,51,C,2
2031,2010,NJ,55,C,2
2008,2010,NJ,63,C,2
12722,2010,NJ,67,C,2
26796,2010,NJ,80,C,2
4824,2010,NJ,81,C,2
29173,2010,NJ,84,C,2
1535,2010,NJ,87,C,2
12674,2010,NJ,89,C,2
985,2010,NJ,90,C,2
397,2010,NJ,91,C,2
4812,2010,NJ,94,C,2
386,2010,NJ,2,D,2
396,2010,NJ,3,D,2
977,2010,NJ,4,D,2
360,2010,NJ,5,D,2
380,2010,NJ,6,D,2
381,2010,NJ,7,D,2
361,2010,NJ,20,D,2
2698,2010,NJ,27,D,2
387,2010,NJ,28,D,2
402,2010,NJ,29,D,2
3147,2010,NJ,33,D,2
399,2010,NJ,37,D,2
9985,2010,NJ,38,D,2
2672,2010,NJ,44,D,2
3118,2010,NJ,45,D,2
3148,2010,NJ,48,D,2
12680,2010,NJ,49,D,2
970,2010,NJ,52,D,2
25239,2010,NJ,53,D,2
2044,2010,NJ,57,D,2
1530,2010,NJ,58,D,2
42268,2010,NJ,65,D,2
20646,2010,NJ,68,D,2
16817,2010,NJ,74,D,2
4845,2010,NJ,75,D,2
44708,2010,NJ,76,D,2
12681,2010,NJ,77,D,2
30609,2010,NJ,97,D,2
981,2010,NJ,1,G,2
362,2010,NJ,30,G,2
4829,2010,NJ,31,G,1
392,2010,NJ,32,G,2
17608,2010,NJ,35,G,2
2673,2010,NJ,41,G,2
32925,2010,NJ,60,G,2
16818,2010,NJ,70,G,2
379,2010,NJ,9,L,1
4791,2010,NJ,13,L,2
944,2010,NJ,14,L,2
377,2010,NJ,17,L,1
404,2010,NJ,18,L,2
398,2010,NJ,21,L,2
359,2010,NJ,26,L,1
2700,2010,NJ,39,L,2
7154,2010,NJ,43,L,2
4840,2010,NJ,46,L,2
37432,2010,NJ,61,L,2
7173,2010,NJ,64,L,2
23587,2010,NJ,71,L,2
37406,2010,NJ,85,L,2
24031,2010,NJ,96,L,2
384,2010,NJ,12,R,2
358,2010,NJ,15,R,2
983,2010,NJ,16,R,2
376,2010,NJ,22,R,2
385,2010,NJ,23,R,2
403,2010,NJ,24,R,2
2032,2010,NJ,36,R,2
7951,2010,NJ,50,R,2
2721,2010,NJ,54,R,2
31941,2010,NJ,59,R,2
54552,2010,NJ,72,R,2
13922,2010,NJ,73,R,2
9384,2010,NJ,82,R,2
12731,2010,NJ,83,R,2
6256,2010,NJ,86,R,2
9361,2010,NJ,88,R,2
18779,2010,NJ,93,R,2
1151,2010,NSH,9,C,2
1105,2010,NSH,11,C,1
4210,2010,NSH,13,C,2
1135,2010,NSH,15,C,2
1111,2010,NSH,16,C,2
2502,2010,NSH,18,C,2
2283,2010,NSH,19,C,2
1123,2010,NSH,22,C,2
1127,2010,NSH,28,C,2
2274,2010,NSH,36,C,2
8261,2010,NSH,43,C,2
12548,2010,NSH,47,C,2
43500,2010,NSH,48,C,2
16130,2010,NSH,53,C,2
5949,2010,NSH,63,C,2
56352,2010,NSH,69,C,2
22367,2010,NSH,80,C,2
14238,2010,NSH,84,C,2
3373,2010,NSH,90,C,2
6201,2010,NSH,91,C,2
8253,2010,NSH,93,C,2
2275,2010,NSH,2,D,2
1147,2010,NSH,4,D,2
1129,2010,NSH,5,D,2
1108,2010,NSH,6,D,1
2281,2010,NSH,7,D,2
1113,2010,NSH,8,D,2
1125,2010,NSH,17,D,2
1109,2010,NSH,20,D,1
1130,2010,NSH,21,D,2
1120,2010,NSH,23,D,2
2262,2010,NSH,24,D,2
5945,2010,NSH,32,D,2
3348,2010,NSH,44,D,2
2500,2010,NSH,46,D,2
40889,2010,NSH,49,D,2
1114,2010,NSH,51,D,2
5001,2010,NSH,52,D,2
1121,2010,NSH,54,D,2
1148,2010,NSH,55,D,2
4994,2010,NSH,58,D,2
1126,2010,NSH,60,D,2
17785,2010,NSH,64,D,2
25631,2010,NSH,65,D,2
6224,2010,NSH,77,D,2
3349,2010,NSH,89,D,2
19131,2010,NSH,97,D,2
1122,2010,NSH,1,G,2
3350,2010,NSH,30,G,2
22389,2010,NSH,31,G,2
4177,2010,NSH,34,G,2
1110,2010,NSH,35,G,1
2453,2010,NSH,41,G,2
26999,2010,NSH,45,G,2
3381,2010,NSH,14,L,2
1112,2010,NSH,26,L,2
1118,2010,NSH,33,L,2
9510,2010,NSH,38,L,2
1138,2010,NSH,39,L,2
4220,2010,NSH,40,L,2
2450,2010,NSH,57,L,2
16980,2010,NSH,61,L,2
34864,2010,NSH,72,L,2
28887,2010,NSH,73,L,1
2460,2010,NSH,74,L,2
36550,2010,NSH,85,L,2
9539,2010,NSH,86,L,2
10425,2010,NSH,94,L,2
8274,2010,NSH,96,L,2
2249,2010,NSH,3,R,2
1119,2010,NSH,10,R,1
4182,2010,NSH,12,R,2
1106,2010,NSH,25,R,2
1146,2010,NSH,27,R,1
1107,2010,NSH,29,R,2
24308,2010,NSH,37,R,2
2449,2010,NSH,42,R,2
1124,2010,NSH,50,R,2
16155,2010,NSH,59,R,2
36565,2010,NSH,67,R,2
1128,2010,NSH,71,R,2
68821,2010,NSH,75,R,2
25635,2010,NSH,78,R,2
29504,2010,NSH,79,R,2
2242,2010,NSH,81,R,2
2241,2010,NSH,82,R,2
44925,2010,NSH,83,R,2
2258,2010,NSH,88,R,2
841,2010,NYI,12,C,2
851,2010,NYI,17,C,2
814,2010,NYI,28,C,2
866,2010,NYI,29,C,2
8158,2010,NYI,36,C,2
4899,2010,NYI,42,C,2
2784,2010,NYI,48,C,2
844,2010,NYI,51,C,2
9245,2010,NYI,53,C,2
857,2010,NYI,63,C,2
2807,2010,NYI,71,C,2
37321,2010,NYI,72,C,2
16492,2010,NYI,80,C,2
3851,2010,NYI,81,C,2
50342,2010,NYI,84,C,2
2826,2010,NYI,87,C,2
33854,2010,NYI,89,C,2
39344,2010,NYI,90,C,2
820,2010,NYI,91,C,1
830,2010,NYI,93,C,2
6991,2010,NYI,94,C,2
854,2010,NYI,2,D,2
855,2010,NYI,3,D,2
817,2010,NYI,4,D,2
863,2010,NYI,5,D,2
849,2010,NYI,6,D,2
821,2010,NYI,10,D,2
1589,2010,NYI,18,D,2
822,2010,NYI,20,D,2
818,2010,NYI,24,D,2
831,2010,NYI,27,D,2
1590,2010,NYI,33,D,2
18125,2010,NYI,34,D,2
864,2010,NYI,37,D,2
1581,2010,NYI,38,D,2
5789,2010,NYI,43,D,2
1582,2010,NYI,44,D,2
7009,2010,NYI,45,D,2
832,2010,NYI,47,D,2
2095,2010,NYI,52,D,2
2106,2010,NYI,55,D,2
54820,2010,NYI,64,D,2
9785,2010,NYI,65,D,2
29286,2010,NYI,68,D,2
52392,2010,NYI,74,D,2
7680,2010,NYI,75,D,2
7686,2010,NYI,76,D,2
9275,2010,NYI,77,D,2
17331,2010,NYI,97,D,2
2835,2010,NYI,1,G,2
1583,2010,NYI,30,G,2
850,2010,NYI,32,G,2
3890,2010,NYI,35,G,2
819,2010,NYI,39,G,2
3207,2010,NYI,41,G,2
24063,2010,NYI,50,G,2
33840,2010,NYI,60,G,2
39324,2010,NYI,70,G,2
2065,2010,NYI,8,L,2
2801,2010,NYI,9,L,2
3857,2010,NYI,11,L,2
846,2010,NYI,14,L,2
847,2010,NYI,16,L,2
1580,2010,NYI,19,L,2
856,2010,NYI,21,L,2
816,2010,NYI,26,L,1
1586,2010,NYI,31,L,2
6987,2010,NYI,46,L,2
829,2010,NYI,57,L,2
16021,2010,NYI,58,L,2
5774,2010,NYI,61,L,2
9742,2010,NYI,73,L,2
5780,2010,NYI,85,L,2
26673,2010,NYI,86,L,2
31464,2010,NYI,96,L,2
815,2010,NYI,7,R,2
867,2010,NYI,13,R,2
828,2010,NYI,15,R,1
2064,2010,NYI,22,R,2
3209,2010,NYI,23,R,2
842,2010,NYI,25,R,2
1550,2010,NYI,40,R,1
24860,2010,NYI,49,R,2
3210,2010,NYI,54,R,2
9246,2010,NYI,59,R,2
5762,2010,NYI,67,R,2
35171,2010,NYI,82,R,2
33817,2010,NYI,83,R,2
35193,2010,NYI,88,R,2
713,2010,NYR,9,C,2
3943,2010,NYR,12,C,2
702,2010,NYR,17,C,1
741,2010,NYR,19,C,2
746,2010,NYR,20,C,2
726,2010,NYR,22,C,2
2752,2010,NYR,23,C,2
690,2010,NYR,26,C,2
723,2010,NYR,28,C,2
2773,2010,NYR,37,C,2
703,2010,NYR,42,C,2
5510,2010,NYR,46,C,2
6888,2010,NYR,47,C,2
1593,2010,NYR,51,C,2
7738,2010,NYR,53,C,2
691,2010,NYR,55,C,2
714,2010,NYR,63,C,2
13719,2010,NYR,67,C,2
14108,2010,NYR,71,C,2
6868,2010,NYR,80,C,2
4665,2010,NYR,81,C,2
2762,2010,NYR,84,C,2
24606,2010,NYR,85,C,2
14114,2010,NYR,87,C,2
24603,2010,NYR,90,C,2
7725,2010,NYR,91,C,2
1578,2010,NYR,93,C,2
53940,2010,NYR,96,C,2
2780,2010,NYR,2,D,2
725,2010,NYR,3,D,2
705,2010,NYR,4,D,2
706,2010,NYR,5,D,2
3937,2010,NYR,6,D,2
693,2010,NYR,18,D,2
734,2010,NYR,27,D,2
694,2010,NYR,33,D,2
12203,2010,NYR,34,D,2
727,2010,NYR,38,D,2
716,2010,NYR,44,D,2
5516,2010,NYR,48,D,2
13665,2010,NYR,49,D,2
3933,2010,NYR,52,D,2
14478,2010,NYR,54,D,2
735,2010,NYR,57,D,2
14115,2010,NYR,58,D,2
11189,2010,NYR,64,D,2
22028,2010,NYR,65,D,2
35700,2010,NYR,68,D,2
11386,2010,NYR,74,D,2
35669,2010,NYR,75,D,2
35670,2010,NYR,76,D,2
7730,2010,NYR,77,D,2
11430,2010,NYR,89,D,2
2754,2010,NYR,97,D,2
10017,2010,NYR,1,G,2
695,2010,NYR,30,G,1
2761,2010,NYR,35,G,2
1594,2010,NYR,39,G,2
4624,2010,NYR,43,G,2
6867,2010,NYR,50,G,2
53938,2010,NYR,60,G,2
745,2010,NYR,8,L,2
2775,2010,NYR,11,L,2
9655,2010,NYR,13,L,2
1585,2010,NYR,14,L,2
733,2010,NYR,16,L,2
730,2010,NYR,31,L,2
2763,2010,NYR,41,L,2
9679,2010,NYR,45,L,2
18578,2010,NYR,61,L,2
744,2010,NYR,94,L,2
1576,2010,NYR,7,R,2
729,2010,NYR,10,R,1
1579,2010,NYR,15,R,2
715,2010,NYR,21,R,1
704,2010,NYR,24,R,1
692,2010,NYR,25,R,2
731,2010,NYR,29,R,2
4666,2010,NYR,32,R,2
724,2010,NYR,36,R,2
1552,2010,NYR,40,R,2
39428,2010,NYR,59,R,2
60817,2010,NYR,72,R,2
5507,2010,NYR,73,R,2
13686,2010,NYR,83,R,2
6260,2010,NYR,86,R,2
8786,2010,NYR,88,R,2
575,2010,OTT,8,C,2
527,2010,OTT,12,C,2
555,2010,OTT,13,C,2
550,2010,OTT,15,C,2
3975,2010,OTT,17,C,2
551,2010,OTT,18,C,2
572,2010,OTT,19,C,1
5253,2010,OTT,20,C,2
539,2010,OTT,22,C,2
576,2010,OTT,28,C,2
12509,2010,OTT,37,C,2
3076,2010,OTT,40,C,2
787,2010,OTT,42,C,2
11615,2010,OTT,47,C,2
3950,2010,OTT,48,C,2
44267,2010,OTT,51,C,2
2437,2010,OTT,53,C,2
12512,2010,OTT,62,C,2
5254,2010,OTT,63,C,2
11609,2010,OTT,80,C,2
748,2010,OTT,81,C,2
37829,2010,OTT,83,C,2
801,2010,OTT,84,C,2
3979,2010,OTT,87,C,2
19688,2010,OTT,89,C,2
27191,2010,OTT,90,C,2
6667,2010,OTT,91,C,2
10614,2010,OTT,94,C,2
26055,2010,OTT,96,C,2
8946,2010,OTT,2,D,2
564,2010,OTT,3,D,2
530,2010,OTT,4,D,2
553,2010,OTT,5,D,2
2443,2010,OTT,6,D,2
3981,2010,OTT,7,D,2
542,2010,OTT,14,D,2
6657,2010,OTT,23,D,2
23586,2010,OTT,34,D,2
554,2010,OTT,39,D,2
7384,2010,OTT,43,D,2
571,2010,OTT,44,D,2
5565,2010,OTT,45,D,2
19686,2010,OTT,49,D,2
570,2010,OTT,52,D,2
8119,2010,OTT,54,D,2
533,2010,OTT,55,D,1
566,2010,OTT,57,D,2
4002,2010,OTT,58,D,2
531,2010,OTT,65,D,1
39893,2010,OTT,68,D,2
1825,2010,OTT,74,D,2
22609,2010,OTT,75,D,2
5566,2010,OTT,76,D,2
2440,2010,OTT,77,D,2
10643,2010,OTT,79,D,2
23313,2010,OTT,97,D,2
4003,2010,OTT,1,G,2
567,2010,OTT,30,G,2
3102,2010,OTT,31,G,2
532,2010,OTT,33,G,2
28885,2010,OTT,35,G,2
11601,2010,OTT,50,G,2
26106,2010,OTT,60,G,2
557,2010,OTT,9,L,2
760,2010,OTT,16,L,2
1824,2010,OTT,21,L,2
3988,2010,OTT,24,L,2
799,2010,OTT,41,L,2
3090,2010,OTT,46,L,2
7400,2010,OTT,61,L,2
20811,2010,OTT,64,L,2
39888,2010,OTT,67,L,2
529,2010,OTT,71,L,2
541,2010,OTT,73,L,2
7383,2010,OTT,85,L,2
6668,2010,OTT,86,L,2
1810,2010,OTT,10,R,2
528,2010,OTT,11,R,1
540,2010,OTT,25,R,2
552,2010,OTT,26,R,2
556,2010,OTT,27,R,2
573,2010,OTT,29,R,2
749,2010,OTT,32,R,2
577,2010,OTT,36,R,2
13022,2010,OTT,38,R,2
2442,2010,OTT,59,R,2
58939,2010,OTT,72,R,2
20825,2010,OTT,78,R,2
34113,2010,OTT,82,R,2
34107,2010,OTT,88,R,2
14053,2010,OTT,93,R,2
84,2010,PHI,10,C,2
94,2010,PHI,11,C,2
1741,2010,PHI,12,C,2
60,2010,PHI,17,C,1
61,2010,PHI,18,C,1
1075,2010,PHI,20,C,2
85,2010,PHI,26,C,2
1764,2010,PHI,34,C,2
106,2010,PHI,36,C,2
1765,2010,PHI,37,C,2
72,2010,PHI,48,C,1
30555,2010,PHI,49,C,2
6335,2010,PHI,50,C,2
12340,2010,PHI,53,C,2
6598,2010,PHI,63,C,2
31617,2010,PHI,64,C,2
103,2010,PHI,71,C,2
6599,2010,PHI,72,C,2
1064,2010,PHI,74,C,2
36972,2010,PHI,80,C,2
5670,2010,PHI,81,C,2
5671,2010,PHI,84,C,2
104,2010,PHI,87,C,2
55999,2010,PHI,89,C,2
16113,2010,PHI,90,C,2
8160,2010,PHI,91,C,2
14334,2010,PHI,94,C,2
23196,2010,PHI,2,D,2
81,2010,PHI,3,D,2
109,2010,PHI,4,D,2
74,2010,PHI,5,D,2
82,2010,PHI,6,D,2
113,2010,PHI,7,D,2
2389,2010,PHI,8,D,2
63,2010,PHI,25,D,1
4689,2010,PHI,32,D,2
8174,2010,PHI,38,D,2
64,2010,PHI,41,D,2
13260,2010,PHI,43,D,2
75,2010,PHI,44,D,1
1093,2010,PHI,46,D,2
6388,2010,PHI,51,D,2
1745,2010,PHI,52,D,2
20189,2010,PHI,54,D,2
3261,2010,PHI,58,D,2
14045,2010,PHI,65,D,2
16937,2010,PHI,68,D,2
41358,2010,PHI,75,D,2
16929,2010,PHI,76,D,2
2342,2010,PHI,77,D,2
55457,2010,PHI,97,D,2
3255,2010,PHI,1,G,2
116,2010,PHI,29,G,2
6593,2010,PHI,30,G,2
4690,2010,PHI,31,G,2
1048,2010,PHI,33,G,2
65,2010,PHI,35,G,1
8815,2010,PHI,60,G,2
95,2010,PHI,9,L,2
62,2010,PHI,13,L,2
105,2010,PHI,14,L,2
1089,2010,PHI,15,L,2
83,2010,PHI,19,L,2
101,2010,PHI,21,L,2
73,2010,PHI,22,L,1
110,2010,PHI,24,L,2
1720,2010,PHI,39,L,2
107,2010,PHI,45,L,2
8822,2010,PHI,47,L,2
1070,2010,PHI,57,L,2
6379,2010,PHI,61,L,2
25444,2010,PHI,67,L,2
14035,2010,PHI,73,L,2
13311,2010,PHI,85,L,2
37942,2010,PHI,86,L,2
32303,2010,PHI,96,L,2
4731,2010,PHI,16,R,2
1766,2010,PHI,23,R,2
90,2010,PHI,27,R,2
108,2010,PHI,28,R,1
6367,2010,PHI,40,R,2
1069,2010,PHI,42,R,2
1081,2010,PHI,55,R,2
12301,2010,PHI,59,R,2
40765,2010,PHI,82,R,2
40768,2010,PHI,88,R,2
100,2010,PHI,93,R,2
638,2010,PHX,11,C,2
3741,2010,PHX,15,C,2
658,2010,PHX,20,C,2
652,2010,PHX,37,C,2
7271,2010,PHX,43,C,2
683,2010,PHX,46,C,2
36647,2010,PHX,47,C,2
33161,2010,PHX,50,C,2
7228,2010,PHX,51,C,2
59894,2010,PHX,56,C,2
671,2010,PHX,63,C,2
17220,2010,PHX,67,C,2
63470,2010,PHX,69,C,2
6446,2010,PHX,81,C,2
36609,2010,PHX,84,C,2
27577,2010,PHX,87,C,2
15744,2010,PHX,89,C,2
7243,2010,PHX,90,C,2
3569,2010,PHX,91,C,2
7229,2010,PHX,93,C,2
12049,2010,PHX,2,D,2
655,2010,PHX,3,D,1
3596,2010,PHX,4,D,2
3601,2010,PHX,5,D,2
656,2010,PHX,6,D,2
5152,2010,PHX,7,D,2
660,2010,PHX,18,D,2
1374,2010,PHX,21,D,2
661,2010,PHX,23,D,2
3597,2010,PHX,24,D,2
6107,2010,PHX,25,D,2
641,2010,PHX,33,D,2
686,2010,PHX,44,D,2
1377,2010,PHX,45,D,2
1375,2010,PHX,48,D,2
15784,2010,PHX,49,D,2
9554,2010,PHX,52,D,2
3566,2010,PHX,53,D,2
642,2010,PHX,55,D,2
10979,2010,PHX,58,D,2
13539,2010,PHX,64,D,2
38233,2010,PHX,65,D,2
6104,2010,PHX,77,D,2
33159,2010,PHX,97,D,2
3731,2010,PHX,1,G,2
643,2010,PHX,30,G,1
6434,2010,PHX,31,G,2
5153,2010,PHX,32,G,2
12949,2010,PHX,34,G,2
3598,2010,PHX,35,G,2
689,2010,PHX,40,G,2
31587,2010,PHX,41,G,2
20360,2010,PHX,60,G,2
3759,2010,PHX,12,L,2
640,2010,PHX,13,L,1
653,2010,PHX,14,L,2
5165,2010,PHX,27,L,2
6105,2010,PHX,36,L,2
675,2010,PHX,38,L,2
3768,2010,PHX,39,L,2
26678,2010,PHX,57,L,2
33162,2010,PHX,61,L,2
6653,2010,PHX,71,L,2
9558,2010,PHX,74,L,2
41696,2010,PHX,85,L,2
669,2010,PHX,86,L,2
5150,2010,PHX,94,L,2
3600,2010,PHX,96,L,2
677,2010,PHX,8,R,2
3773,2010,PHX,9,R,2
3743,2010,PHX,10,R,2
670,2010,PHX,16,R,2
639,2010,PHX,17,R,1
659,2010,PHX,19,R,1
678,2010,PHX,22,R,2
657,2010,PHX,26,R,2
654,2010,PHX,28,R,2
9565,2010,PHX,29,R,2
3728,2010,PHX,42,R,2
33794,2010,PHX,54,R,2
6120,2010,PHX,59,R,2
684,2010,PHX,73,R,2
29107,2010,PHX,78,R,2
31563,2010,PHX,79,R,2
12069,2010,PHX,82,R,2
15746,2010,PHX,83,R,2
12026,2010,PHX,88,R,2
1536,2010,PIT,8,C,2
76,2010,PIT,10,C,2
114,2010,PIT,11,C,1
2833,2010,PIT,12,C,2
921,2010,PIT,15,C,2
91,2010,PIT,17,C,2
111,2010,PIT,18,C,2
87,2010,PIT,19,C,2
92,2010,PIT,25,C,2
86,2010,PIT,26,C,2
5006,2010,PIT,33,C,2
12792,2010,PIT,34,C,2
118,2010,PIT,36,C,2
2211,2010,PIT,37,C,2
922,2010,PIT,40,C,2
77,2010,PIT,48,C,2
54981,2010,PIT,49,C,2
2832,2010,PIT,51,C,2
15384,2010,PIT,53,C,2
9452,2010,PIT,63,C,2
66,2010,PIT,71,C,1
17270,2010,PIT,72,C,2
13357,2010,PIT,80,C,2
923,2010,PIT,81,C,2
28649,2010,PIT,83,C,2
2222,2010,PIT,84,C,2
28656,2010,PIT,85,C,2
67,2010,PIT,87,C,1
44627,2010,PIT,90,C,2
7022,2010,PIT,91,C,2
33737,2010,PIT,94,C,2
34643,2010,PIT,96,C,2
1525,2010,PIT,2,D,2
79,2010,PIT,3,D,1
69,2010,PIT,4,D,2
80,2010,PIT,5,D,2
102,2010,PIT,6,D,2
88,2010,PIT,7,D,2
927,2010,PIT,20,D,2
2812,2010,PIT,38,D,2
99,2010,PIT,41,D,2
17158,2010,PIT,43,D,2
70,2010,PIT,44,D,2
2813,2010,PIT,47,D,2
28258,2010,PIT,52,D,2
11890,2010,PIT,54,D,2
3999,2010,PIT,55,D,2
89,2010,PIT,58,D,1
3997,2010,PIT,65,D,2
57638,2010,PIT,68,D,2
908,2010,PIT,75,D,2
915,2010,PIT,76,D,2
12764,2010,PIT,77,D,2
50299,2010,PIT,89,D,2
14110,2010,PIT,97,D,2
1495,2010,PIT,1,G,2
71,2010,PIT,29,G,1
1526,2010,PIT,30,G,2
909,2010,PIT,31,G,2
9445,2010,PIT,32,G,2
97,2010,PIT,35,G,2
2814,2010,PIT,39,G,2
2210,2010,PIT,50,G,2
15365,2010,PIT,60,G,2
96,2010,PIT,9,L,2
112,2010,PIT,13,L,2
68,2010,PIT,14,L,1
2219,2010,PIT,16,L,2
117,2010,PIT,21,L,2
98,2010,PIT,22,L,2
78,2010,PIT,24,L,2
115,2010,PIT,45,L,2
916,2010,PIT,46,L,2
929,2010,PIT,57,L,2
17155,2010,PIT,61,L,2
29159,2010,PIT,73,L,2
5010,2010,PIT,74,L,2
10959,2010,PIT,86,L,2
1520,2010,PIT,23,R,2
93,2010,PIT,27,R,2
2198,2010,PIT,28,R,2
5844,2010,PIT,42,R,2
8224,2010,PIT,59,R,2
17150,2010,PIT,67,R,2
50006,2010,PIT,82,R,2
49973,2010,PIT,88,R,2
3241,2010,PIT,93,R,2
321,2010,SJ,8,C,1
5046,2010,SJ,11,C,2
306,2010,SJ,12,C,1
6325,2010,SJ,13,C,2
6162,2010,SJ,14,C,2
327,2010,SJ,17,C,2
347,2010,SJ,18,C,2
293,2010,SJ,19,C,1
328,2010,SJ,21,C,2
3715,2010,SJ,23,C,2
335,2010,SJ,24,C,2
294,2010,SJ,26,C,2
5060,2010,SJ,34,C,2
5061,2010,SJ,37,C,2
344,2010,SJ,39,C,1
3708,2010,SJ,47,C,2
22824,2010,SJ,48,C,2
341,2010,SJ,50,C,2
4337,2010,SJ,53,C,2
23102,2010,SJ,63,C,2
6150,2010,SJ,67,C,2
32865,2010,SJ,69,C,2
23137,2010,SJ,72,C,2
9837,2010,SJ,74,C,2
21379,2010,SJ,81,C,2
36063,2010,SJ,84,C,2
45324,2010,SJ,85,C,2
19307,2010,SJ,89,C,2
45303,2010,SJ,90,C,2
14202,2010,SJ,2,D,2
296,2010,SJ,3,D,2
4333,2010,SJ,4,D,2
6164,2010,SJ,5,D,2
348,2010,SJ,6,D,2
309,2010,SJ,7,D,2
297,2010,SJ,22,D,1
4309,2010,SJ,25,D,2
8690,2010,SJ,32,D,2
4310,2010,SJ,33,D,2
1272,2010,SJ,35,D,2
12661,2010,SJ,38,D,2
310,2010,SJ,44,D,2
28129,2010,SJ,49,D,2
350,2010,SJ,51,D,2
11769,2010,SJ,54,D,2
4300,2010,SJ,55,D,2
36764,2010,SJ,58,D,2
323,2010,SJ,60,D,2
14211,2010,SJ,65,D,2
4328,2010,SJ,77,D,2
1263,2010,SJ,97,D,2
336,2010,SJ,1,G,2
1232,2010,SJ,30,G,2
298,2010,SJ,31,G,1
5071,2010,SJ,41,G,2
14204,2010,SJ,45,G,2
3724,2010,SJ,9,L,2
308,2010,SJ,15,L,1
307,2010,SJ,20,L,2
349,2010,SJ,28,L,2
332,2010,SJ,29,L,1
4336,2010,SJ,36,L,2
1234,2010,SJ,43,L,2
21364,2010,SJ,52,L,2
9838,2010,SJ,57,L,2
331,2010,SJ,61,L,2
295,2010,SJ,64,L,2
330,2010,SJ,68,L,2
6127,2010,SJ,91,L,2
14236,2010,SJ,94,L,2
20084,2010,SJ,96,L,2
5056,2010,SJ,10,R,2
305,2010,SJ,16,R,2
6163,2010,SJ,27,R,2
322,2010,SJ,40,R,2
9816,2010,SJ,42,R,2
6155,2010,SJ,46,R,2
4335,2010,SJ,59,R,2
16474,2010,SJ,71,R,2
44004,2010,SJ,73,R,2
37783,2010,SJ,75,R,2
11095,2010,SJ,78,R,2
31117,2010,SJ,82,R,2
6130,2010,SJ,83,R,2
31071,2010,SJ,88,R,2
329,2010,SJ,93,R,2
1055,2010,STL,10,C,1
1646,2010,STL,11,C,2
9845,2010,STL,12,C,2
2501,2010,STL,16,C,2
1097,2010,STL,17,C,2
1049,2010,STL,18,C,2
4112,2010,STL,19,C,2
1050,2010,STL,20,C,1
1056,2010,STL,21,C,1
14165,2010,STL,34,C,2
25385,2010,STL,43,C,2
8326,2010,STL,47,C,2
1098,2010,STL,48,C,2
11931,2010,STL,50,C,2
3481,2010,STL,63,C,2
21882,2010,STL,67,C,2
60807,2010,STL,69,C,2
1057,2010,STL,74,C,2
14759,2010,STL,77,C,2
8317,2010,STL,80,C,2
33625,2010,STL,84,C,2
5901,2010,STL,87,C,2
21877,2010,STL,89,C,2
14784,2010,STL,90,C,2
11207,2010,STL,91,C,2
3494,2010,STL,2,D,2
1091,2010,STL,3,D,2
1052,2010,STL,4,D,2
1061,2010,STL,5,D,2
1062,2010,STL,6,D,2
4085,2010,STL,7,D,2
1642,2010,STL,23,D,2
1094,2010,STL,25,D,2
1058,2010,STL,27,D,1
1059,2010,STL,28,D,2
5375,2010,STL,32,D,2
8331,2010,STL,37,D,2
11203,2010,STL,38,D,2
9842,2010,STL,40,D,2
1085,2010,STL,44,D,2
10520,2010,STL,45,D,2
1053,2010,STL,46,D,2
21887,2010,STL,49,D,2
11953,2010,STL,51,D,2
7453,2010,STL,52,D,2
13545,2010,STL,53,D,2
1643,2010,STL,54,D,2
5899,2010,STL,58,D,2
1620,2010,STL,60,D,2
10489,2010,STL,64,D,2
15603,2010,STL,65,D,2
56965,2010,STL,76,D,2
23377,2010,STL,97,D,2
1621,2010,STL,1,G,2
5372,2010,STL,30,G,2
8313,2010,STL,31,G,2
1088,2010,STL,33,G,2
7454,2010,STL,35,G,2
1054,2010,STL,41,G,1
5872,2010,STL,14,L,2
1074,2010,STL,15,L,2
1639,2010,STL,39,L,2
1060,2010,STL,57,L,2
11896,2010,STL,61,L,2
37763,2010,STL,72,L,2
45399,2010,STL,85,L,2
13491,2010,STL,86,L,2
11182,2010,STL,94,L,2
14738,2010,STL,96,L,2
1640,2010,STL,8,R,2
1644,2010,STL,9,R,2
3493,2010,STL,13,R,2
1084,2010,STL,22,R,2
3465,2010,STL,24,R,2
1051,2010,STL,26,R,2
2455,2010,STL,29,R,2
1082,2010,STL,36,R,2
1086,2010,STL,42,R,1
1083,2010,STL,55,R,2
24257,2010,STL,59,R,2
2489,2010,STL,71,R,2
10524,2010,STL,73,R,2
1626,2010,STL,75,R,2
37756,2010,STL,78,R,2
25396,2010,STL,79,R,2
4076,2010,STL,81,R,2
4071,2010,STL,82,R,2
43911,2010,STL,83,R,2
4084,2010,STL,88,R,2
1096,2010,STL,93,R,2
994,2010,TB,4,C,1
2160,2010,TB,11,C,2
2156,2010,TB,14,C,2
2384,2010,TB,17,C,2
5342,2010,TB,23,C,2
2361,2010,TB,36,C,2
2149,2010,TB,40,C,2
1015,2010,TB,42,C,2
1016,2010,TB,44,C,2
1002,2010,TB,47,C,2
8561,2010,TB,49,C,2
4873,2010,TB,51,C,2
27637,2010,TB,53,C,2
4057,2010,TB,63,C,2
999,2010,TB,80,C,2
2150,2010,TB,81,C,2
32972,2010,TB,83,C,2
11663,2010,TB,84,C,2
7042,2010,TB,87,C,2
23727,2010,TB,89,C,2
18412,2010,TB,90,C,2
1032,2010,TB,91,C,1
2132,2010,TB,94,C,2
4012,2010,TB,2,D,2
1040,2010,TB,3,D,2
2386,2010,TB,5,D,2
1021,2010,TB,7,D,2
1018,2010,TB,8,D,2
1005,2010,TB,13,D,2
2392,2010,TB,20,D,2
3327,2010,TB,24,D,2
997,2010,TB,29,D,2
4054,2010,TB,37,D,2
1006,2010,TB,39,D,2
1019,2010,TB,48,D,2
6214,2010,TB,52,D,2
9610,2010,TB,54,D,2
6211,2010,TB,55,D,2
7020,2010,TB,58,D,2
34596,2010,TB,65,D,2
2165,2010,TB,75,D,2
31061,2010,TB,76,D,2
1022,2010,TB,77,D,2
17637,2010,TB,97,D,2
18411,2010,TB,1,G,2
8569,2010,TB,30,G,2
2166,2010,TB,31,G,2
5345,2010,TB,34,G,2
11662,2010,TB,35,G,2
1020,2010,TB,41,G,2
998,2010,TB,50,G,2
27610,2010,TB,60,G,2
55730,2010,TB,70,G,2
995,2010,TB,6,L,1
1029,2010,TB,10,L,2
996,2010,TB,12,L,1
1000,2010,TB,15,L,2
1001,2010,TB,19,L,2
1039,2010,TB,21,L,2
2164,2010,TB,32,L,2
8518,2010,TB,38,L,2
11092,2010,TB,43,L,2
2362,2010,TB,45,L,2
2140,2010,TB,46,L,2
2154,2010,TB,57,L,2
3326,2010,TB,61,L,2
11054,2010,TB,64,L,2
6221,2010,TB,74,L,2
3303,2010,TB,85,L,2
52486,2010,TB,86,L,2
48731,2010,TB,96,L,2
1033,2010,TB,9,R,2
1028,2010,TB,16,R,1
1017,2010,TB,18,R,2
1003,2010,TB,22,R,2
6220,2010,TB,25,R,2
1034,2010,TB,26,R,1
1038,2010,TB,27,R,2
2350,2010,TB,28,R,2
1004,2010,TB,33,R,2
37328,2010,TB,59,R,2
3325,2010,TB,67,R,2
6218,2010,TB,71,R,2
20509,2010,TB,73,R,2
11053,2010,TB,78,R,2
66392,2010,TB,82,R,2
56591,2010,TB,88,R,2
2385,2010,TB,93,R,2
2212,2010,TOR,10,C,2
803,2010,TOR,12,C,2
793,2010,TOR,13,C,2
54,2010,TOR,17,C,2
792,2010,TOR,19,C,2
2777,2010,TOR,23,C,2
32,2010,TOR,26,C,2
6,2010,TOR,37,C,2
50,2010,TOR,40,C,2
17,2010,TOR,42,C,2
7227,2010,TOR,46,C,2
30907,2010,TOR,47,C,2
2216,2010,TOR,48,C,2
3884,2010,TOR,51,C,2
30107,2010,TOR,53,C,2
7206,2010,TOR,63,C,2
18504,2010,TOR,72,C,2
33977,2010,TOR,80,C,2
18,2010,TOR,81,C,1
35,2010,TOR,84,C,1
2215,2010,TOR,87,C,2
20588,2010,TOR,89,C,2
22326,2010,TOR,90,C,2
11658,2010,TOR,91,C,2
61696,2010,TOR,96,C,2
20,2010,TOR,2,D,2
9,2010,TOR,3,D,2
794,2010,TOR,4,D,2
784,2010,TOR,5,D,2
51,2010,TOR,6,D,2
15125,2010,TOR,7,D,2
38,2010,TOR,8,D,2
800,2010,TOR,14,D,2
21,2010,TOR,15,D,1
52,2010,TOR,20,D,2
10,2010,TOR,22,D,2
39,2010,TOR,36,D,2
4662,2010,TOR,38,D,2
785,2010,TOR,39,D,2
2769,2010,TOR,44,D,2
53,2010,TOR,45,D,2
20592,2010,TOR,49,D,2
9220,2010,TOR,52,D,2
21435,2010,TOR,54,D,2
795,2010,TOR,55,D,2
2224,2010,TOR,58,D,2
13159,2010,TOR,59,D,2
66717,2010,TOR,62,D,2
791,2010,TOR,65,D,2
23980,2010,TOR,68,D,2
40224,2010,TOR,74,D,2
42,2010,TOR,75,D,2
23974,2010,TOR,76,D,2
19859,2010,TOR,77,D,2
4663,2010,TOR,97,D,2
10574,2010,TOR,1,G,2
2770,2010,TOR,30,G,2
43,2010,TOR,31,G,2
786,2010,TOR,33,G,2
26215,2010,TOR,34,G,2
11,2010,TOR,35,G,2
4660,2010,TOR,43,G,2
2172,2010,TOR,50,G,2
8,2010,TOR,11,L,2
36,2010,TOR,16,L,1
2206,2010,TOR,24,L,2
37,2010,TOR,41,L,1
41,2010,TOR,57,L,2
30959,2010,TOR,61,L,2
36049,2010,TOR,64,L,2
804,2010,TOR,71,L,2
806,2010,TOR,73,L,2
11998,2010,TOR,85,L,2
38979,2010,TOR,86,L,2
2767,2010,TOR,94,L,2
7,2010,TOR,9,R,2
33,2010,TOR,18,R,2
56,2010,TOR,21,R,2
802,2010,TOR,25,R,2
2194,2010,TOR,27,R,2
34,2010,TOR,28,R,2
10579,2010,TOR,29,R,2
19,2010,TOR,32,R,2
11987,2010,TOR,67,R,2
36027,2010,TOR,78,R,2
33636,2010,TOR,79,R,2
55055,2010,TOR,82,R,2
55053,2010,TOR,88,R,2
5664,2010,TOR,93,R,2
1853,2010,VAN,9,C,2
1318,2010,VAN,11,C,2
3019,2010,VAN,12,C,2
1307,2010,VAN,17,C,1
1881,2010,VAN,19,C,2
1296,2010,VAN,27,C,2
1327,2010,VAN,28,C,2
1281,2010,VAN,33,C,1
2314,2010,VAN,37,C,2
1300,2010,VAN,49,C,2
11043,2010,VAN,51,C,2
3835,2010,VAN,53,C,2
67071,2010,VAN,56,C,2
12489,2010,VAN,62,C,2
13973,2010,VAN,63,C,2
32860,2010,VAN,69,C,2
62787,2010,VAN,80,C,2
13151,2010,VAN,84,C,2
14554,2010,VAN,87,C,2
9096,2010,VAN,89,C,2
11037,2010,VAN,90,C,2
24430,2010,VAN,91,C,2
1284,2010,VAN,2,D,2
1285,2010,VAN,3,D,2
1310,2010,VAN,4,D,2
1303,2010,VAN,5,D,1
1322,2010,VAN,6,D,2
1317,2010,VAN,7,D,2
1315,2010,VAN,8,D,2
4243,2010,VAN,20,D,2
1304,2010,VAN,23,D,2
1846,2010,VAN,24,D,2
3822,2010,VAN,25,D,2
1311,2010,VAN,41,D,2
1856,2010,VAN,43,D,2
1323,2010,VAN,44,D,2
48022,2010,VAN,47,D,2
1857,2010,VAN,52,D,2
5457,2010,VAN,55,D,2
34309,2010,VAN,58,D,2
12508,2010,VAN,65,D,2
50751,2010,VAN,68,D,2
36819,2010,VAN,74,D,2
50700,2010,VAN,75,D,2
50701,2010,VAN,76,D,2
3827,2010,VAN,77,D,2
11544,2010,VAN,79,D,2
25750,2010,VAN,97,D,2
1286,2010,VAN,1,G,1
1847,2010,VAN,29,G,2
3823,2010,VAN,30,G,2
6821,2010,VAN,31,G,2
1316,2010,VAN,32,G,2
3790,2010,VAN,35,G,2
5449,2010,VAN,60,G,2
1849,2010,VAN,10,L,2
1308,2010,VAN,13,L,2
1302,2010,VAN,15,L,2
1850,2010,VAN,16,L,2
1298,2010,VAN,18,L,2
1309,2010,VAN,21,L,2
1283,2010,VAN,22,L,1
16707,2010,VAN,38,L,2
2336,2010,VAN,39,L,2
11044,2010,VAN,40,L,2
4262,2010,VAN,48,L,2
11535,2010,VAN,57,L,2
1883,2010,VAN,61,L,2
18732,2010,VAN,64,L,2
12493,2010,VAN,71,L,2
12498,2010,VAN,73,L,2
1844,2010,VAN,85,L,2
16696,2010,VAN,86,L,2
1319,2010,VAN,94,L,2
11033,2010,VAN,96,L,2
1328,2010,VAN,14,R,1
1282,2010,VAN,26,R,1
1301,2010,VAN,34,R,2
1297,2010,VAN,36,R,2
2310,2010,VAN,42,R,2
14539,2010,VAN,45,R,2
9102,2010,VAN,46,R,2
2316,2010,VAN,50,R,2
9850,2010,VAN,54,R,2
1854,2010,VAN,67,R,2
32861,2010,VAN,78,R,2
4473,2010,VAN,81,R,2
4466,2010,VAN,82,R,2
9097,2010,VAN,83,R,2
4454,2010,VAN,88,R,2
25759,2010,VAN,93,R,2
1820,2010,WSH,13,C,2
620,2010,WSH,19,C,1
5713,2010,WSH,23,C,2
615,2010,WSH,26,C,2
4164,2010,WSH,37,C,2
619,2010,WSH,39,C,2
11403,2010,WSH,42,C,2
22336,2010,WSH,43,C,2
4161,2010,WSH,46,C,2
583,2010,WSH,47,C,2
36813,2010,WSH,49,C,2
2097,2010,WSH,51,C,2
6943,2010,WSH,53,C,2
4564,2010,WSH,63,C,2
48541,2010,WSH,64,C,2
630,2010,WSH,80,C,2
9221,2010,WSH,81,C,2
5708,2010,WSH,83,C,2
40225,2010,WSH,84,C,2
5709,2010,WSH,85,C,2
31792,2010,WSH,87,C,2
614,2010,WSH,90,C,2
12284,2010,WSH,91,C,2
2100,2010,WSH,93,C,2
961,2010,WSH,2,D,2
595,2010,WSH,3,D,2
607,2010,WSH,4,D,2
967,2010,WSH,5,D,2
964,2010,WSH,6,D,2
965,2010,WSH,7,D,2
968,2010,WSH,20,D,2
2094,2010,WSH,24,D,2
608,2010,WSH,27,D,2
637,2010,WSH,29,D,2
14607,2010,WSH,34,D,2
2105,2010,WSH,38,D,2
3343,2010,WSH,44,D,2
4166,2010,WSH,45,D,2
10054,2010,WSH,48,D,2
623,2010,WSH,52,D,1
10071,2010,WSH,54,D,2
624,2010,WSH,55,D,2
28654,2010,WSH,58,D,2
65916,2010,WSH,62,D,2
1794,2010,WSH,65,D,2
42419,2010,WSH,68,D,2
587,2010,WSH,74,D,1
42420,2010,WSH,75,D,2
42424,2010,WSH,76,D,2
6920,2010,WSH,77,D,2
1801,2010,WSH,89,D,2
40937,2010,WSH,97,D,2
984,2010,WSH,1,G,2
588,2010,WSH,30,G,1
7517,2010,WSH,32,G,2
11146,2010,WSH,35,G,2
631,2010,WSH,50,G,2
17387,2010,WSH,60,G,2
10081,2010,WSH,70,G,2
622,2010,WSH,8,L,1
586,2010,WSH,9,L,2
627,2010,WSH,14,L,2
621,2010,WSH,15,L,2
963,2010,WSH,17,L,2
616,2010,WSH,21,L,1
606,2010,WSH,25,L,2
11434,2010,WSH,31,L,2
6901,2010,WSH,36,L,2
9227,2010,WSH,41,L,2
2101,2010,WSH,57,L,2
34704,2010,WSH,61,L,2
1816,2010,WSH,71,L,2
1792,2010,WSH,73,L,2
40934,2010,WSH,86,L,2
11426,2010,WSH,94,L,2
59292,2010,WSH,96,L,2
604,2010,WSH,10,R,2
1821,2010,WSH,11,R,2
966,2010,WSH,12,R,2
605,2010,WSH,16,R,2
625,2010,WSH,18,R,2
584,2010,WSH,22,R,2
632,2010,WSH,28,R,1
585,2010,WSH,33,R,2
2104,2010,WSH,40,R,2
6900,2010,WSH,59,R,2
23256,2010,WSH,67,R,2
54107,2010,WSH,79,R,2
58253,2010,WSH,88,R,2