,Season,GameNumber,TeamCode,RosterCount,D1,D2,F1,F2
0,2010,20001,MTL,18.0,1.0,5.0,2.0,10.0
1,2010,20001,TOR,18.0,1.0,5.0,2.0,10.0
2,2010,20002,PHI,18.0,2.0,4.0,5.0,7.0
3,2010,20002,PIT,18.0,3.0,3.0,5.0,7.0
4,2010,20003,CAR,18.0,1.0,5.0,3.0,9.0
5,2010,20003,MIN,18.0,1.0,5.0,2.0,10.0
6,2010,20004,CHI,18.0,2.0,4.0,4.0,8.0
7,2010,20004,COL,18.0,1.0,5.0,2.0,10.0
8,2010,20005,CGY,18.0,1.0,5.0,3.0,9.0
9,2010,20005,EDM,18.0,1.0,5.0,0.0,12.0
10,2010,20006,CBJ,18.0,0.0,6.0,2.0,10.0
11,2010,20006,SJ,18.0,3.0,3.0,6.0,6.0
12,2010,20008,CAR,18.0,1.0,5.0,3.0,9.0
13,2010,20008,MIN,18.0,1.0,5.0,2.0,10.0
14,2010,20009,ANA,18.0,2.0,4.0,5.0,7.0
15,2010,20009,DET,18.0,3.0,3.0,5.0,7.0
16,2010,20010,BUF,18.0,2.0,4.0,4.0,8.0
17,2010,20010,OTT,18.0,1.0,5.0,0.0,12.0
18,2010,20012,BOS,18.0,3.0,3.0,5.0,7.0
19,2010,20012,PHX,18.0,2.0,4.0,4.0,8.0
20,2010,20013,BUF,18.0,2.0,4.0,4.0,8.0
21,2010,20013,NYR,18.0,2.0,4.0,4.0,8.0
22,2010,20014,OTT,18.0,1.0,5.0,1.0,11.0
23,2010,20014,TOR,18.0,1.0,5.0,2.0,10.0
24,2010,20015,DAL,18.0,1.0,5.0,3.0,9.0
25,2010,20015,NYI,18.0,0.0,6.0,1.0,11.0
26,2010,20016,MTL,18.0,1.0,5.0,3.0,9.0
27,2010,20016,PIT,18.0,3.0,3.0,5.0,7.0
28,2010,20019,PHI,18.0,2.0,4.0,5.0,7.0
29,2010,20019,STL,18.0,1.0,5.0,3.0,9.0
30,2010,20020,ANA,18.0,2.0,4.0,5.0,7.0
31,2010,20020,NSH,18.0,2.0,4.0,3.0,9.0
32,2010,20021,CHI,18.0,2.0,4.0,3.0,9.0
33,2010,20021,DET,18.0,3.0,3.0,5.0,7.0
34,2010,20023,LA,18.0,2.0,4.0,5.0,7.0
35,2010,20023,VAN,18.0,3.0,3.0,4.0,8.0
36,2010,20024,BOS,18.0,3.0,3.0,5.0,7.0
37,2010,20024,PHX,18.0,2.0,4.0,4.0,8.0
38,2010,20025,CGY,18.0,1.0,5.0,3.0,9.0
39,2010,20025,LA,18.0,2.0,4.0,5.0,7.0
40,2010,20026,EDM,18.0,1.0,5.0,0.0,12.0
41,2010,20026,FLA,18.0,1.0,5.0,0.0,12.0
42,2010,20028,NYI,18.0,0.0,6.0,0.0,12.0
43,2010,20028,NYR,18.0,2.0,4.0,4.0,8.0
44,2010,20029,ANA,18.0,2.0,4.0,5.0,7.0
45,2010,20029,STL,18.0,1.0,5.0,3.0,9.0
46,2010,20030,BUF,18.0,2.0,4.0,4.0,8.0
47,2010,20030,CHI,18.0,2.0,4.0,4.0,8.0
48,2010,20031,COL,18.0,1.0,5.0,2.0,10.0
49,2010,20031,PHI,18.0,3.0,3.0,5.0,7.0
50,2010,20032,OTT,18.0,1.0,5.0,1.0,11.0
51,2010,20032,WSH,18.0,3.0,3.0,5.0,7.0
52,2010,20033,FLA,18.0,1.0,5.0,0.0,12.0
53,2010,20033,VAN,18.0,3.0,3.0,4.0,8.0
54,2010,20034,COL,18.0,1.0,5.0,2.0,10.0
55,2010,20034,DET,18.0,2.0,4.0,5.0,7.0
56,2010,20037,NYI,18.0,0.0,6.0,0.0,12.0
57,2010,20037,WSH,18.0,3.0,3.0,5.0,7.0
58,2010,20038,MTL,18.0,1.0,5.0,3.0,9.0
59,2010,20038,TB,18.0,0.0,6.0,3.0,9.0
60,2010,20039,PIT,18.0,2.0,4.0,5.0,7.0
61,2010,20039,TOR,18.0,1.0,5.0,2.0,10.0
62,2010,20040,CHI,18.0,2.0,4.0,4.0,8.0
63,2010,20040,NSH,18.0,2.0,4.0,2.0,10.0
64,2010,20041,ANA,18.0,2.0,4.0,5.0,7.0
65,2010,20041,VAN,18.0,3.0,3.0,4.0,8.0
66,2010,20043,CAR,18.0,1.0,5.0,3.0,9.0
67,2010,20043,OTT,18.0,1.0,5.0,1.0,11.0
68,2010,20044,NSH,18.0,2.0,4.0,3.0,9.0
69,2010,20044,STL,18.0,1.0,5.0,3.0,9.0
70,2010,20045,EDM,18.0,1.0,5.0,0.0,12.0
71,2010,20045,MIN,18.0,1.0,5.0,2.0,10.0
72,2010,20046,DAL,18.0,1.0,5.0,3.0,9.0
73,2010,20046,DET,18.0,2.0,4.0,5.0,7.0
74,2010,20047,CGY,18.0,1.0,5.0,3.0,9.0
75,2010,20047,FLA,18.0,1.0,5.0,0.0,12.0
76,2010,20048,COL,18.0,1.0,5.0,2.0,10.0
77,2010,20048,NJ,18.0,0.0,6.0,3.0,9.0
78,2010,20049,NYR,18.0,2.0,4.0,4.0,8.0
79,2010,20049,TOR,18.0,1.0,5.0,2.0,10.0
80,2010,20050,NYI,18.0,0.0,6.0,0.0,12.0
81,2010,20050,PIT,18.0,2.0,4.0,5.0,7.0
82,2010,20052,BUF,18.0,2.0,4.0,3.0,9.0
83,2010,20052,MTL,18.0,1.0,5.0,3.0,9.0
84,2010,20054,LA,18.0,2.0,4.0,5.0,7.0
85,2010,20054,VAN,18.0,3.0,3.0,4.0,8.0
86,2010,20055,MTL,18.0,1.0,5.0,3.0,9.0
87,2010,20055,OTT,18.0,1.0,5.0,1.0,11.0
88,2010,20056,BOS,18.0,3.0,3.0,5.0,7.0
89,2010,20056,NJ,18.0,0.0,6.0,3.0,9.0
90,2010,20057,COL,18.0,1.0,5.0,2.0,10.0
91,2010,20057,NYI,18.0,0.0,6.0,1.0,11.0
92,2010,20058,PHI,18.0,3.0,3.0,5.0,7.0
93,2010,20058,PIT,18.0,2.0,4.0,5.0,7.0
94,2010,20059,FLA,18.0,1.0,5.0,0.0,12.0
95,2010,20059,TB,18.0,0.0,6.0,3.0,9.0
96,2010,20060,NSH,18.0,2.0,4.0,3.0,9.0
97,2010,20060,WSH,18.0,2.0,4.0,5.0,7.0
98,2010,20061,CBJ,18.0,0.0,6.0,2.0,10.0
99,2010,20061,MIN,18.0,1.0,5.0,2.0,10.0
100,2010,20065,CGY,18.0,1.0,5.0,3.0,9.0
101,2010,20065,EDM,18.0,1.0,5.0,0.0,12.0
102,2010,20067,ANA,18.0,3.0,3.0,5.0,7.0
103,2010,20067,PHX,18.0,2.0,4.0,3.0,9.0
104,2010,20068,CAR,18.0,1.0,5.0,3.0,9.0
105,2010,20068,VAN,18.0,3.0,3.0,4.0,8.0
106,2010,20069,NYI,18.0,0.0,6.0,1.0,11.0
107,2010,20069,TOR,18.0,1.0,5.0,2.0,10.0
108,2010,20071,OTT,18.0,1.0,5.0,1.0,11.0
109,2010,20071,PIT,18.0,2.0,4.0,5.0,7.0
110,2010,20074,BOS,18.0,3.0,3.0,5.0,7.0
111,2010,20074,WSH,18.0,2.0,4.0,5.0,7.0
112,2010,20075,CGY,18.0,1.0,5.0,3.0,9.0
113,2010,20075,NSH,18.0,2.0,4.0,4.0,8.0
114,2010,20076,MIN,18.0,1.0,5.0,2.0,10.0
115,2010,20076,VAN,18.0,2.0,4.0,4.0,8.0
116,2010,20079,ANA,18.0,2.0,4.0,5.0,7.0
117,2010,20079,CBJ,18.0,0.0,6.0,2.0,10.0
118,2010,20080,CHI,18.0,2.0,4.0,4.0,8.0
119,2010,20080,VAN,18.0,2.0,4.0,4.0,8.0
120,2010,20081,CAR,18.0,1.0,5.0,3.0,9.0
121,2010,20081,LA,18.0,2.0,4.0,5.0,7.0
122,2010,20082,BOS,18.0,3.0,3.0,5.0,7.0
123,2010,20082,WSH,18.0,2.0,4.0,5.0,7.0
124,2010,20083,NYR,18.0,2.0,4.0,3.0,9.0
125,2010,20083,TOR,18.0,1.0,5.0,2.0,10.0
126,2010,20084,ANA,18.0,2.0,4.0,5.0,7.0
127,2010,20084,PHI,18.0,3.0,3.0,5.0,7.0
128,2010,20085,CGY,18.0,1.0,5.0,3.0,9.0
129,2010,20085,DET,18.0,2.0,4.0,5.0,7.0
130,2010,20086,MTL,18.0,1.0,5.0,3.0,9.0
131,2010,20086,NJ,18.0,0.0,6.0,3.0,9.0
132,2010,20087,NYI,18.0,0.0,6.0,1.0,11.0
133,2010,20087,TB,18.0,0.0,6.0,3.0,9.0
134,2010,20088,DAL,18.0,1.0,5.0,3.0,9.0
135,2010,20088,FLA,18.0,1.0,5.0,0.0,12.0
136,2010,20089,NSH,18.0,1.0,5.0,4.0,8.0
137,2010,20089,PIT,18.0,2.0,4.0,5.0,7.0
138,2010,20091,EDM,18.0,1.0,5.0,0.0,12.0
139,2010,20091,MIN,18.0,1.0,5.0,2.0,10.0
140,2010,20092,LA,18.0,1.0,5.0,5.0,7.0
141,2010,20092,PHX,18.0,2.0,4.0,3.0,9.0
142,2010,20093,CBJ,18.0,0.0,6.0,2.0,10.0
143,2010,20093,CGY,18.0,1.0,5.0,3.0,9.0
144,2010,20096,CHI,18.0,2.0,4.0,4.0,8.0
145,2010,20096,STL,18.0,1.0,5.0,3.0,9.0
146,2010,20097,MIN,18.0,1.0,5.0,2.0,10.0
147,2010,20097,VAN,18.0,2.0,4.0,4.0,8.0
148,2010,20098,BOS,18.0,3.0,3.0,5.0,7.0
149,2010,20098,NYR,18.0,2.0,4.0,3.0,9.0
150,2010,20099,MTL,18.0,1.0,5.0,3.0,9.0
151,2010,20099,OTT,18.0,1.0,5.0,0.0,12.0
152,2010,20100,BUF,18.0,2.0,4.0,3.0,9.0
153,2010,20100,NJ,18.0,0.0,6.0,2.0,10.0
154,2010,20101,PHI,18.0,3.0,3.0,5.0,7.0
155,2010,20101,TOR,18.0,1.0,5.0,2.0,10.0
156,2010,20103,FLA,18.0,1.0,5.0,0.0,12.0
157,2010,20103,NYI,18.0,0.0,6.0,1.0,11.0
158,2010,20104,ANA,18.0,2.0,4.0,5.0,7.0
159,2010,20104,DET,18.0,2.0,4.0,5.0,7.0
160,2010,20105,PIT,18.0,2.0,4.0,5.0,7.0
161,2010,20105,STL,18.0,1.0,5.0,3.0,9.0
162,2010,20107,CBJ,18.0,0.0,6.0,2.0,10.0
163,2010,20107,CHI,18.0,2.0,4.0,4.0,8.0
164,2010,20108,COL,18.0,1.0,5.0,2.0,10.0
165,2010,20108,LA,18.0,1.0,5.0,5.0,7.0
166,2010,20109,CAR,18.0,1.0,5.0,3.0,9.0
167,2010,20109,PHX,18.0,2.0,4.0,3.0,9.0
168,2010,20110,EDM,18.0,1.0,5.0,0.0,12.0
169,2010,20110,SJ,18.0,3.0,3.0,6.0,6.0
170,2010,20112,NJ,18.0,0.0,6.0,3.0,9.0
171,2010,20112,NYR,18.0,2.0,4.0,3.0,9.0
172,2010,20113,CGY,18.0,1.0,5.0,3.0,9.0
173,2010,20113,SJ,18.0,3.0,3.0,6.0,6.0
174,2010,20114,CBJ,18.0,0.0,6.0,2.0,10.0
175,2010,20114,PHI,18.0,3.0,3.0,5.0,7.0
176,2010,20115,MTL,18.0,1.0,5.0,3.0,9.0
177,2010,20115,PHX,18.0,2.0,4.0,3.0,9.0
178,2010,20116,LA,18.0,1.0,5.0,5.0,7.0
179,2010,20116,MIN,18.0,1.0,5.0,2.0,10.0
180,2010,20117,FLA,18.0,1.0,5.0,0.0,12.0
181,2010,20117,TOR,18.0,1.0,5.0,2.0,10.0
182,2010,20118,BUF,18.0,2.0,4.0,3.0,9.0
183,2010,20118,PHI,18.0,3.0,3.0,5.0,7.0
184,2010,20119,OTT,18.0,1.0,5.0,0.0,12.0
185,2010,20119,PHX,18.0,2.0,4.0,4.0,8.0
186,2010,20120,CGY,18.0,1.0,5.0,3.0,9.0
187,2010,20120,EDM,18.0,1.0,5.0,0.0,12.0
188,2010,20121,ANA,18.0,2.0,4.0,5.0,7.0
189,2010,20121,DAL,18.0,1.0,5.0,3.0,9.0
190,2010,20122,COL,18.0,1.0,5.0,2.0,10.0
191,2010,20122,VAN,18.0,2.0,4.0,4.0,8.0
192,2010,20124,CAR,18.0,1.0,5.0,3.0,9.0
193,2010,20124,WSH,18.0,3.0,3.0,5.0,7.0
194,2010,20125,MTL,18.0,1.0,5.0,3.0,9.0
195,2010,20125,NYI,18.0,0.0,6.0,1.0,11.0
196,2010,20127,CHI,18.0,2.0,4.0,4.0,8.0
197,2010,20127,LA,18.0,1.0,5.0,5.0,7.0
198,2010,20128,NJ,18.0,0.0,6.0,3.0,9.0
199,2010,20128,SJ,18.0,3.0,3.0,6.0,6.0
200,2010,20129,BOS,18.0,2.0,4.0,5.0,7.0
201,2010,20129,TOR,18.0,1.0,5.0,2.0,10.0
202,2010,20130,DET,18.0,2.0,4.0,5.0,7.0
203,2010,20130,PHX,18.0,2.0,4.0,4.0,8.0
204,2010,20131,CBJ,18.0,0.0,6.0,2.0,10.0
205,2010,20131,EDM,18.0,1.0,5.0,0.0,12.0
206,2010,20132,FLA,18.0,1.0,5.0,0.0,12.0
207,2010,20132,OTT,18.0,1.0,5.0,0.0,12.0
208,2010,20133,NSH,18.0,1.0,5.0,4.0,8.0
209,2010,20133,STL,18.0,1.0,5.0,3.0,9.0
210,2010,20134,MIN,18.0,1.0,5.0,2.0,10.0
211,2010,20134,WSH,18.0,3.0,3.0,5.0,7.0
212,2010,20135,DAL,18.0,0.0,6.0,3.0,9.0
213,2010,20135,LA,18.0,1.0,5.0,5.0,7.0
214,2010,20138,CAR,18.0,1.0,5.0,3.0,9.0
215,2010,20138,NYR,18.0,2.0,4.0,3.0,9.0
216,2010,20139,PHI,18.0,3.0,3.0,5.0,7.0
217,2010,20139,PIT,18.0,2.0,4.0,5.0,7.0
218,2010,20141,CHI,18.0,2.0,4.0,3.0,9.0
219,2010,20141,EDM,18.0,1.0,5.0,0.0,12.0
220,2010,20142,ANA,18.0,2.0,4.0,5.0,7.0
221,2010,20142,NJ,18.0,0.0,6.0,3.0,9.0
222,2010,20143,NYR,18.0,2.0,4.0,3.0,9.0
223,2010,20143,TOR,18.0,1.0,5.0,2.0,10.0
224,2010,20144,FLA,18.0,1.0,5.0,0.0,12.0
225,2010,20144,MTL,18.0,2.0,4.0,3.0,9.0
226,2010,20145,BOS,18.0,2.0,4.0,5.0,7.0
227,2010,20145,OTT,18.0,1.0,5.0,1.0,11.0
228,2010,20146,NYI,18.0,0.0,6.0,1.0,11.0
229,2010,20146,PHI,18.0,3.0,3.0,5.0,7.0
230,2010,20147,CAR,18.0,1.0,5.0,3.0,9.0
231,2010,20147,PIT,18.0,2.0,4.0,4.0,8.0
232,2010,20151,BUF,18.0,2.0,4.0,3.0,9.0
233,2010,20151,DAL,18.0,1.0,5.0,3.0,9.0
234,2010,20153,PHX,18.0,2.0,4.0,4.0,8.0
235,2010,20153,TB,18.0,0.0,6.0,3.0,9.0
236,2010,20154,CGY,18.0,1.0,5.0,3.0,9.0
237,2010,20154,WSH,18.0,3.0,3.0,5.0,7.0
238,2010,20155,LA,18.0,1.0,5.0,5.0,7.0
239,2010,20155,NJ,18.0,0.0,6.0,3.0,9.0
240,2010,20156,ANA,18.0,2.0,4.0,5.0,7.0
241,2010,20156,SJ,18.0,3.0,3.0,6.0,6.0
242,2010,20158,CAR,18.0,1.0,5.0,3.0,9.0
243,2010,20158,PHI,18.0,3.0,3.0,4.0,8.0
244,2010,20159,NJ,18.0,0.0,6.0,2.0,10.0
245,2010,20159,VAN,18.0,2.0,4.0,4.0,8.0
246,2010,20160,OTT,18.0,1.0,5.0,1.0,11.0
247,2010,20160,TOR,18.0,1.0,5.0,2.0,10.0
248,2010,20161,CBJ,18.0,0.0,6.0,2.0,10.0
249,2010,20161,MTL,18.0,2.0,4.0,3.0,9.0
250,2010,20162,MIN,18.0,1.0,5.0,2.0,10.0
251,2010,20162,SJ,18.0,3.0,3.0,6.0,6.0
252,2010,20163,EDM,18.0,1.0,5.0,0.0,12.0
253,2010,20163,VAN,18.0,2.0,4.0,5.0,7.0
254,2010,20164,BOS,18.0,2.0,4.0,5.0,7.0
255,2010,20164,BUF,18.0,2.0,4.0,4.0,8.0
256,2010,20165,TOR,18.0,1.0,5.0,2.0,10.0
257,2010,20165,WSH,18.0,3.0,3.0,5.0,7.0
258,2010,20166,CAR,18.0,1.0,5.0,3.0,9.0
259,2010,20166,NYI,18.0,0.0,6.0,1.0,11.0
260,2010,20169,DAL,18.0,1.0,5.0,3.0,9.0
261,2010,20169,PIT,18.0,3.0,3.0,4.0,8.0
262,2010,20170,CGY,18.0,1.0,5.0,3.0,9.0
263,2010,20170,DET,18.0,2.0,4.0,5.0,7.0
264,2010,20171,NSH,18.0,1.0,5.0,3.0,9.0
265,2010,20171,PHX,18.0,2.0,4.0,4.0,8.0
266,2010,20172,ANA,18.0,3.0,3.0,5.0,7.0
267,2010,20172,TB,18.0,0.0,6.0,3.0,9.0
268,2010,20173,NYR,18.0,2.0,4.0,3.0,9.0
269,2010,20173,PHI,18.0,3.0,3.0,4.0,8.0
270,2010,20175,NYI,18.0,0.0,6.0,1.0,11.0
271,2010,20175,OTT,18.0,1.0,5.0,1.0,11.0
272,2010,20176,SJ,18.0,3.0,3.0,6.0,6.0
273,2010,20176,STL,18.0,1.0,5.0,3.0,9.0
274,2010,20177,COL,18.0,1.0,5.0,2.0,10.0
275,2010,20177,VAN,18.0,2.0,4.0,5.0,7.0
276,2010,20178,LA,18.0,2.0,4.0,5.0,7.0
277,2010,20178,TB,18.0,0.0,6.0,3.0,9.0
278,2010,20179,NJ,18.0,0.0,6.0,2.0,10.0
279,2010,20179,NYR,18.0,2.0,4.0,2.0,10.0
280,2010,20180,BOS,18.0,2.0,4.0,5.0,7.0
281,2010,20180,WSH,18.0,3.0,3.0,5.0,7.0
282,2010,20181,BUF,18.0,2.0,4.0,4.0,8.0
283,2010,20181,MTL,18.0,2.0,4.0,2.0,10.0
284,2010,20182,CAR,18.0,2.0,4.0,3.0,9.0
285,2010,20182,FLA,18.0,1.0,5.0,0.0,12.0
286,2010,20183,CGY,18.0,1.0,5.0,3.0,9.0
287,2010,20183,MIN,18.0,1.0,5.0,2.0,10.0
288,2010,20184,DAL,18.0,1.0,5.0,3.0,9.0
289,2010,20184,PHX,18.0,2.0,4.0,4.0,8.0
290,2010,20185,DET,18.0,2.0,4.0,5.0,7.0
291,2010,20185,EDM,18.0,1.0,5.0,0.0,12.0
292,2010,20186,ANA,18.0,3.0,3.0,5.0,7.0
293,2010,20186,PIT,18.0,3.0,3.0,5.0,7.0
294,2010,20187,LA,18.0,2.0,4.0,5.0,7.0
295,2010,20187,NSH,18.0,1.0,5.0,3.0,9.0
296,2010,20189,BUF,18.0,2.0,4.0,3.0,9.0
297,2010,20189,TOR,18.0,1.0,5.0,2.0,10.0
298,2010,20190,MTL,18.0,2.0,4.0,3.0,9.0
299,2010,20190,OTT,18.0,1.0,5.0,1.0,11.0
300,2010,20191,NYI,18.0,0.0,6.0,1.0,11.0
301,2010,20191,PHI,18.0,3.0,3.0,4.0,8.0
302,2010,20192,CAR,18.0,2.0,4.0,3.0,9.0
303,2010,20192,FLA,18.0,1.0,5.0,0.0,12.0
304,2010,20194,CBJ,18.0,0.0,6.0,2.0,10.0
305,2010,20194,MIN,18.0,1.0,5.0,2.0,10.0
306,2010,20195,COL,18.0,1.0,5.0,2.0,10.0
307,2010,20195,DAL,18.0,1.0,5.0,3.0,9.0
308,2010,20196,PHX,18.0,2.0,4.0,3.0,9.0
309,2010,20196,PIT,18.0,3.0,3.0,5.0,7.0
310,2010,20197,DET,18.0,2.0,4.0,5.0,7.0
311,2010,20197,VAN,18.0,2.0,4.0,5.0,7.0
312,2010,20198,SJ,18.0,3.0,3.0,5.0,7.0
313,2010,20198,TB,18.0,0.0,6.0,3.0,9.0
314,2010,20199,PHI,18.0,3.0,3.0,5.0,7.0
315,2010,20199,WSH,18.0,3.0,3.0,5.0,7.0
316,2010,20202,ANA,18.0,3.0,3.0,5.0,7.0
317,2010,20202,NSH,18.0,1.0,5.0,2.0,10.0
318,2010,20203,DET,18.0,3.0,3.0,5.0,7.0
319,2010,20203,PHX,18.0,2.0,4.0,3.0,9.0
320,2010,20204,NYR,18.0,2.0,4.0,3.0,9.0
321,2010,20204,WSH,18.0,3.0,3.0,5.0,7.0
322,2010,20205,CAR,18.0,1.0,5.0,3.0,9.0
323,2010,20205,EDM,18.0,1.0,5.0,0.0,12.0
324,2010,20206,MTL,18.0,2.0,4.0,3.0,9.0
325,2010,20206,VAN,18.0,3.0,3.0,5.0,7.0
326,2010,20209,CGY,18.0,1.0,5.0,3.0,9.0
327,2010,20209,COL,18.0,1.0,5.0,2.0,10.0
328,2010,20210,ANA,18.0,3.0,3.0,5.0,7.0
329,2010,20210,SJ,18.0,3.0,3.0,5.0,7.0
330,2010,20211,BUF,18.0,2.0,4.0,3.0,9.0
331,2010,20211,NJ,18.0,0.0,6.0,2.0,10.0
332,2010,20212,BOS,18.0,2.0,4.0,4.0,8.0
333,2010,20212,PIT,18.0,3.0,3.0,5.0,7.0
334,2010,20214,FLA,18.0,1.0,5.0,0.0,12.0
335,2010,20214,TOR,18.0,1.0,5.0,2.0,10.0
336,2010,20216,ANA,18.0,3.0,3.0,5.0,7.0
337,2010,20216,NYI,18.0,0.0,6.0,1.0,11.0
338,2010,20217,BOS,18.0,2.0,4.0,4.0,8.0
339,2010,20217,MTL,18.0,2.0,4.0,3.0,9.0
340,2010,20218,BUF,18.0,2.0,4.0,3.0,9.0
341,2010,20218,NYR,18.0,2.0,4.0,4.0,8.0
342,2010,20220,CAR,18.0,1.0,5.0,3.0,9.0
343,2010,20220,PHI,18.0,3.0,3.0,5.0,7.0
344,2010,20223,OTT,18.0,1.0,5.0,1.0,11.0
345,2010,20223,VAN,18.0,3.0,3.0,5.0,7.0
346,2010,20224,NSH,18.0,1.0,5.0,3.0,9.0
347,2010,20224,STL,18.0,1.0,5.0,3.0,9.0
348,2010,20225,DAL,18.0,1.0,5.0,3.0,9.0
349,2010,20225,LA,18.0,2.0,4.0,5.0,7.0
350,2010,20226,NYI,18.0,0.0,6.0,1.0,11.0
351,2010,20226,SJ,18.0,3.0,3.0,6.0,6.0
352,2010,20229,CBJ,18.0,0.0,6.0,1.0,11.0
353,2010,20229,COL,18.0,1.0,5.0,2.0,10.0
354,2010,20230,FLA,18.0,1.0,5.0,0.0,12.0
355,2010,20230,MIN,18.0,1.0,5.0,2.0,10.0
356,2010,20231,CGY,18.0,1.0,5.0,3.0,9.0
357,2010,20231,PHX,18.0,2.0,4.0,3.0,9.0
358,2010,20232,ANA,18.0,3.0,3.0,5.0,7.0
359,2010,20232,DAL,18.0,1.0,5.0,3.0,9.0
360,2010,20233,BOS,18.0,2.0,4.0,4.0,8.0
361,2010,20233,OTT,18.0,1.0,5.0,1.0,11.0
362,2010,20234,BUF,18.0,2.0,4.0,3.0,9.0
363,2010,20234,WSH,18.0,3.0,3.0,5.0,7.0
364,2010,20235,TOR,18.0,1.0,5.0,2.0,10.0
365,2010,20235,VAN,18.0,3.0,3.0,5.0,7.0
366,2010,20236,CAR,18.0,1.0,5.0,3.0,9.0
367,2010,20236,MTL,18.0,2.0,4.0,3.0,9.0
368,2010,20237,FLA,18.0,1.0,5.0,0.0,12.0
369,2010,20237,PHI,18.0,3.0,3.0,5.0,7.0
370,2010,20239,COL,18.0,1.0,5.0,2.0,10.0
371,2010,20239,DET,18.0,3.0,3.0,5.0,7.0
372,2010,20240,CHI,18.0,2.0,4.0,4.0,8.0
373,2010,20240,NSH,18.0,2.0,4.0,4.0,8.0
374,2010,20241,PHX,18.0,2.0,4.0,3.0,9.0
375,2010,20241,STL,18.0,1.0,5.0,3.0,9.0
376,2010,20242,CGY,18.0,1.0,5.0,3.0,9.0
377,2010,20242,SJ,18.0,3.0,3.0,6.0,6.0
378,2010,20244,EDM,18.0,1.0,5.0,0.0,12.0
379,2010,20244,NYR,18.0,2.0,4.0,4.0,8.0
380,2010,20246,MIN,18.0,0.0,6.0,2.0,10.0
381,2010,20246,TB,18.0,0.0,6.0,2.0,10.0
382,2010,20247,ANA,18.0,3.0,3.0,5.0,7.0
383,2010,20247,CHI,18.0,2.0,4.0,4.0,8.0
384,2010,20248,BOS,18.0,2.0,4.0,4.0,8.0
385,2010,20248,NJ,18.0,0.0,6.0,2.0,10.0
386,2010,20249,BUF,18.0,2.0,4.0,3.0,9.0
387,2010,20249,VAN,18.0,3.0,3.0,5.0,7.0
388,2010,20250,OTT,18.0,1.0,5.0,1.0,11.0
389,2010,20250,PHI,18.0,3.0,3.0,5.0,7.0
390,2010,20251,NYR,18.0,2.0,4.0,4.0,8.0
391,2010,20251,PIT,18.0,3.0,3.0,4.0,8.0
392,2010,20252,COL,18.0,1.0,5.0,2.0,10.0
393,2010,20252,STL,18.0,1.0,5.0,3.0,9.0
394,2010,20253,LA,18.0,2.0,4.0,5.0,7.0
395,2010,20253,SJ,18.0,3.0,3.0,6.0,6.0
396,2010,20254,NSH,18.0,2.0,4.0,4.0,8.0
397,2010,20254,TOR,18.0,1.0,5.0,2.0,10.0
398,2010,20255,MTL,18.0,1.0,5.0,3.0,9.0
399,2010,20255,PHI,18.0,3.0,3.0,5.0,7.0
400,2010,20256,ANA,18.0,2.0,4.0,5.0,7.0
401,2010,20256,DAL,18.0,1.0,5.0,3.0,9.0
402,2010,20257,NYI,18.0,0.0,6.0,1.0,11.0
403,2010,20257,TB,18.0,0.0,6.0,2.0,10.0
404,2010,20258,BOS,18.0,2.0,4.0,4.0,8.0
405,2010,20258,NYR,18.0,2.0,4.0,4.0,8.0
406,2010,20259,PIT,18.0,3.0,3.0,5.0,7.0
407,2010,20259,VAN,18.0,3.0,3.0,5.0,7.0
408,2010,20260,BUF,18.0,2.0,4.0,3.0,9.0
409,2010,20260,WSH,18.0,3.0,3.0,5.0,7.0
410,2010,20261,CAR,18.0,2.0,4.0,3.0,9.0
411,2010,20261,OTT,18.0,1.0,5.0,1.0,11.0
412,2010,20263,DET,18.0,3.0,3.0,5.0,7.0
413,2010,20263,STL,18.0,1.0,5.0,3.0,9.0
414,2010,20264,ANA,18.0,2.0,4.0,5.0,7.0
415,2010,20264,MIN,18.0,0.0,6.0,2.0,10.0
416,2010,20265,COL,18.0,1.0,5.0,2.0,10.0
417,2010,20265,SJ,18.0,3.0,3.0,6.0,6.0
418,2010,20266,CGY,18.0,1.0,5.0,3.0,9.0
419,2010,20266,PHX,18.0,2.0,4.0,3.0,9.0
420,2010,20267,CHI,18.0,2.0,4.0,4.0,8.0
421,2010,20267,EDM,18.0,1.0,5.0,0.0,12.0
422,2010,20268,CBJ,18.0,0.0,6.0,2.0,10.0
423,2010,20268,LA,18.0,2.0,4.0,5.0,7.0
424,2010,20269,BOS,18.0,3.0,3.0,4.0,8.0
425,2010,20269,FLA,18.0,1.0,5.0,0.0,12.0
426,2010,20270,NJ,18.0,0.0,6.0,2.0,10.0
427,2010,20270,TOR,18.0,1.0,5.0,2.0,10.0
428,2010,20271,PHI,18.0,3.0,3.0,5.0,7.0
429,2010,20271,TB,18.0,0.0,6.0,2.0,10.0
430,2010,20272,MTL,18.0,1.0,5.0,3.0,9.0
431,2010,20272,NSH,18.0,2.0,4.0,4.0,8.0
432,2010,20273,DAL,18.0,1.0,5.0,3.0,9.0
433,2010,20273,SJ,18.0,3.0,3.0,6.0,6.0
434,2010,20274,CAR,18.0,1.0,5.0,3.0,9.0
435,2010,20274,PIT,18.0,3.0,3.0,5.0,7.0
436,2010,20275,DET,18.0,3.0,3.0,5.0,7.0
437,2010,20275,MIN,18.0,1.0,5.0,2.0,10.0
438,2010,20276,BUF,18.0,2.0,4.0,3.0,9.0
439,2010,20276,LA,18.0,2.0,4.0,5.0,7.0
440,2010,20278,OTT,18.0,1.0,5.0,1.0,11.0
441,2010,20278,STL,18.0,1.0,5.0,3.0,9.0
442,2010,20279,COL,18.0,1.0,5.0,2.0,10.0
443,2010,20279,NYR,18.0,2.0,4.0,4.0,8.0
444,2010,20280,CGY,18.0,1.0,5.0,2.0,10.0
445,2010,20280,CHI,18.0,2.0,4.0,4.0,8.0
446,2010,20281,EDM,18.0,1.0,5.0,0.0,12.0
447,2010,20281,PHX,18.0,2.0,4.0,3.0,9.0
448,2010,20282,ANA,18.0,2.0,4.0,5.0,7.0
449,2010,20282,CBJ,18.0,0.0,6.0,2.0,10.0
450,2010,20283,BOS,18.0,3.0,3.0,5.0,7.0
451,2010,20283,LA,18.0,2.0,4.0,5.0,7.0
452,2010,20286,FLA,18.0,1.0,5.0,0.0,12.0
453,2010,20286,NYI,18.0,0.0,6.0,1.0,11.0
454,2010,20287,PHI,18.0,3.0,3.0,5.0,7.0
455,2010,20287,WSH,18.0,3.0,3.0,4.0,8.0
456,2010,20288,CAR,18.0,1.0,5.0,3.0,9.0
457,2010,20288,NSH,18.0,1.0,5.0,3.0,9.0
458,2010,20289,NJ,18.0,0.0,6.0,2.0,10.0
459,2010,20289,STL,18.0,1.0,5.0,3.0,9.0
460,2010,20290,MIN,18.0,1.0,5.0,2.0,10.0
461,2010,20290,NYR,18.0,2.0,4.0,4.0,8.0
462,2010,20291,COL,18.0,1.0,5.0,2.0,10.0
463,2010,20291,DAL,18.0,1.0,5.0,3.0,9.0
464,2010,20292,CHI,18.0,2.0,4.0,4.0,8.0
465,2010,20292,VAN,18.0,3.0,3.0,5.0,7.0
466,2010,20293,CBJ,18.0,0.0,6.0,2.0,10.0
467,2010,20293,SJ,18.0,3.0,3.0,6.0,6.0
468,2010,20295,CGY,18.0,1.0,5.0,2.0,10.0
469,2010,20295,DET,18.0,3.0,3.0,5.0,7.0
470,2010,20296,ANA,18.0,2.0,4.0,4.0,8.0
471,2010,20296,EDM,18.0,1.0,5.0,0.0,12.0
472,2010,20297,PHX,18.0,1.0,5.0,4.0,8.0
473,2010,20297,VAN,18.0,3.0,3.0,5.0,7.0
474,2010,20298,DAL,18.0,1.0,5.0,3.0,9.0
475,2010,20298,TOR,18.0,1.0,5.0,2.0,10.0
476,2010,20299,NJ,18.0,0.0,6.0,2.0,10.0
477,2010,20299,WSH,18.0,3.0,3.0,4.0,8.0
478,2010,20300,CGY,18.0,1.0,5.0,2.0,10.0
479,2010,20300,NYR,18.0,2.0,4.0,4.0,8.0
480,2010,20302,CBJ,18.0,0.0,6.0,2.0,10.0
481,2010,20302,NSH,18.0,1.0,5.0,3.0,9.0
482,2010,20303,LA,18.0,2.0,4.0,5.0,7.0
483,2010,20303,OTT,18.0,0.0,6.0,1.0,11.0
484,2010,20305,FLA,18.0,1.0,5.0,0.0,12.0
485,2010,20305,PIT,18.0,3.0,3.0,5.0,7.0
486,2010,20306,EDM,18.0,1.0,5.0,0.0,12.0
487,2010,20306,PHX,18.0,1.0,5.0,4.0,8.0
488,2010,20307,BUF,18.0,2.0,4.0,3.0,9.0
489,2010,20307,PIT,18.0,3.0,3.0,5.0,7.0
490,2010,20308,CBJ,18.0,0.0,6.0,2.0,10.0
491,2010,20308,NYI,18.0,0.0,6.0,1.0,11.0
492,2010,20309,CAR,18.0,1.0,5.0,3.0,9.0
493,2010,20309,WSH,18.0,2.0,4.0,4.0,8.0
494,2010,20312,DAL,18.0,1.0,5.0,3.0,9.0
495,2010,20312,OTT,18.0,0.0,6.0,1.0,11.0
496,2010,20313,CGY,18.0,1.0,5.0,3.0,9.0
497,2010,20313,NJ,18.0,0.0,6.0,2.0,10.0
498,2010,20314,NYR,18.0,2.0,4.0,4.0,8.0
499,2010,20314,TB,18.0,0.0,6.0,2.0,10.0
500,2010,20315,BOS,18.0,3.0,3.0,5.0,7.0
501,2010,20315,FLA,18.0,1.0,5.0,0.0,12.0
502,2010,20317,MIN,18.0,1.0,5.0,2.0,10.0
503,2010,20317,PHI,18.0,3.0,3.0,5.0,7.0
504,2010,20318,COL,18.0,1.0,5.0,2.0,10.0
505,2010,20318,VAN,18.0,3.0,3.0,5.0,7.0
506,2010,20319,CHI,18.0,2.0,4.0,4.0,8.0
507,2010,20319,SJ,18.0,2.0,4.0,6.0,6.0
508,2010,20320,COL,18.0,1.0,5.0,2.0,10.0
509,2010,20320,EDM,18.0,1.0,5.0,0.0,12.0
510,2010,20321,BOS,18.0,3.0,3.0,5.0,7.0
511,2010,20321,CAR,18.0,1.0,5.0,3.0,9.0
512,2010,20322,NJ,18.0,0.0,6.0,2.0,10.0
513,2010,20322,NYI,18.0,0.0,6.0,1.0,11.0
514,2010,20323,CGY,18.0,1.0,5.0,3.0,9.0
515,2010,20323,PHI,18.0,3.0,3.0,5.0,7.0
516,2010,20324,OTT,18.0,1.0,5.0,1.0,11.0
517,2010,20324,PIT,18.0,3.0,3.0,5.0,7.0
518,2010,20325,MIN,18.0,1.0,5.0,2.0,10.0
519,2010,20325,NSH,18.0,2.0,4.0,3.0,9.0
520,2010,20326,ANA,18.0,2.0,4.0,4.0,8.0
521,2010,20326,CHI,18.0,2.0,4.0,4.0,8.0
522,2010,20327,TB,18.0,0.0,6.0,2.0,10.0
523,2010,20327,WSH,18.0,2.0,4.0,5.0,7.0
524,2010,20328,CBJ,18.0,0.0,6.0,2.0,10.0
525,2010,20328,DET,18.0,3.0,3.0,5.0,7.0
526,2010,20329,BUF,18.0,2.0,4.0,3.0,9.0
527,2010,20329,TOR,18.0,1.0,5.0,2.0,10.0
528,2010,20331,FLA,18.0,1.0,5.0,0.0,12.0
529,2010,20331,NYR,18.0,2.0,4.0,4.0,8.0
530,2010,20332,DAL,18.0,1.0,5.0,3.0,9.0
531,2010,20332,STL,18.0,1.0,5.0,3.0,9.0
532,2010,20335,CGY,18.0,1.0,5.0,3.0,9.0
533,2010,20335,PIT,18.0,3.0,3.0,5.0,7.0
534,2010,20336,BUF,18.0,2.0,4.0,3.0,9.0
535,2010,20336,MTL,18.0,1.0,5.0,3.0,9.0
536,2010,20337,OTT,18.0,1.0,5.0,1.0,11.0
537,2010,20337,TOR,18.0,1.0,5.0,2.0,10.0
538,2010,20338,FLA,18.0,1.0,5.0,0.0,12.0
539,2010,20338,TB,18.0,0.0,6.0,2.0,10.0
540,2010,20339,DAL,18.0,1.0,5.0,3.0,9.0
541,2010,20339,STL,18.0,1.0,5.0,3.0,9.0
542,2010,20341,ANA,18.0,1.0,5.0,4.0,8.0
543,2010,20341,PHX,18.0,2.0,4.0,4.0,8.0
544,2010,20342,COL,18.0,1.0,5.0,2.0,10.0
545,2010,20342,MIN,18.0,1.0,5.0,2.0,10.0
546,2010,20343,EDM,18.0,1.0,5.0,0.0,12.0
547,2010,20343,SJ,18.0,2.0,4.0,6.0,6.0
548,2010,20345,CAR,18.0,1.0,5.0,3.0,9.0
549,2010,20345,WSH,18.0,3.0,3.0,5.0,7.0
550,2010,20347,CBJ,18.0,0.0,6.0,2.0,10.0
551,2010,20347,DET,18.0,3.0,3.0,5.0,7.0
552,2010,20348,NYR,18.0,2.0,4.0,4.0,8.0
553,2010,20348,PIT,18.0,3.0,3.0,5.0,7.0
554,2010,20349,CAR,18.0,1.0,5.0,3.0,9.0
555,2010,20349,DAL,18.0,1.0,5.0,3.0,9.0
556,2010,20350,EDM,18.0,1.0,5.0,0.0,12.0
557,2010,20350,OTT,18.0,1.0,5.0,1.0,11.0
558,2010,20351,CGY,18.0,1.0,5.0,3.0,9.0
559,2010,20351,MIN,18.0,1.0,5.0,2.0,10.0
560,2010,20352,ANA,18.0,2.0,4.0,5.0,7.0
561,2010,20352,LA,18.0,3.0,3.0,5.0,7.0
562,2010,20354,NSH,18.0,2.0,4.0,3.0,9.0
563,2010,20354,PHX,18.0,2.0,4.0,4.0,8.0
564,2010,20356,ATL,18.0,2.0,4.0,1.0,11.0
565,2010,20356,COL,18.0,1.0,5.0,2.0,10.0
566,2010,20357,DET,18.0,3.0,3.0,5.0,7.0
567,2010,20357,SJ,18.0,2.0,4.0,6.0,6.0
568,2010,20358,EDM,18.0,1.0,5.0,0.0,12.0
569,2010,20358,MTL,18.0,1.0,5.0,3.0,9.0
570,2010,20359,BOS,18.0,3.0,3.0,5.0,7.0
571,2010,20359,PHI,18.0,3.0,3.0,5.0,7.0
572,2010,20360,CBJ,18.0,0.0,6.0,2.0,10.0
573,2010,20360,NSH,18.0,2.0,4.0,3.0,9.0
574,2010,20361,STL,18.0,1.0,5.0,3.0,9.0
575,2010,20361,WSH,18.0,3.0,3.0,5.0,7.0
576,2010,20362,MIN,18.0,1.0,5.0,3.0,9.0
577,2010,20362,PHX,18.0,2.0,4.0,4.0,8.0
578,2010,20363,CGY,18.0,1.0,5.0,3.0,9.0
579,2010,20363,VAN,18.0,3.0,3.0,5.0,7.0
580,2010,20364,ANA,18.0,2.0,4.0,5.0,7.0
581,2010,20364,FLA,18.0,1.0,5.0,0.0,12.0
582,2010,20366,EDM,18.0,1.0,5.0,0.0,12.0
583,2010,20366,TOR,18.0,1.0,5.0,2.0,10.0
584,2010,20367,MTL,18.0,0.0,6.0,3.0,9.0
585,2010,20367,NJ,18.0,0.0,6.0,2.0,10.0
586,2010,20368,NYI,18.0,0.0,6.0,1.0,11.0
587,2010,20368,NYR,18.0,2.0,4.0,4.0,8.0
588,2010,20370,OTT,18.0,1.0,5.0,1.0,11.0
589,2010,20370,SJ,18.0,2.0,4.0,6.0,6.0
590,2010,20371,DAL,18.0,1.0,5.0,3.0,9.0
591,2010,20371,WSH,18.0,3.0,3.0,5.0,7.0
592,2010,20372,FLA,18.0,1.0,5.0,0.0,12.0
593,2010,20372,LA,18.0,3.0,3.0,5.0,7.0
594,2010,20373,NYI,18.0,0.0,6.0,1.0,11.0
595,2010,20373,NYR,18.0,2.0,4.0,4.0,8.0
596,2010,20374,CAR,18.0,1.0,5.0,3.0,9.0
597,2010,20374,COL,18.0,1.0,5.0,2.0,10.0
598,2010,20375,BUF,18.0,2.0,4.0,4.0,8.0
599,2010,20375,CBJ,18.0,0.0,6.0,2.0,10.0
600,2010,20376,CGY,18.0,1.0,5.0,3.0,9.0
601,2010,20376,MIN,18.0,1.0,5.0,3.0,9.0
602,2010,20378,ANA,18.0,2.0,4.0,4.0,8.0
603,2010,20378,DET,18.0,3.0,3.0,5.0,7.0
604,2010,20379,NJ,18.0,0.0,6.0,2.0,10.0
605,2010,20379,PHI,18.0,3.0,3.0,5.0,7.0
606,2010,20380,MTL,18.0,0.0,6.0,3.0,9.0
607,2010,20380,SJ,18.0,2.0,4.0,6.0,6.0
608,2010,20381,BOS,18.0,3.0,3.0,5.0,7.0
609,2010,20381,TOR,18.0,1.0,5.0,2.0,10.0
610,2010,20383,ATL,18.0,2.0,4.0,1.0,11.0
611,2010,20383,WSH,18.0,3.0,3.0,5.0,7.0
612,2010,20384,CBJ,18.0,0.0,6.0,2.0,10.0
613,2010,20384,PIT,18.0,3.0,3.0,4.0,8.0
614,2010,20385,COL,18.0,1.0,5.0,2.0,10.0
615,2010,20385,TB,18.0,0.0,6.0,2.0,10.0
616,2010,20386,CAR,18.0,1.0,5.0,3.0,9.0
617,2010,20386,NSH,18.0,2.0,4.0,3.0,9.0
618,2010,20388,FLA,18.0,1.0,5.0,0.0,12.0
619,2010,20388,PHX,18.0,2.0,4.0,4.0,8.0
620,2010,20389,EDM,18.0,1.0,5.0,0.0,12.0
621,2010,20389,STL,18.0,1.0,5.0,3.0,9.0
622,2010,20391,NYI,18.0,0.0,6.0,1.0,11.0
623,2010,20391,PHI,18.0,3.0,3.0,5.0,7.0
624,2010,20392,NYR,18.0,2.0,4.0,4.0,8.0
625,2010,20392,OTT,18.0,1.0,5.0,1.0,11.0
626,2010,20394,ANA,18.0,2.0,4.0,4.0,8.0
627,2010,20394,PHX,18.0,2.0,4.0,4.0,8.0
628,2010,20395,STL,18.0,1.0,5.0,2.0,10.0
629,2010,20395,VAN,18.0,3.0,3.0,5.0,7.0
630,2010,20397,TOR,18.0,1.0,5.0,2.0,10.0
631,2010,20397,WSH,18.0,3.0,3.0,5.0,7.0
632,2010,20398,ATL,18.0,2.0,4.0,1.0,11.0
633,2010,20398,NSH,18.0,2.0,4.0,3.0,9.0
634,2010,20400,CBJ,18.0,0.0,6.0,2.0,10.0
635,2010,20400,DAL,18.0,1.0,5.0,3.0,9.0
636,2010,20401,BOS,18.0,3.0,3.0,5.0,7.0
637,2010,20401,BUF,18.0,2.0,4.0,3.0,9.0
638,2010,20402,MTL,18.0,0.0,6.0,3.0,9.0
639,2010,20402,OTT,18.0,1.0,5.0,1.0,11.0
640,2010,20403,COL,18.0,1.0,5.0,2.0,10.0
641,2010,20403,FLA,18.0,1.0,5.0,0.0,12.0
642,2010,20404,CGY,18.0,1.0,5.0,3.0,9.0
643,2010,20404,TB,18.0,0.0,6.0,2.0,10.0
644,2010,20405,ANA,18.0,2.0,4.0,5.0,7.0
645,2010,20405,EDM,18.0,1.0,5.0,0.0,12.0
646,2010,20406,PHI,18.0,3.0,3.0,5.0,7.0
647,2010,20406,SJ,18.0,3.0,3.0,6.0,6.0
648,2010,20407,PIT,18.0,3.0,3.0,4.0,8.0
649,2010,20407,TOR,18.0,1.0,5.0,2.0,10.0
650,2010,20408,DET,18.0,3.0,3.0,5.0,7.0
651,2010,20408,NSH,18.0,2.0,4.0,4.0,8.0
652,2010,20410,ANA,18.0,2.0,4.0,5.0,7.0
653,2010,20410,VAN,18.0,3.0,3.0,4.0,8.0
654,2010,20411,BOS,18.0,3.0,3.0,5.0,7.0
655,2010,20411,NYI,18.0,0.0,6.0,1.0,11.0
656,2010,20412,BUF,18.0,2.0,4.0,3.0,9.0
657,2010,20412,SJ,18.0,3.0,3.0,6.0,6.0
658,2010,20413,PHI,18.0,3.0,3.0,5.0,7.0
659,2010,20413,TOR,18.0,1.0,5.0,2.0,10.0
660,2010,20414,FLA,18.0,1.0,5.0,0.0,12.0
661,2010,20414,WSH,18.0,3.0,3.0,5.0,7.0
662,2010,20415,NYR,18.0,2.0,4.0,4.0,8.0
663,2010,20415,OTT,18.0,1.0,5.0,1.0,11.0
664,2010,20416,CBJ,18.0,0.0,6.0,2.0,10.0
665,2010,20416,STL,18.0,1.0,5.0,2.0,10.0
666,2010,20417,MIN,18.0,1.0,5.0,3.0,9.0
667,2010,20417,PHX,18.0,2.0,4.0,4.0,8.0
668,2010,20418,CGY,18.0,1.0,5.0,3.0,9.0
669,2010,20418,LA,18.0,3.0,3.0,5.0,7.0
670,2010,20419,DET,18.0,3.0,3.0,5.0,7.0
671,2010,20419,MTL,18.0,1.0,5.0,3.0,9.0
672,2010,20420,NJ,18.0,0.0,6.0,2.0,10.0
673,2010,20420,OTT,18.0,1.0,5.0,1.0,11.0
674,2010,20421,ATL,18.0,2.0,4.0,1.0,11.0
675,2010,20421,COL,18.0,1.0,5.0,2.0,10.0
676,2010,20422,CAR,18.0,1.0,5.0,3.0,9.0
677,2010,20422,DAL,18.0,1.0,5.0,3.0,9.0
678,2010,20423,EDM,18.0,1.0,5.0,0.0,12.0
679,2010,20423,TB,18.0,0.0,6.0,2.0,10.0
680,2010,20424,ANA,18.0,2.0,4.0,4.0,8.0
681,2010,20424,CGY,18.0,1.0,5.0,3.0,9.0
682,2010,20425,BOS,18.0,3.0,3.0,5.0,7.0
683,2010,20425,PHI,18.0,3.0,3.0,5.0,7.0
684,2010,20426,BUF,18.0,2.0,4.0,3.0,9.0
685,2010,20426,PIT,18.0,3.0,3.0,4.0,8.0
686,2010,20428,DET,18.0,3.0,3.0,5.0,7.0
687,2010,20428,NJ,18.0,0.0,6.0,2.0,10.0
688,2010,20429,ATL,18.0,2.0,4.0,1.0,11.0
689,2010,20429,NYI,18.0,0.0,6.0,1.0,11.0
690,2010,20431,CBJ,18.0,0.0,6.0,2.0,10.0
691,2010,20431,NYR,18.0,2.0,4.0,4.0,8.0
692,2010,20432,CAR,18.0,1.0,5.0,3.0,9.0
693,2010,20432,STL,18.0,1.0,5.0,2.0,10.0
694,2010,20433,FLA,18.0,1.0,5.0,0.0,12.0
695,2010,20433,NSH,18.0,2.0,4.0,3.0,9.0
696,2010,20434,DAL,18.0,1.0,5.0,3.0,9.0
697,2010,20434,PHX,18.0,2.0,4.0,4.0,8.0
698,2010,20436,LA,18.0,3.0,3.0,5.0,7.0
699,2010,20436,MIN,18.0,1.0,5.0,3.0,9.0
700,2010,20438,NYR,18.0,2.0,4.0,4.0,8.0
701,2010,20438,WSH,18.0,2.0,4.0,5.0,7.0
702,2010,20439,EDM,18.0,1.0,5.0,0.0,12.0
703,2010,20439,VAN,18.0,2.0,4.0,5.0,7.0
704,2010,20441,DET,18.0,3.0,3.0,5.0,7.0
705,2010,20441,LA,18.0,3.0,3.0,5.0,7.0
706,2010,20442,ATL,18.0,2.0,4.0,1.0,11.0
707,2010,20442,OTT,18.0,1.0,5.0,1.0,11.0
708,2010,20443,NSH,18.0,2.0,4.0,3.0,9.0
709,2010,20443,NYI,18.0,0.0,6.0,1.0,11.0
710,2010,20445,CBJ,18.0,0.0,6.0,2.0,10.0
711,2010,20445,CGY,18.0,1.0,5.0,3.0,9.0
712,2010,20446,DAL,18.0,1.0,5.0,3.0,9.0
713,2010,20446,SJ,18.0,3.0,3.0,6.0,6.0
714,2010,20447,PHI,18.0,3.0,3.0,5.0,7.0
715,2010,20447,PIT,18.0,3.0,3.0,4.0,8.0
716,2010,20448,EDM,18.0,1.0,5.0,0.0,12.0
717,2010,20448,TOR,18.0,1.0,5.0,2.0,10.0
718,2010,20449,BOS,18.0,3.0,3.0,5.0,7.0
719,2010,20449,BUF,18.0,2.0,4.0,4.0,8.0
720,2010,20450,NJ,18.0,0.0,6.0,2.0,10.0
721,2010,20450,PHX,18.0,2.0,4.0,4.0,8.0
722,2010,20451,NYR,18.0,2.0,4.0,4.0,8.0
723,2010,20451,PIT,18.0,3.0,3.0,4.0,8.0
724,2010,20453,DET,18.0,3.0,3.0,5.0,7.0
725,2010,20453,STL,18.0,0.0,6.0,2.0,10.0
726,2010,20454,MTL,18.0,1.0,5.0,4.0,8.0
727,2010,20454,PHI,18.0,3.0,3.0,5.0,7.0
728,2010,20456,CAR,18.0,1.0,5.0,3.0,9.0
729,2010,20456,FLA,18.0,1.0,5.0,0.0,12.0
730,2010,20457,NSH,18.0,2.0,4.0,2.0,10.0
731,2010,20457,SJ,18.0,3.0,3.0,6.0,6.0
732,2010,20459,CBJ,18.0,0.0,6.0,2.0,10.0
733,2010,20459,VAN,18.0,2.0,4.0,5.0,7.0
734,2010,20461,NYR,18.0,2.0,4.0,3.0,9.0
735,2010,20461,PHX,18.0,2.0,4.0,4.0,8.0
736,2010,20462,ATL,18.0,2.0,4.0,1.0,11.0
737,2010,20462,CAR,18.0,1.0,5.0,3.0,9.0
738,2010,20463,BOS,18.0,3.0,3.0,5.0,7.0
739,2010,20463,MTL,18.0,1.0,5.0,4.0,8.0
740,2010,20464,LA,18.0,3.0,3.0,5.0,7.0
741,2010,20464,STL,18.0,0.0,6.0,2.0,10.0
742,2010,20465,MIN,18.0,1.0,5.0,3.0,9.0
743,2010,20465,OTT,18.0,1.0,5.0,1.0,11.0
744,2010,20466,DAL,18.0,1.0,5.0,3.0,9.0
745,2010,20466,SJ,18.0,3.0,3.0,6.0,6.0
746,2010,20467,CGY,18.0,1.0,5.0,3.0,9.0
747,2010,20467,TOR,18.0,1.0,5.0,2.0,10.0
748,2010,20468,CBJ,18.0,0.0,6.0,2.0,10.0
749,2010,20468,EDM,18.0,1.0,5.0,0.0,12.0
750,2010,20469,NJ,18.0,0.0,6.0,2.0,10.0
751,2010,20469,NSH,18.0,2.0,4.0,2.0,10.0
752,2010,20470,BUF,18.0,2.0,4.0,4.0,8.0
753,2010,20470,FLA,18.0,1.0,5.0,0.0,12.0
754,2010,20472,COL,18.0,1.0,5.0,1.0,11.0
755,2010,20472,OTT,18.0,1.0,5.0,1.0,11.0
756,2010,20473,NYR,18.0,2.0,4.0,3.0,9.0
757,2010,20473,PHI,18.0,2.0,4.0,5.0,7.0
758,2010,20474,BOS,18.0,3.0,3.0,5.0,7.0
759,2010,20474,WSH,18.0,3.0,3.0,4.0,8.0
760,2010,20475,NYI,18.0,0.0,6.0,1.0,11.0
761,2010,20475,PHX,18.0,2.0,4.0,4.0,8.0
762,2010,20476,ANA,18.0,2.0,4.0,5.0,7.0
763,2010,20476,CAR,18.0,1.0,5.0,3.0,9.0
764,2010,20477,ATL,18.0,2.0,4.0,1.0,11.0
765,2010,20477,NJ,18.0,0.0,6.0,2.0,10.0
766,2010,20478,CBJ,18.0,0.0,6.0,2.0,10.0
767,2010,20478,DAL,18.0,1.0,5.0,3.0,9.0
768,2010,20480,SJ,18.0,3.0,3.0,6.0,6.0
769,2010,20480,STL,18.0,0.0,6.0,2.0,10.0
770,2010,20481,LA,18.0,3.0,3.0,5.0,7.0
771,2010,20481,NSH,18.0,2.0,4.0,2.0,10.0
772,2010,20482,CGY,18.0,1.0,5.0,3.0,9.0
773,2010,20482,MIN,18.0,1.0,5.0,3.0,9.0
774,2010,20483,TOR,18.0,1.0,5.0,2.0,10.0
775,2010,20483,VAN,18.0,3.0,3.0,5.0,7.0
776,2010,20484,OTT,18.0,1.0,5.0,1.0,11.0
777,2010,20484,WSH,18.0,3.0,3.0,4.0,8.0
778,2010,20485,DAL,18.0,1.0,5.0,3.0,9.0
779,2010,20485,DET,18.0,3.0,3.0,5.0,7.0
780,2010,20488,ANA,18.0,2.0,4.0,5.0,7.0
781,2010,20488,BOS,18.0,3.0,3.0,4.0,8.0
782,2010,20490,FLA,18.0,1.0,5.0,0.0,12.0
783,2010,20490,PHI,18.0,2.0,4.0,5.0,7.0
784,2010,20491,PHX,18.0,2.0,4.0,4.0,8.0
785,2010,20491,PIT,18.0,3.0,3.0,5.0,7.0
786,2010,20493,STL,18.0,1.0,5.0,2.0,10.0
787,2010,20493,VAN,18.0,3.0,3.0,5.0,7.0
788,2010,20494,CGY,18.0,1.0,5.0,3.0,9.0
789,2010,20494,MIN,18.0,1.0,5.0,3.0,9.0
790,2010,20495,ANA,18.0,2.0,4.0,5.0,7.0
791,2010,20495,BUF,18.0,2.0,4.0,4.0,8.0
792,2010,20496,NJ,18.0,0.0,6.0,2.0,10.0
793,2010,20496,WSH,18.0,3.0,3.0,5.0,7.0
794,2010,20497,ATL,18.0,2.0,4.0,1.0,11.0
795,2010,20497,STL,18.0,1.0,5.0,2.0,10.0
796,2010,20498,CBJ,18.0,0.0,6.0,2.0,10.0
797,2010,20498,CGY,18.0,1.0,5.0,3.0,9.0
798,2010,20499,DAL,18.0,1.0,5.0,3.0,9.0
799,2010,20499,MTL,18.0,1.0,5.0,4.0,8.0
800,2010,20501,EDM,18.0,1.0,5.0,0.0,12.0
801,2010,20501,SJ,18.0,3.0,3.0,6.0,6.0
802,2010,20503,FLA,18.0,1.0,5.0,0.0,12.0
803,2010,20503,PIT,18.0,3.0,3.0,5.0,7.0
804,2010,20504,DET,18.0,3.0,3.0,5.0,7.0
805,2010,20504,VAN,18.0,3.0,3.0,5.0,7.0
806,2010,20506,ATL,18.0,2.0,4.0,1.0,11.0
807,2010,20506,BOS,18.0,3.0,3.0,4.0,8.0
808,2010,20507,BUF,18.0,2.0,4.0,4.0,8.0
809,2010,20507,FLA,18.0,1.0,5.0,0.0,12.0
810,2010,20509,NYR,18.0,2.0,4.0,2.0,10.0
811,2010,20509,TB,18.0,0.0,6.0,3.0,9.0
812,2010,20510,PIT,18.0,3.0,3.0,5.0,7.0
813,2010,20510,WSH,18.0,3.0,3.0,5.0,7.0
814,2010,20511,CAR,18.0,1.0,5.0,3.0,9.0
815,2010,20511,MTL,18.0,0.0,6.0,4.0,8.0
816,2010,20512,CBJ,18.0,0.0,6.0,2.0,10.0
817,2010,20512,VAN,18.0,3.0,3.0,5.0,7.0
818,2010,20513,DET,18.0,3.0,3.0,4.0,8.0
819,2010,20513,STL,18.0,1.0,5.0,2.0,10.0
820,2010,20514,NSH,18.0,2.0,4.0,3.0,9.0
821,2010,20514,OTT,18.0,1.0,5.0,1.0,11.0
822,2010,20515,CGY,18.0,1.0,5.0,3.0,9.0
823,2010,20515,DAL,18.0,1.0,5.0,3.0,9.0
824,2010,20516,COL,18.0,1.0,5.0,1.0,11.0
825,2010,20516,MIN,18.0,1.0,5.0,3.0,9.0
826,2010,20517,EDM,18.0,1.0,5.0,0.0,12.0
827,2010,20517,LA,18.0,3.0,3.0,5.0,7.0
828,2010,20518,PHX,18.0,2.0,4.0,4.0,8.0
829,2010,20518,SJ,18.0,3.0,3.0,6.0,6.0
830,2010,20519,OTT,18.0,1.0,5.0,1.0,11.0
831,2010,20519,PIT,18.0,3.0,3.0,5.0,7.0
832,2010,20520,NJ,18.0,0.0,6.0,2.0,10.0
833,2010,20520,TOR,18.0,1.0,5.0,2.0,10.0
834,2010,20522,CAR,18.0,1.0,5.0,3.0,9.0
835,2010,20522,WSH,18.0,3.0,3.0,5.0,7.0
836,2010,20523,ATL,18.0,2.0,4.0,1.0,11.0
837,2010,20523,TB,18.0,0.0,6.0,3.0,9.0
838,2010,20525,NSH,18.0,2.0,4.0,2.0,10.0
839,2010,20525,STL,18.0,1.0,5.0,2.0,10.0
840,2010,20526,DET,18.0,3.0,3.0,4.0,8.0
841,2010,20526,MIN,18.0,1.0,5.0,3.0,9.0
842,2010,20527,DAL,18.0,1.0,5.0,3.0,9.0
843,2010,20527,PHX,18.0,2.0,4.0,3.0,9.0
844,2010,20528,EDM,18.0,1.0,5.0,0.0,12.0
845,2010,20528,VAN,18.0,3.0,3.0,5.0,7.0
846,2010,20529,ANA,18.0,2.0,4.0,5.0,7.0
847,2010,20529,LA,18.0,3.0,3.0,5.0,7.0
848,2010,20530,NYI,18.0,0.0,6.0,1.0,11.0
849,2010,20530,NYR,18.0,2.0,4.0,3.0,9.0
850,2010,20531,CBJ,18.0,0.0,6.0,2.0,10.0
851,2010,20531,MIN,18.0,1.0,5.0,3.0,9.0
852,2010,20532,BOS,18.0,3.0,3.0,4.0,8.0
853,2010,20532,FLA,18.0,1.0,5.0,0.0,12.0
854,2010,20533,COL,18.0,1.0,5.0,2.0,10.0
855,2010,20533,DET,18.0,2.0,4.0,3.0,9.0
856,2010,20534,BUF,18.0,1.0,5.0,3.0,9.0
857,2010,20534,CGY,18.0,1.0,5.0,3.0,9.0
858,2010,20537,ATL,18.0,2.0,4.0,1.0,11.0
859,2010,20537,PIT,18.0,3.0,3.0,5.0,7.0
860,2010,20538,MTL,18.0,1.0,5.0,4.0,8.0
861,2010,20538,WSH,18.0,3.0,3.0,5.0,7.0
862,2010,20539,BOS,18.0,3.0,3.0,5.0,7.0
863,2010,20539,TB,18.0,0.0,6.0,3.0,9.0
864,2010,20541,DAL,18.0,1.0,5.0,3.0,9.0
865,2010,20541,NSH,18.0,2.0,4.0,2.0,10.0
866,2010,20542,BUF,18.0,1.0,5.0,3.0,9.0
867,2010,20542,EDM,18.0,1.0,5.0,0.0,12.0
868,2010,20543,ANA,18.0,2.0,4.0,5.0,7.0
869,2010,20543,PHX,18.0,2.0,4.0,3.0,9.0
870,2010,20544,PHI,18.0,2.0,4.0,5.0,7.0
871,2010,20544,VAN,18.0,3.0,3.0,5.0,7.0
872,2010,20545,NJ,18.0,0.0,6.0,2.0,10.0
873,2010,20545,NYR,18.0,2.0,4.0,3.0,9.0
874,2010,20546,NYI,18.0,0.0,6.0,1.0,11.0
875,2010,20546,PIT,18.0,3.0,3.0,5.0,7.0
876,2010,20547,CAR,18.0,1.0,5.0,3.0,9.0
877,2010,20547,OTT,18.0,1.0,5.0,0.0,12.0
878,2010,20548,MIN,18.0,1.0,5.0,3.0,9.0
879,2010,20548,SJ,18.0,3.0,3.0,5.0,7.0
880,2010,20549,DAL,18.0,1.0,5.0,3.0,9.0
881,2010,20549,DET,18.0,3.0,3.0,3.0,9.0
882,2010,20550,LA,18.0,3.0,3.0,5.0,7.0
883,2010,20550,PHX,18.0,2.0,4.0,3.0,9.0
884,2010,20551,CBJ,18.0,0.0,6.0,2.0,10.0
885,2010,20551,TOR,18.0,1.0,5.0,1.0,11.0
886,2010,20552,ATL,18.0,2.0,4.0,1.0,11.0
887,2010,20552,BOS,18.0,3.0,3.0,5.0,7.0
888,2010,20555,COL,18.0,1.0,5.0,2.0,10.0
889,2010,20555,EDM,18.0,0.0,6.0,0.0,12.0
890,2010,20556,LA,18.0,3.0,3.0,5.0,7.0
891,2010,20556,PHI,18.0,2.0,4.0,5.0,7.0
892,2010,20557,ATL,18.0,2.0,4.0,1.0,11.0
893,2010,20557,NJ,18.0,0.0,6.0,2.0,10.0
894,2010,20558,FLA,18.0,1.0,5.0,0.0,12.0
895,2010,20558,MTL,18.0,1.0,5.0,4.0,8.0
896,2010,20559,MIN,18.0,1.0,5.0,3.0,9.0
897,2010,20559,NSH,18.0,2.0,4.0,3.0,9.0
898,2010,20560,DET,18.0,3.0,3.0,3.0,9.0
899,2010,20560,NYI,18.0,0.0,6.0,1.0,11.0
900,2010,20561,CBJ,18.0,0.0,6.0,2.0,10.0
901,2010,20561,OTT,18.0,1.0,5.0,0.0,12.0
902,2010,20562,PHX,18.0,2.0,4.0,4.0,8.0
903,2010,20562,STL,18.0,1.0,5.0,2.0,10.0
904,2010,20563,ANA,18.0,2.0,4.0,4.0,8.0
905,2010,20563,PHI,18.0,2.0,4.0,5.0,7.0
906,2010,20564,DAL,18.0,1.0,5.0,3.0,9.0
907,2010,20564,VAN,18.0,3.0,3.0,5.0,7.0
908,2010,20565,CGY,18.0,1.0,5.0,3.0,9.0
909,2010,20565,COL,18.0,1.0,5.0,2.0,10.0
910,2010,20566,PIT,18.0,3.0,3.0,6.0,6.0
911,2010,20566,WSH,18.0,3.0,3.0,5.0,7.0
912,2010,20568,OTT,18.0,1.0,5.0,0.0,12.0
913,2010,20568,TOR,18.0,1.0,5.0,2.0,10.0
914,2010,20569,CAR,18.0,2.0,4.0,3.0,9.0
915,2010,20569,NJ,18.0,0.0,6.0,2.0,10.0
916,2010,20570,NYR,18.0,2.0,4.0,3.0,9.0
917,2010,20570,TB,18.0,0.0,6.0,3.0,9.0
918,2010,20571,LA,18.0,3.0,3.0,5.0,7.0
919,2010,20571,SJ,18.0,3.0,3.0,5.0,7.0
920,2010,20572,CGY,18.0,1.0,5.0,3.0,9.0
921,2010,20572,EDM,18.0,0.0,6.0,0.0,12.0
922,2010,20573,ATL,18.0,2.0,4.0,1.0,11.0
923,2010,20573,MTL,18.0,1.0,5.0,4.0,8.0
924,2010,20574,FLA,18.0,1.0,5.0,0.0,12.0
925,2010,20574,NYR,18.0,2.0,4.0,3.0,9.0
926,2010,20575,DET,18.0,3.0,3.0,3.0,9.0
927,2010,20575,PHI,18.0,2.0,4.0,5.0,7.0
928,2010,20576,DAL,18.0,1.0,5.0,3.0,9.0
929,2010,20576,STL,18.0,1.0,5.0,2.0,10.0
930,2010,20577,CBJ,18.0,0.0,6.0,2.0,10.0
931,2010,20577,NSH,18.0,2.0,4.0,3.0,9.0
932,2010,20578,MIN,18.0,1.0,5.0,3.0,9.0
933,2010,20578,PHX,18.0,2.0,4.0,4.0,8.0
934,2010,20579,COL,18.0,1.0,5.0,2.0,10.0
935,2010,20579,VAN,18.0,3.0,3.0,5.0,7.0
936,2010,20580,ANA,18.0,2.0,4.0,4.0,8.0
937,2010,20580,CHI,18.0,2.0,4.0,3.0,9.0
938,2010,20581,BOS,18.0,3.0,3.0,5.0,7.0
939,2010,20581,TOR,18.0,1.0,5.0,2.0,10.0
940,2010,20582,CAR,18.0,2.0,4.0,3.0,9.0
941,2010,20582,FLA,18.0,1.0,5.0,0.0,12.0
942,2010,20584,CHI,18.0,2.0,4.0,4.0,8.0
943,2010,20584,LA,18.0,3.0,3.0,5.0,7.0
944,2010,20585,SJ,18.0,3.0,3.0,5.0,7.0
945,2010,20585,VAN,18.0,3.0,3.0,5.0,7.0
946,2010,20586,MIN,18.0,1.0,5.0,3.0,9.0
947,2010,20586,NJ,18.0,0.0,6.0,2.0,10.0
948,2010,20587,TB,18.0,0.0,6.0,3.0,9.0
949,2010,20587,WSH,18.0,3.0,3.0,5.0,7.0
950,2010,20589,DET,18.0,3.0,3.0,3.0,9.0
951,2010,20589,EDM,18.0,0.0,6.0,0.0,12.0
952,2010,20590,CBJ,18.0,0.0,6.0,2.0,10.0
953,2010,20590,PHX,18.0,2.0,4.0,4.0,8.0
954,2010,20591,CAR,18.0,2.0,4.0,3.0,9.0
955,2010,20591,NYR,18.0,2.0,4.0,3.0,9.0
956,2010,20592,PIT,18.0,3.0,3.0,6.0,6.0
957,2010,20592,TB,18.0,0.0,6.0,3.0,9.0
958,2010,20593,ATL,18.0,2.0,4.0,1.0,11.0
959,2010,20593,FLA,18.0,1.0,5.0,0.0,12.0
960,2010,20595,CGY,18.0,1.0,5.0,3.0,9.0
961,2010,20595,VAN,18.0,3.0,3.0,5.0,7.0
962,2010,20596,ANA,18.0,2.0,4.0,4.0,8.0
963,2010,20596,NSH,18.0,2.0,4.0,3.0,9.0
964,2010,20597,BOS,18.0,3.0,3.0,5.0,7.0
965,2010,20597,MIN,18.0,1.0,5.0,3.0,9.0
966,2010,20598,STL,18.0,1.0,5.0,2.0,10.0
967,2010,20598,TOR,18.0,1.0,5.0,2.0,10.0
968,2010,20599,NJ,18.0,0.0,6.0,2.0,10.0
969,2010,20599,PHI,18.0,2.0,4.0,5.0,7.0
970,2010,20601,COL,18.0,1.0,5.0,2.0,10.0
971,2010,20601,PHX,18.0,2.0,4.0,4.0,8.0
972,2010,20602,EDM,18.0,0.0,6.0,0.0,12.0
973,2010,20602,NYI,18.0,0.0,6.0,1.0,11.0
974,2010,20606,CAR,18.0,2.0,4.0,3.0,9.0
975,2010,20606,FLA,18.0,1.0,5.0,0.0,12.0
976,2010,20607,CHI,18.0,2.0,4.0,4.0,8.0
977,2010,20607,OTT,18.0,1.0,5.0,0.0,12.0
978,2010,20608,DAL,18.0,1.0,5.0,3.0,9.0
979,2010,20608,NYR,18.0,2.0,4.0,3.0,9.0
980,2010,20609,CGY,18.0,1.0,5.0,3.0,9.0
981,2010,20609,DET,18.0,3.0,3.0,3.0,9.0
982,2010,20610,EDM,18.0,0.0,6.0,0.0,12.0
983,2010,20610,VAN,18.0,3.0,3.0,5.0,7.0
984,2010,20611,ANA,18.0,2.0,4.0,4.0,8.0
985,2010,20611,CBJ,18.0,0.0,6.0,2.0,10.0
986,2010,20612,NJ,18.0,0.0,6.0,2.0,10.0
987,2010,20612,PHI,18.0,2.0,4.0,5.0,7.0
988,2010,20613,COL,18.0,1.0,5.0,2.0,10.0
989,2010,20613,NYI,18.0,0.0,6.0,1.0,11.0
990,2010,20614,BOS,18.0,3.0,3.0,4.0,8.0
991,2010,20614,MTL,18.0,1.0,5.0,4.0,8.0
992,2010,20616,MIN,18.0,1.0,5.0,3.0,9.0
993,2010,20616,PIT,18.0,3.0,3.0,5.0,7.0
994,2010,20617,FLA,18.0,1.0,5.0,0.0,12.0
995,2010,20617,WSH,18.0,3.0,3.0,5.0,7.0
996,2010,20618,NYR,18.0,2.0,4.0,3.0,9.0
997,2010,20618,STL,18.0,1.0,5.0,2.0,10.0
998,2010,20620,NSH,18.0,2.0,4.0,3.0,9.0
999,2010,20620,SJ,18.0,3.0,3.0,5.0,7.0
1000,2010,20621,DET,18.0,3.0,3.0,3.0,9.0
1001,2010,20621,VAN,18.0,3.0,3.0,5.0,7.0
1002,2010,20622,CBJ,18.0,0.0,6.0,2.0,10.0
1003,2010,20622,LA,18.0,3.0,3.0,5.0,7.0
1004,2010,20623,ATL,18.0,2.0,4.0,1.0,11.0
1005,2010,20623,CAR,18.0,1.0,5.0,3.0,9.0
1006,2010,20624,NJ,18.0,0.0,6.0,2.0,10.0
1007,2010,20624,TB,18.0,0.0,6.0,3.0,9.0
1008,2010,20625,DAL,18.0,1.0,5.0,3.0,9.0
1009,2010,20625,MIN,18.0,1.0,5.0,3.0,9.0
1010,2010,20626,CHI,18.0,2.0,4.0,4.0,8.0
1011,2010,20626,NYI,18.0,0.0,6.0,1.0,11.0
1012,2010,20627,ANA,18.0,2.0,4.0,4.0,8.0
1013,2010,20627,SJ,18.0,3.0,3.0,5.0,7.0
1014,2010,20628,BOS,18.0,3.0,3.0,4.0,8.0
1015,2010,20628,PIT,18.0,3.0,3.0,5.0,7.0
1016,2010,20629,PHX,18.0,2.0,4.0,4.0,8.0
1017,2010,20629,STL,18.0,1.0,5.0,2.0,10.0
1018,2010,20630,COL,18.0,1.0,5.0,2.0,10.0
1019,2010,20630,DET,18.0,3.0,3.0,3.0,9.0
1020,2010,20631,LA,18.0,3.0,3.0,5.0,7.0
1021,2010,20631,TOR,18.0,1.0,5.0,2.0,10.0
1022,2010,20632,BOS,18.0,3.0,3.0,4.0,8.0
1023,2010,20632,OTT,18.0,1.0,5.0,0.0,12.0
1024,2010,20634,NYI,18.0,0.0,6.0,1.0,11.0
1025,2010,20634,VAN,18.0,3.0,3.0,5.0,7.0
1026,2010,20635,MTL,18.0,1.0,5.0,3.0,9.0
1027,2010,20635,NYR,18.0,2.0,4.0,3.0,9.0
1028,2010,20636,CAR,18.0,1.0,5.0,3.0,9.0
1029,2010,20636,CGY,18.0,1.0,5.0,3.0,9.0
1030,2010,20637,CBJ,18.0,0.0,6.0,2.0,10.0
1031,2010,20637,PHX,18.0,2.0,4.0,4.0,8.0
1032,2010,20638,FLA,18.0,1.0,5.0,0.0,12.0
1033,2010,20638,WSH,18.0,3.0,3.0,4.0,8.0
1034,2010,20639,MIN,18.0,1.0,5.0,3.0,9.0
1035,2010,20639,NSH,18.0,2.0,4.0,3.0,9.0
1036,2010,20640,DAL,18.0,1.0,5.0,3.0,9.0
1037,2010,20640,EDM,18.0,0.0,6.0,0.0,12.0
1038,2010,20642,MTL,18.0,1.0,5.0,3.0,9.0
1039,2010,20642,PIT,18.0,3.0,3.0,5.0,7.0
1040,2010,20643,TB,18.0,0.0,6.0,3.0,9.0
1041,2010,20643,WSH,18.0,3.0,3.0,4.0,8.0
1042,2010,20644,CHI,18.0,2.0,4.0,4.0,8.0
1043,2010,20644,COL,18.0,1.0,5.0,2.0,10.0
1044,2010,20645,ANA,18.0,2.0,4.0,4.0,8.0
1045,2010,20645,STL,18.0,1.0,5.0,2.0,10.0
1046,2010,20646,BOS,18.0,3.0,3.0,4.0,8.0
1047,2010,20646,PHI,18.0,2.0,4.0,5.0,7.0
1048,2010,20647,BUF,18.0,2.0,4.0,3.0,9.0
1049,2010,20647,CAR,18.0,1.0,5.0,3.0,9.0
1050,2010,20648,NYI,18.0,0.0,6.0,1.0,11.0
1051,2010,20648,OTT,18.0,1.0,5.0,0.0,12.0
1052,2010,20649,NYR,18.0,2.0,4.0,3.0,9.0
1053,2010,20649,VAN,18.0,3.0,3.0,5.0,7.0
1054,2010,20650,FLA,18.0,1.0,5.0,0.0,12.0
1055,2010,20650,NSH,18.0,2.0,4.0,3.0,9.0
1056,2010,20652,LA,18.0,3.0,3.0,5.0,7.0
1057,2010,20652,STL,18.0,1.0,5.0,2.0,10.0
1058,2010,20653,EDM,18.0,0.0,6.0,0.0,12.0
1059,2010,20653,SJ,18.0,3.0,3.0,5.0,7.0
1060,2010,20654,VAN,18.0,3.0,3.0,5.0,7.0
1061,2010,20654,WSH,18.0,3.0,3.0,4.0,8.0
1062,2010,20655,CBJ,18.0,0.0,6.0,2.0,10.0
1063,2010,20655,DET,18.0,3.0,3.0,3.0,9.0
1064,2010,20656,CGY,18.0,1.0,5.0,3.0,9.0
1065,2010,20656,OTT,18.0,1.0,5.0,0.0,12.0
1066,2010,20657,ATL,18.0,2.0,4.0,1.0,11.0
1067,2010,20657,PHI,18.0,2.0,4.0,5.0,7.0
1068,2010,20658,NJ,18.0,0.0,6.0,2.0,10.0
1069,2010,20658,TB,18.0,0.0,6.0,3.0,9.0
1070,2010,20659,COL,18.0,1.0,5.0,2.0,10.0
1071,2010,20659,MIN,18.0,1.0,5.0,3.0,9.0
1072,2010,20660,BOS,18.0,3.0,3.0,4.0,8.0
1073,2010,20660,PIT,18.0,3.0,3.0,5.0,7.0
1074,2010,20662,MTL,18.0,1.0,5.0,4.0,8.0
1075,2010,20662,NYR,18.0,2.0,4.0,3.0,9.0
1076,2010,20663,BUF,18.0,2.0,4.0,3.0,9.0
1077,2010,20663,NYI,18.0,0.0,6.0,1.0,11.0
1078,2010,20664,CAR,18.0,1.0,5.0,3.0,9.0
1079,2010,20664,TB,18.0,0.0,6.0,3.0,9.0
1080,2010,20665,FLA,18.0,1.0,5.0,0.0,12.0
1081,2010,20665,NJ,18.0,0.0,6.0,2.0,10.0
1082,2010,20666,CBJ,18.0,0.0,6.0,2.0,10.0
1083,2010,20666,DET,18.0,3.0,3.0,3.0,9.0
1084,2010,20667,CHI,18.0,2.0,4.0,4.0,8.0
1085,2010,20667,NSH,18.0,2.0,4.0,4.0,8.0
1086,2010,20668,ATL,18.0,2.0,4.0,1.0,11.0
1087,2010,20668,DAL,18.0,1.0,5.0,3.0,9.0
1088,2010,20669,ANA,18.0,2.0,4.0,4.0,8.0
1089,2010,20669,PHX,18.0,2.0,4.0,4.0,8.0
1090,2010,20670,EDM,18.0,0.0,6.0,0.0,12.0
1091,2010,20670,LA,18.0,3.0,3.0,5.0,7.0
1092,2010,20672,OTT,18.0,1.0,5.0,0.0,12.0
1093,2010,20672,WSH,18.0,3.0,3.0,4.0,8.0
1094,2010,20673,MIN,18.0,1.0,5.0,3.0,9.0
1095,2010,20673,VAN,18.0,3.0,3.0,5.0,7.0
1096,2010,20674,NYR,18.0,2.0,4.0,3.0,9.0
1097,2010,20674,PHI,18.0,2.0,4.0,5.0,7.0
1098,2010,20675,CHI,18.0,2.0,4.0,4.0,8.0
1099,2010,20675,NSH,18.0,2.0,4.0,4.0,8.0
1100,2010,20676,ANA,18.0,2.0,4.0,4.0,8.0
1101,2010,20676,EDM,18.0,0.0,6.0,0.0,12.0
1102,2010,20677,BOS,18.0,3.0,3.0,5.0,7.0
1103,2010,20677,CAR,18.0,1.0,5.0,3.0,9.0
1104,2010,20680,CGY,18.0,1.0,5.0,3.0,9.0
1105,2010,20680,MTL,18.0,1.0,5.0,4.0,8.0
1106,2010,20681,ATL,18.0,2.0,4.0,1.0,11.0
1107,2010,20681,FLA,18.0,1.0,5.0,0.0,12.0
1108,2010,20682,DAL,18.0,1.0,5.0,3.0,9.0
1109,2010,20682,LA,18.0,3.0,3.0,5.0,7.0
1110,2010,20683,BUF,18.0,2.0,4.0,3.0,9.0
1111,2010,20683,MTL,18.0,1.0,5.0,4.0,8.0
1112,2010,20684,PHI,18.0,2.0,4.0,5.0,7.0
1113,2010,20684,WSH,18.0,3.0,3.0,4.0,8.0
1114,2010,20685,DET,18.0,3.0,3.0,3.0,9.0
1115,2010,20685,PIT,18.0,3.0,3.0,5.0,7.0
1116,2010,20686,BOS,18.0,3.0,3.0,5.0,7.0
1117,2010,20686,CAR,18.0,1.0,5.0,3.0,9.0
1118,2010,20688,CBJ,18.0,0.0,6.0,2.0,10.0
1119,2010,20688,TB,18.0,0.0,6.0,3.0,9.0
1120,2010,20689,LA,18.0,3.0,3.0,5.0,7.0
1121,2010,20689,STL,18.0,1.0,5.0,2.0,10.0
1122,2010,20690,COL,18.0,1.0,5.0,2.0,10.0
1123,2010,20690,VAN,18.0,3.0,3.0,5.0,7.0
1124,2010,20691,EDM,18.0,0.0,6.0,0.0,12.0
1125,2010,20691,MIN,18.0,1.0,5.0,3.0,9.0
1126,2010,20692,NSH,18.0,2.0,4.0,4.0,8.0
1127,2010,20692,PHX,18.0,2.0,4.0,4.0,8.0
1128,2010,20693,NYR,18.0,2.0,4.0,2.0,10.0
1129,2010,20693,TOR,18.0,1.0,5.0,2.0,10.0
1130,2010,20694,CBJ,18.0,0.0,6.0,2.0,10.0
1131,2010,20694,FLA,18.0,1.0,5.0,0.0,12.0
1132,2010,20695,CGY,18.0,1.0,5.0,3.0,9.0
1133,2010,20695,MIN,18.0,1.0,5.0,3.0,9.0
1134,2010,20697,ANA,18.0,2.0,4.0,4.0,8.0
1135,2010,20697,TOR,18.0,1.0,5.0,2.0,10.0
1136,2010,20698,NJ,18.0,0.0,6.0,2.0,10.0
1137,2010,20698,PIT,18.0,3.0,3.0,4.0,8.0
1138,2010,20699,NYI,18.0,0.0,6.0,1.0,11.0
1139,2010,20699,WSH,18.0,3.0,3.0,4.0,8.0
1140,2010,20701,CAR,18.0,1.0,5.0,3.0,9.0
1141,2010,20701,NYR,18.0,2.0,4.0,2.0,10.0
1142,2010,20702,ATL,18.0,2.0,4.0,1.0,11.0
1143,2010,20702,TB,18.0,0.0,6.0,3.0,9.0
1144,2010,20703,DET,18.0,3.0,3.0,3.0,9.0
1145,2010,20703,STL,18.0,1.0,5.0,2.0,10.0
1146,2010,20704,COL,18.0,1.0,5.0,2.0,10.0
1147,2010,20704,NSH,18.0,2.0,4.0,4.0,8.0
1148,2010,20705,DAL,18.0,1.0,5.0,3.0,9.0
1149,2010,20705,EDM,18.0,0.0,6.0,0.0,12.0
1150,2010,20706,SJ,18.0,3.0,3.0,5.0,7.0
1151,2010,20706,VAN,18.0,3.0,3.0,5.0,7.0
1152,2010,20709,MTL,18.0,1.0,5.0,3.0,9.0
1153,2010,20709,OTT,18.0,1.0,5.0,0.0,12.0
1154,2010,20711,CGY,18.0,1.0,5.0,3.0,9.0
1155,2010,20711,DAL,18.0,1.0,5.0,2.0,10.0
1156,2010,20713,CHI,18.0,2.0,4.0,4.0,8.0
1157,2010,20713,DET,18.0,3.0,3.0,3.0,9.0
1158,2010,20714,BOS,18.0,3.0,3.0,5.0,7.0
1159,2010,20714,COL,18.0,1.0,5.0,2.0,10.0
1160,2010,20715,TOR,18.0,1.0,5.0,2.0,10.0
1161,2010,20715,WSH,18.0,3.0,3.0,4.0,8.0
1162,2010,20716,ANA,18.0,2.0,4.0,4.0,8.0
1163,2010,20716,MTL,18.0,1.0,5.0,3.0,9.0
1164,2010,20717,CAR,18.0,1.0,5.0,3.0,9.0
1165,2010,20717,PIT,18.0,3.0,3.0,4.0,8.0
1166,2010,20718,ATL,18.0,2.0,4.0,1.0,11.0
1167,2010,20718,NYR,18.0,2.0,4.0,2.0,10.0
1168,2010,20719,CBJ,18.0,0.0,6.0,2.0,10.0
1169,2010,20719,STL,18.0,1.0,5.0,2.0,10.0
1170,2010,20720,LA,18.0,3.0,3.0,5.0,7.0
1171,2010,20720,PHX,18.0,2.0,4.0,4.0,8.0
1172,2010,20721,CGY,18.0,1.0,5.0,3.0,9.0
1173,2010,20721,VAN,18.0,3.0,3.0,5.0,7.0
1174,2010,20722,MIN,18.0,1.0,5.0,3.0,9.0
1175,2010,20722,SJ,18.0,3.0,3.0,5.0,7.0
1176,2010,20725,CHI,18.0,2.0,4.0,4.0,8.0
1177,2010,20725,PHI,18.0,3.0,3.0,5.0,7.0
1178,2010,20726,ATL,18.0,1.0,5.0,0.0,12.0
1179,2010,20726,TB,18.0,0.0,6.0,3.0,9.0
1180,2010,20727,EDM,18.0,0.0,6.0,0.0,12.0
1181,2010,20727,NSH,18.0,2.0,4.0,4.0,8.0
1182,2010,20728,NYR,18.0,1.0,5.0,2.0,10.0
1183,2010,20728,WSH,18.0,3.0,3.0,4.0,8.0
1184,2010,20729,CAR,18.0,1.0,5.0,3.0,9.0
1185,2010,20729,TOR,18.0,1.0,5.0,2.0,10.0
1186,2010,20730,CGY,18.0,1.0,5.0,3.0,9.0
1187,2010,20730,NSH,18.0,2.0,4.0,4.0,8.0
1188,2010,20731,COL,18.0,1.0,5.0,2.0,10.0
1189,2010,20731,STL,18.0,1.0,5.0,2.0,10.0
1190,2010,20732,DAL,18.0,1.0,5.0,3.0,9.0
1191,2010,20732,VAN,18.0,3.0,3.0,5.0,7.0
1192,2010,20733,BOS,18.0,3.0,3.0,5.0,7.0
1193,2010,20733,LA,18.0,3.0,3.0,5.0,7.0
1194,2010,20734,FLA,18.0,1.0,5.0,0.0,12.0
1195,2010,20734,NYR,18.0,1.0,5.0,2.0,10.0
1196,2010,20735,MTL,18.0,1.0,5.0,3.0,9.0
1197,2010,20735,PHI,18.0,3.0,3.0,5.0,7.0
1198,2010,20736,NYI,18.0,0.0,6.0,1.0,11.0
1199,2010,20736,PIT,18.0,3.0,3.0,4.0,8.0
1200,2010,20737,ANA,18.0,2.0,4.0,4.0,8.0
1201,2010,20737,CBJ,18.0,0.0,6.0,2.0,10.0
1202,2010,20738,BUF,18.0,2.0,4.0,3.0,9.0
1203,2010,20738,OTT,18.0,1.0,5.0,0.0,12.0
1204,2010,20740,CHI,18.0,2.0,4.0,3.0,9.0
1205,2010,20740,MIN,18.0,1.0,5.0,3.0,9.0
1206,2010,20741,EDM,18.0,0.0,6.0,0.0,12.0
1207,2010,20741,PHX,18.0,2.0,4.0,4.0,8.0
1208,2010,20742,BOS,18.0,3.0,3.0,5.0,7.0
1209,2010,20742,FLA,18.0,1.0,5.0,0.0,12.0
1210,2010,20743,CAR,18.0,1.0,5.0,3.0,9.0
1211,2010,20743,NYI,18.0,0.0,6.0,1.0,11.0
1212,2010,20744,ATL,18.0,1.0,5.0,1.0,11.0
1213,2010,20744,WSH,18.0,3.0,3.0,4.0,8.0
1214,2010,20745,DET,18.0,3.0,3.0,3.0,9.0
1215,2010,20745,NJ,18.0,0.0,6.0,2.0,10.0
1216,2010,20746,DAL,18.0,1.0,5.0,3.0,9.0
1217,2010,20746,EDM,18.0,0.0,6.0,0.0,12.0
1218,2010,20747,COL,18.0,1.0,5.0,2.0,10.0
1219,2010,20747,PHX,18.0,2.0,4.0,4.0,8.0
1220,2010,20748,CGY,18.0,1.0,5.0,3.0,9.0
1221,2010,20748,STL,18.0,1.0,5.0,2.0,10.0
1222,2010,20749,NSH,18.0,2.0,4.0,4.0,8.0
1223,2010,20749,VAN,18.0,2.0,4.0,5.0,7.0
1224,2010,20750,LA,18.0,3.0,3.0,5.0,7.0
1225,2010,20750,SJ,18.0,3.0,3.0,6.0,6.0
1226,2010,20751,FLA,18.0,1.0,5.0,0.0,12.0
1227,2010,20751,TOR,18.0,1.0,5.0,2.0,10.0
1228,2010,20753,NYR,18.0,2.0,4.0,4.0,8.0
1229,2010,20753,PIT,18.0,3.0,3.0,4.0,8.0
1230,2010,20754,MTL,18.0,1.0,5.0,3.0,9.0
1231,2010,20754,WSH,18.0,3.0,3.0,4.0,8.0
1232,2010,20755,BOS,18.0,3.0,3.0,5.0,7.0
1233,2010,20755,CAR,18.0,1.0,5.0,3.0,9.0
1234,2010,20756,ATL,18.0,1.0,5.0,1.0,11.0
1235,2010,20756,NYI,18.0,0.0,6.0,1.0,11.0
1236,2010,20757,CBJ,18.0,0.0,6.0,2.0,10.0
1237,2010,20757,CHI,18.0,2.0,4.0,4.0,8.0
1238,2010,20759,COL,18.0,1.0,5.0,2.0,10.0
1239,2010,20759,STL,18.0,1.0,5.0,3.0,9.0
1240,2010,20760,CGY,18.0,1.0,5.0,3.0,9.0
1241,2010,20760,NSH,18.0,2.0,4.0,4.0,8.0
1242,2010,20761,LA,18.0,3.0,3.0,5.0,7.0
1243,2010,20761,MIN,18.0,1.0,5.0,3.0,9.0
1244,2010,20762,DAL,18.0,1.0,5.0,3.0,9.0
1245,2010,20762,VAN,18.0,2.0,4.0,5.0,7.0
1246,2010,20764,DET,18.0,3.0,3.0,4.0,8.0
1247,2010,20764,OTT,18.0,1.0,5.0,0.0,12.0
1248,2010,20765,NYI,18.0,0.0,6.0,1.0,11.0
1249,2010,20765,PIT,18.0,3.0,3.0,4.0,8.0
1250,2010,20766,FLA,18.0,1.0,5.0,0.0,12.0
1251,2010,20766,MTL,18.0,1.0,5.0,3.0,9.0
1252,2010,20767,PHX,18.0,2.0,4.0,4.0,8.0
1253,2010,20767,VAN,18.0,2.0,4.0,5.0,7.0
1254,2010,20768,EDM,18.0,0.0,6.0,0.0,12.0
1255,2010,20768,LA,18.0,3.0,3.0,5.0,7.0
1256,2010,20769,ANA,18.0,2.0,4.0,4.0,8.0
1257,2010,20769,SJ,18.0,3.0,3.0,5.0,7.0
1258,2010,20770,BOS,18.0,3.0,3.0,5.0,7.0
1259,2010,20770,DAL,18.0,1.0,5.0,3.0,9.0
1260,2010,20771,CAR,18.0,1.0,5.0,3.0,9.0
1261,2010,20771,TOR,18.0,1.0,5.0,2.0,10.0
1262,2010,20772,NJ,18.0,0.0,6.0,2.0,10.0
1263,2010,20772,NYR,18.0,2.0,4.0,4.0,8.0
1264,2010,20773,NSH,18.0,2.0,4.0,4.0,8.0
1265,2010,20773,PHI,18.0,3.0,3.0,5.0,7.0
1266,2010,20776,FLA,18.0,1.0,5.0,0.0,12.0
1267,2010,20776,NJ,18.0,0.0,6.0,2.0,10.0
1268,2010,20777,BUF,18.0,2.0,4.0,3.0,9.0
1269,2010,20777,PIT,18.0,3.0,3.0,5.0,7.0
1270,2010,20778,CBJ,18.0,0.0,6.0,2.0,10.0
1271,2010,20778,DET,18.0,3.0,3.0,4.0,8.0
1272,2010,20780,EDM,18.0,0.0,6.0,0.0,12.0
1273,2010,20780,STL,18.0,1.0,5.0,3.0,9.0
1274,2010,20781,CHI,18.0,2.0,4.0,4.0,8.0
1275,2010,20781,VAN,18.0,2.0,4.0,5.0,7.0
1276,2010,20782,BOS,18.0,3.0,3.0,5.0,7.0
1277,2010,20782,SJ,18.0,3.0,3.0,6.0,6.0
1278,2010,20783,MTL,18.0,1.0,5.0,3.0,9.0
1279,2010,20783,NYR,18.0,2.0,4.0,4.0,8.0
1280,2010,20784,ANA,18.0,2.0,4.0,4.0,8.0
1281,2010,20784,COL,18.0,1.0,5.0,2.0,10.0
1282,2010,20785,BUF,18.0,2.0,4.0,3.0,9.0
1283,2010,20785,TOR,18.0,1.0,5.0,2.0,10.0
1284,2010,20786,NYI,18.0,0.0,6.0,1.0,11.0
1285,2010,20786,OTT,18.0,1.0,5.0,1.0,11.0
1286,2010,20788,ATL,18.0,1.0,5.0,1.0,11.0
1287,2010,20788,CAR,18.0,1.0,5.0,3.0,9.0
1288,2010,20789,CBJ,18.0,0.0,6.0,2.0,10.0
1289,2010,20789,EDM,18.0,0.0,6.0,0.0,12.0
1290,2010,20790,DET,18.0,3.0,3.0,4.0,8.0
1291,2010,20790,NSH,18.0,2.0,4.0,4.0,8.0
1292,2010,20791,MIN,18.0,1.0,5.0,3.0,9.0
1293,2010,20791,PHX,18.0,2.0,4.0,4.0,8.0
1294,2010,20792,CGY,18.0,1.0,5.0,3.0,9.0
1295,2010,20792,LA,18.0,3.0,3.0,5.0,7.0
1296,2010,20793,PIT,18.0,3.0,3.0,4.0,8.0
1297,2010,20793,WSH,18.0,3.0,3.0,4.0,8.0
1298,2010,20794,MTL,18.0,1.0,5.0,3.0,9.0
1299,2010,20794,NJ,18.0,0.0,6.0,2.0,10.0
1300,2010,20796,ATL,18.0,1.0,5.0,1.0,11.0
1301,2010,20796,TOR,18.0,1.0,5.0,2.0,10.0
1302,2010,20797,DET,18.0,3.0,3.0,5.0,7.0
1303,2010,20797,NYR,18.0,2.0,4.0,4.0,8.0
1304,2010,20798,EDM,18.0,0.0,6.0,0.0,12.0
1305,2010,20798,NSH,18.0,2.0,4.0,4.0,8.0
1306,2010,20799,CGY,18.0,1.0,5.0,3.0,9.0
1307,2010,20799,CHI,18.0,2.0,4.0,4.0,8.0
1308,2010,20800,COL,18.0,1.0,5.0,2.0,10.0
1309,2010,20800,PHX,18.0,2.0,4.0,4.0,8.0
1310,2010,20801,OTT,18.0,1.0,5.0,1.0,11.0
1311,2010,20801,VAN,18.0,2.0,4.0,5.0,7.0
1312,2010,20802,CAR,18.0,1.0,5.0,3.0,9.0
1313,2010,20802,NJ,18.0,0.0,6.0,2.0,10.0
1314,2010,20803,NYI,18.0,0.0,6.0,1.0,11.0
1315,2010,20803,TOR,18.0,1.0,5.0,2.0,10.0
1316,2010,20804,CBJ,18.0,0.0,6.0,2.0,10.0
1317,2010,20804,PIT,18.0,3.0,3.0,3.0,9.0
1318,2010,20805,SJ,18.0,3.0,3.0,6.0,6.0
1319,2010,20805,WSH,18.0,2.0,4.0,5.0,7.0
1320,2010,20807,FLA,18.0,1.0,5.0,0.0,12.0
1321,2010,20807,STL,18.0,1.0,5.0,3.0,9.0
1322,2010,20808,BOS,18.0,3.0,3.0,5.0,7.0
1323,2010,20808,MTL,18.0,1.0,5.0,3.0,9.0
1324,2010,20809,DET,18.0,3.0,3.0,5.0,7.0
1325,2010,20809,NSH,18.0,2.0,4.0,4.0,8.0
1326,2010,20810,CBJ,18.0,0.0,6.0,2.0,10.0
1327,2010,20810,SJ,18.0,3.0,3.0,6.0,6.0
1328,2010,20811,COL,18.0,1.0,5.0,2.0,10.0
1329,2010,20811,MIN,18.0,1.0,5.0,3.0,9.0
1330,2010,20812,DAL,18.0,1.0,5.0,3.0,9.0
1331,2010,20812,PHX,18.0,2.0,4.0,4.0,8.0
1332,2010,20813,CGY,18.0,1.0,5.0,2.0,10.0
1333,2010,20813,OTT,18.0,1.0,5.0,1.0,11.0
1334,2010,20814,CHI,18.0,2.0,4.0,4.0,8.0
1335,2010,20814,EDM,18.0,0.0,6.0,0.0,12.0
1336,2010,20815,ANA,18.0,2.0,4.0,5.0,7.0
1337,2010,20815,VAN,18.0,2.0,4.0,5.0,7.0
1338,2010,20816,NJ,18.0,0.0,6.0,2.0,10.0
1339,2010,20816,TOR,18.0,1.0,5.0,2.0,10.0
1340,2010,20817,CAR,18.0,2.0,4.0,3.0,9.0
1341,2010,20817,PHI,18.0,3.0,3.0,5.0,7.0
1342,2010,20818,LA,18.0,3.0,3.0,5.0,7.0
1343,2010,20818,PIT,18.0,3.0,3.0,3.0,9.0
1344,2010,20819,MTL,18.0,1.0,5.0,3.0,9.0
1345,2010,20819,NYI,18.0,0.0,6.0,1.0,11.0
1346,2010,20820,BUF,18.0,2.0,4.0,3.0,9.0
1347,2010,20820,FLA,18.0,1.0,5.0,0.0,12.0
1348,2010,20821,BOS,18.0,3.0,3.0,5.0,7.0
1349,2010,20821,DET,18.0,3.0,3.0,5.0,7.0
1350,2010,20822,NJ,18.0,0.0,6.0,2.0,10.0
1351,2010,20822,SJ,18.0,3.0,3.0,6.0,6.0
1352,2010,20823,NYI,18.0,0.0,6.0,1.0,11.0
1353,2010,20823,PIT,18.0,3.0,3.0,3.0,9.0
1354,2010,20824,CBJ,18.0,0.0,6.0,2.0,10.0
1355,2010,20824,COL,18.0,1.0,5.0,2.0,10.0
1356,2010,20825,ATL,18.0,2.0,4.0,1.0,11.0
1357,2010,20825,NYR,18.0,2.0,4.0,4.0,8.0
1358,2010,20827,CHI,18.0,2.0,4.0,3.0,9.0
1359,2010,20827,DAL,18.0,1.0,5.0,3.0,9.0
1360,2010,20829,LA,18.0,3.0,3.0,5.0,7.0
1361,2010,20829,WSH,18.0,3.0,3.0,5.0,7.0
1362,2010,20830,EDM,18.0,0.0,6.0,0.0,12.0
1363,2010,20830,OTT,18.0,1.0,5.0,1.0,11.0
1364,2010,20831,MTL,18.0,1.0,5.0,3.0,9.0
1365,2010,20831,TOR,18.0,1.0,5.0,2.0,10.0
1366,2010,20833,COL,18.0,1.0,5.0,2.0,10.0
1367,2010,20833,NSH,18.0,2.0,4.0,4.0,8.0
1368,2010,20834,CHI,18.0,2.0,4.0,4.0,8.0
1369,2010,20834,PHX,18.0,2.0,4.0,4.0,8.0
1370,2010,20836,CGY,18.0,1.0,5.0,2.0,10.0
1371,2010,20836,VAN,18.0,1.0,5.0,5.0,7.0
1372,2010,20837,BUF,18.0,2.0,4.0,3.0,9.0
1373,2010,20837,NYI,18.0,0.0,6.0,1.0,11.0
1374,2010,20838,NYR,18.0,2.0,4.0,4.0,8.0
1375,2010,20838,PIT,18.0,3.0,3.0,3.0,9.0
1376,2010,20839,CBJ,18.0,0.0,6.0,2.0,10.0
1377,2010,20839,DAL,18.0,1.0,5.0,3.0,9.0
1378,2010,20840,ATL,18.0,2.0,4.0,1.0,11.0
1379,2010,20840,CAR,18.0,1.0,5.0,3.0,9.0
1380,2010,20841,FLA,18.0,1.0,5.0,0.0,12.0
1381,2010,20841,SJ,18.0,3.0,3.0,6.0,6.0
1382,2010,20842,BOS,18.0,3.0,3.0,5.0,7.0
1383,2010,20842,DET,18.0,3.0,3.0,5.0,7.0
1384,2010,20843,LA,18.0,3.0,3.0,5.0,7.0
1385,2010,20843,PHI,18.0,3.0,3.0,5.0,7.0
1386,2010,20846,CGY,18.0,1.0,5.0,3.0,9.0
1387,2010,20846,COL,18.0,1.0,5.0,2.0,10.0
1388,2010,20847,PHX,18.0,2.0,4.0,4.0,8.0
1389,2010,20847,WSH,18.0,2.0,4.0,5.0,7.0
1390,2010,20848,BOS,18.0,2.0,4.0,5.0,7.0
1391,2010,20848,TOR,18.0,1.0,5.0,2.0,10.0
1392,2010,20849,BUF,18.0,2.0,4.0,3.0,9.0
1393,2010,20849,MTL,18.0,1.0,5.0,3.0,9.0
1394,2010,20850,NYI,18.0,0.0,6.0,1.0,11.0
1395,2010,20850,OTT,18.0,1.0,5.0,1.0,11.0
1396,2010,20852,NSH,18.0,2.0,4.0,4.0,8.0
1397,2010,20852,SJ,18.0,3.0,3.0,6.0,6.0
1398,2010,20853,MIN,18.0,1.0,5.0,3.0,9.0
1399,2010,20853,VAN,18.0,1.0,5.0,5.0,7.0
1400,2010,20854,DAL,18.0,1.0,5.0,2.0,10.0
1401,2010,20854,EDM,18.0,0.0,6.0,0.0,12.0
1402,2010,20855,BUF,18.0,2.0,4.0,3.0,9.0
1403,2010,20855,TOR,18.0,1.0,5.0,2.0,10.0
1404,2010,20856,CAR,18.0,2.0,4.0,3.0,9.0
1405,2010,20856,NJ,18.0,0.0,6.0,2.0,10.0
1406,2010,20857,CBJ,18.0,0.0,6.0,2.0,10.0
1407,2010,20857,LA,18.0,3.0,3.0,5.0,7.0
1408,2010,20859,CHI,18.0,2.0,4.0,4.0,8.0
1409,2010,20859,MIN,18.0,1.0,5.0,3.0,9.0
1410,2010,20860,COL,18.0,1.0,5.0,1.0,11.0
1411,2010,20860,PIT,18.0,3.0,3.0,3.0,9.0
1412,2010,20861,CGY,18.0,1.0,5.0,3.0,9.0
1413,2010,20861,DAL,18.0,1.0,5.0,2.0,10.0
1414,2010,20863,BOS,18.0,3.0,3.0,5.0,7.0
1415,2010,20863,NYI,18.0,0.0,6.0,1.0,11.0
1416,2010,20864,LA,18.0,3.0,3.0,5.0,7.0
1417,2010,20864,NYR,18.0,2.0,4.0,4.0,8.0
1418,2010,20866,NSH,18.0,2.0,4.0,4.0,8.0
1419,2010,20866,VAN,18.0,1.0,5.0,5.0,7.0
1420,2010,20867,EDM,18.0,0.0,6.0,0.0,12.0
1421,2010,20867,MTL,18.0,1.0,5.0,3.0,9.0
1422,2010,20868,ATL,18.0,2.0,4.0,1.0,11.0
1423,2010,20868,PHX,18.0,1.0,5.0,4.0,8.0
1424,2010,20869,SJ,18.0,3.0,3.0,6.0,6.0
1425,2010,20869,WSH,18.0,2.0,4.0,5.0,7.0
1426,2010,20870,NJ,18.0,0.0,6.0,2.0,10.0
1427,2010,20870,NYR,18.0,2.0,4.0,4.0,8.0
1428,2010,20871,CAR,18.0,2.0,4.0,3.0,9.0
1429,2010,20871,PHI,18.0,3.0,3.0,4.0,8.0
1430,2010,20872,BUF,18.0,2.0,4.0,3.0,9.0
1431,2010,20872,STL,18.0,1.0,5.0,3.0,9.0
1432,2010,20873,BOS,18.0,2.0,4.0,5.0,7.0
1433,2010,20873,OTT,18.0,1.0,5.0,1.0,11.0
1434,2010,20874,DET,18.0,3.0,3.0,5.0,7.0
1435,2010,20874,FLA,18.0,1.0,5.0,0.0,12.0
1436,2010,20876,CBJ,18.0,0.0,6.0,2.0,10.0
1437,2010,20876,CHI,18.0,2.0,4.0,4.0,8.0
1438,2010,20878,OTT,18.0,1.0,5.0,1.0,11.0
1439,2010,20878,TOR,18.0,0.0,6.0,2.0,10.0
1440,2010,20879,LA,18.0,3.0,3.0,5.0,7.0
1441,2010,20879,NYI,18.0,0.0,6.0,1.0,11.0
1442,2010,20880,CAR,18.0,2.0,4.0,3.0,9.0
1443,2010,20880,NJ,18.0,0.0,6.0,2.0,10.0
1444,2010,20883,NSH,18.0,2.0,4.0,4.0,8.0
1445,2010,20883,PHX,18.0,1.0,5.0,4.0,8.0
1446,2010,20884,DAL,18.0,1.0,5.0,2.0,10.0
1447,2010,20884,VAN,18.0,1.0,5.0,5.0,7.0
1448,2010,20885,COL,18.0,1.0,5.0,1.0,11.0
1449,2010,20885,SJ,18.0,2.0,4.0,6.0,6.0
1450,2010,20886,BUF,18.0,2.0,4.0,3.0,9.0
1451,2010,20886,WSH,18.0,2.0,4.0,5.0,7.0
1452,2010,20887,NYR,18.0,2.0,4.0,4.0,8.0
1453,2010,20887,PHI,18.0,3.0,3.0,5.0,7.0
1454,2010,20888,CHI,18.0,2.0,4.0,4.0,8.0
1455,2010,20888,PIT,18.0,3.0,3.0,3.0,9.0
1456,2010,20890,CGY,18.0,1.0,5.0,3.0,9.0
1457,2010,20890,MTL,18.0,1.0,5.0,4.0,8.0
1458,2010,20891,FLA,18.0,1.0,5.0,0.0,12.0
1459,2010,20891,NYI,18.0,0.0,6.0,1.0,11.0
1460,2010,20892,CHI,18.0,2.0,4.0,4.0,8.0
1461,2010,20892,STL,18.0,1.0,5.0,3.0,9.0
1462,2010,20893,PIT,18.0,2.0,4.0,3.0,9.0
1463,2010,20893,WSH,18.0,2.0,4.0,5.0,7.0
1464,2010,20894,NYI,18.0,0.0,6.0,1.0,11.0
1465,2010,20894,TOR,18.0,0.0,6.0,2.0,10.0
1466,2010,20895,PHI,18.0,3.0,3.0,5.0,7.0
1467,2010,20895,PHX,18.0,1.0,5.0,3.0,9.0
1468,2010,20896,CAR,18.0,2.0,4.0,3.0,9.0
1469,2010,20896,NYR,18.0,2.0,4.0,3.0,9.0
1470,2010,20897,DET,18.0,3.0,3.0,5.0,7.0
1471,2010,20897,SJ,18.0,3.0,3.0,6.0,6.0
1472,2010,20898,CBJ,18.0,0.0,6.0,2.0,10.0
1473,2010,20898,NSH,18.0,1.0,5.0,3.0,9.0
1474,2010,20900,DAL,18.0,1.0,5.0,2.0,10.0
1475,2010,20900,NJ,18.0,0.0,6.0,2.0,10.0
1476,2010,20901,MTL,18.0,1.0,5.0,4.0,8.0
1477,2010,20901,VAN,18.0,2.0,4.0,5.0,7.0
1478,2010,20902,ATL,18.0,2.0,4.0,1.0,11.0
1479,2010,20902,BUF,18.0,2.0,4.0,3.0,9.0
1480,2010,20903,FLA,18.0,1.0,5.0,0.0,12.0
1481,2010,20903,OTT,18.0,0.0,6.0,1.0,11.0
1482,2010,20904,PIT,18.0,2.0,4.0,3.0,9.0
1483,2010,20904,SJ,18.0,3.0,3.0,6.0,6.0
1484,2010,20906,BOS,18.0,3.0,3.0,5.0,7.0
1485,2010,20906,CGY,18.0,1.0,5.0,3.0,9.0
1486,2010,20907,COL,18.0,1.0,5.0,2.0,10.0
1487,2010,20907,EDM,18.0,0.0,6.0,0.0,12.0
1488,2010,20909,NYI,18.0,0.0,6.0,1.0,11.0
1489,2010,20909,PHI,18.0,3.0,3.0,5.0,7.0
1490,2010,20910,DAL,18.0,1.0,5.0,2.0,10.0
1491,2010,20910,DET,18.0,3.0,3.0,5.0,7.0
1492,2010,20911,MTL,18.0,1.0,5.0,4.0,8.0
1493,2010,20911,TOR,18.0,0.0,6.0,2.0,10.0
1494,2010,20912,CHI,18.0,2.0,4.0,4.0,8.0
1495,2010,20912,NSH,18.0,2.0,4.0,4.0,8.0
1496,2010,20913,STL,18.0,1.0,5.0,3.0,9.0
1497,2010,20913,VAN,18.0,2.0,4.0,5.0,7.0
1498,2010,20914,LA,18.0,2.0,4.0,5.0,7.0
1499,2010,20914,MIN,18.0,1.0,5.0,2.0,10.0
1500,2010,20915,NYR,18.0,1.0,5.0,3.0,9.0
1501,2010,20915,WSH,18.0,3.0,3.0,5.0,7.0
1502,2010,20916,CAR,18.0,1.0,5.0,3.0,9.0
1503,2010,20916,PIT,18.0,2.0,4.0,3.0,9.0
1504,2010,20918,BUF,18.0,2.0,4.0,3.0,9.0
1505,2010,20918,OTT,18.0,1.0,5.0,1.0,11.0
1506,2010,20919,ATL,18.0,2.0,4.0,1.0,11.0
1507,2010,20919,FLA,18.0,0.0,6.0,0.0,12.0
1508,2010,20921,CGY,18.0,1.0,5.0,3.0,9.0
1509,2010,20921,SJ,18.0,2.0,4.0,6.0,6.0
1510,2010,20922,EDM,18.0,0.0,6.0,0.0,12.0
1511,2010,20922,STL,18.0,1.0,5.0,3.0,9.0
1512,2010,20923,ANA,18.0,2.0,4.0,4.0,8.0
1513,2010,20923,MIN,18.0,1.0,5.0,2.0,10.0
1514,2010,20924,DAL,18.0,1.0,5.0,2.0,10.0
1515,2010,20924,NSH,18.0,2.0,4.0,4.0,8.0
1516,2010,20925,COL,18.0,1.0,5.0,2.0,10.0
1517,2010,20925,LA,18.0,3.0,3.0,5.0,7.0
1518,2010,20926,BUF,18.0,1.0,5.0,3.0,9.0
1519,2010,20926,DET,18.0,2.0,4.0,5.0,7.0
1520,2010,20927,PIT,18.0,2.0,4.0,2.0,10.0
1521,2010,20927,TOR,18.0,0.0,6.0,2.0,10.0
1522,2010,20928,CAR,18.0,2.0,4.0,2.0,10.0
1523,2010,20928,MTL,18.0,1.0,5.0,4.0,8.0
1524,2010,20929,OTT,18.0,1.0,5.0,1.0,11.0
1525,2010,20929,PHI,18.0,2.0,4.0,5.0,7.0
1526,2010,20930,NYI,18.0,0.0,6.0,1.0,11.0
1527,2010,20930,WSH,18.0,2.0,4.0,5.0,7.0
1528,2010,20931,BOS,18.0,3.0,3.0,5.0,7.0
1529,2010,20931,VAN,18.0,2.0,4.0,5.0,7.0
1530,2010,20933,CBJ,18.0,0.0,6.0,2.0,10.0
1531,2010,20933,NSH,18.0,2.0,4.0,4.0,8.0
1532,2010,20934,ATL,18.0,2.0,4.0,1.0,11.0
1533,2010,20934,TOR,18.0,0.0,6.0,2.0,10.0
1534,2010,20935,FLA,18.0,1.0,5.0,0.0,12.0
1535,2010,20935,NJ,18.0,0.0,6.0,2.0,10.0
1536,2010,20936,CHI,18.0,2.0,4.0,4.0,8.0
1537,2010,20936,PHX,18.0,2.0,4.0,4.0,8.0
1538,2010,20937,CGY,18.0,1.0,5.0,3.0,9.0
1539,2010,20937,STL,18.0,1.0,5.0,3.0,9.0
1540,2010,20938,BOS,18.0,3.0,3.0,5.0,7.0
1541,2010,20938,EDM,18.0,0.0,6.0,0.0,12.0
1542,2010,20942,BUF,18.0,1.0,5.0,3.0,9.0
1543,2010,20942,NYR,18.0,1.0,5.0,3.0,9.0
1544,2010,20943,NYI,18.0,0.0,6.0,1.0,11.0
1545,2010,20943,WSH,18.0,2.0,4.0,5.0,7.0
1546,2010,20944,CAR,18.0,1.0,5.0,3.0,9.0
1547,2010,20944,FLA,18.0,0.0,6.0,0.0,12.0
1548,2010,20945,ATL,18.0,2.0,4.0,1.0,11.0
1549,2010,20945,MTL,18.0,1.0,5.0,4.0,8.0
1550,2010,20946,BOS,18.0,3.0,3.0,5.0,7.0
1551,2010,20946,OTT,18.0,1.0,5.0,1.0,11.0
1552,2010,20947,CGY,18.0,1.0,5.0,3.0,9.0
1553,2010,20947,STL,18.0,1.0,5.0,3.0,9.0
1554,2010,20948,EDM,18.0,0.0,6.0,0.0,12.0
1555,2010,20948,NSH,18.0,2.0,4.0,4.0,8.0
1556,2010,20949,DAL,18.0,1.0,5.0,2.0,10.0
1557,2010,20949,PHX,18.0,2.0,4.0,4.0,8.0
1558,2010,20950,CBJ,18.0,0.0,6.0,2.0,10.0
1559,2010,20950,VAN,18.0,2.0,4.0,5.0,7.0
1560,2010,20951,COL,18.0,1.0,5.0,2.0,10.0
1561,2010,20951,SJ,18.0,2.0,4.0,6.0,6.0
1562,2010,20952,PIT,18.0,2.0,4.0,3.0,9.0
1563,2010,20952,TOR,18.0,0.0,6.0,2.0,10.0
1564,2010,20954,MIN,18.0,1.0,5.0,2.0,10.0
1565,2010,20954,NYI,18.0,0.0,6.0,1.0,11.0
1566,2010,20955,CGY,18.0,1.0,5.0,3.0,9.0
1567,2010,20955,CHI,18.0,2.0,4.0,4.0,8.0
1568,2010,20957,BOS,18.0,3.0,3.0,5.0,7.0
1569,2010,20957,TB,18.0,0.0,6.0,2.0,10.0
1570,2010,20958,MIN,18.0,1.0,5.0,2.0,10.0
1571,2010,20958,NYR,18.0,2.0,4.0,3.0,9.0
1572,2010,20959,PHI,18.0,3.0,3.0,4.0,8.0
1573,2010,20959,TOR,18.0,0.0,6.0,2.0,10.0
1574,2010,20960,STL,18.0,1.0,5.0,3.0,9.0
1575,2010,20960,WSH,18.0,2.0,4.0,5.0,7.0
1576,2010,20961,BUF,18.0,1.0,5.0,3.0,9.0
1577,2010,20961,CAR,18.0,1.0,5.0,3.0,9.0
1578,2010,20962,ATL,18.0,2.0,4.0,1.0,11.0
1579,2010,20962,OTT,18.0,1.0,5.0,1.0,11.0
1580,2010,20963,FLA,18.0,0.0,6.0,0.0,12.0
1581,2010,20963,MTL,18.0,1.0,5.0,4.0,8.0
1582,2010,20964,CBJ,18.0,0.0,6.0,2.0,10.0
1583,2010,20964,EDM,18.0,0.0,6.0,0.0,12.0
1584,2010,20965,NSH,18.0,2.0,4.0,4.0,8.0
1585,2010,20965,VAN,18.0,2.0,4.0,5.0,7.0
1586,2010,20966,LA,18.0,3.0,3.0,5.0,7.0
1587,2010,20966,PHX,18.0,2.0,4.0,4.0,8.0
1588,2010,20967,DET,18.0,2.0,4.0,5.0,7.0
1589,2010,20967,SJ,18.0,2.0,4.0,6.0,6.0
1590,2010,20968,NJ,18.0,0.0,6.0,2.0,10.0
1591,2010,20968,PIT,18.0,2.0,4.0,3.0,9.0
1592,2010,20969,NYR,18.0,2.0,4.0,3.0,9.0
1593,2010,20969,OTT,18.0,1.0,5.0,1.0,11.0
1594,2010,20970,CAR,18.0,1.0,5.0,3.0,9.0
1595,2010,20970,CHI,18.0,2.0,4.0,4.0,8.0
1596,2010,20973,NYI,18.0,0.0,6.0,1.0,11.0
1597,2010,20973,STL,18.0,1.0,5.0,3.0,9.0
1598,2010,20974,BUF,18.0,2.0,4.0,3.0,9.0
1599,2010,20974,PHI,18.0,3.0,3.0,5.0,7.0
1600,2010,20975,LA,18.0,3.0,3.0,5.0,7.0
1601,2010,20975,VAN,18.0,2.0,4.0,5.0,7.0
1602,2010,20976,BOS,18.0,3.0,3.0,4.0,8.0
1603,2010,20976,PIT,18.0,2.0,4.0,3.0,9.0
1604,2010,20977,CHI,18.0,2.0,4.0,4.0,8.0
1605,2010,20977,TOR,18.0,0.0,6.0,2.0,10.0
1606,2010,20978,ATL,18.0,2.0,4.0,1.0,11.0
1607,2010,20978,FLA,18.0,0.0,6.0,0.0,12.0
1608,2010,20980,DET,18.0,2.0,4.0,5.0,7.0
1609,2010,20980,PHX,18.0,2.0,4.0,4.0,8.0
1610,2010,20981,COL,18.0,1.0,5.0,2.0,10.0
1611,2010,20981,EDM,18.0,0.0,6.0,0.0,12.0
1612,2010,20982,DAL,18.0,1.0,5.0,2.0,10.0
1613,2010,20982,SJ,18.0,2.0,4.0,6.0,6.0
1614,2010,20983,NJ,18.0,0.0,6.0,2.0,10.0
1615,2010,20983,NYI,18.0,0.0,6.0,1.0,11.0
1616,2010,20984,NYR,18.0,2.0,4.0,4.0,8.0
1617,2010,20984,PHI,18.0,3.0,3.0,4.0,8.0
1618,2010,20985,FLA,18.0,0.0,6.0,0.0,12.0
1619,2010,20985,WSH,18.0,2.0,4.0,5.0,7.0
1620,2010,20986,BUF,18.0,2.0,4.0,3.0,9.0
1621,2010,20986,MIN,18.0,1.0,5.0,2.0,10.0
1622,2010,20987,CGY,18.0,1.0,5.0,3.0,9.0
1623,2010,20987,NSH,18.0,2.0,4.0,4.0,8.0
1624,2010,20989,TB,18.0,0.0,6.0,3.0,9.0
1625,2010,20989,WSH,18.0,2.0,4.0,5.0,7.0
1626,2010,20990,CBJ,18.0,0.0,6.0,2.0,10.0
1627,2010,20990,STL,18.0,1.0,5.0,3.0,9.0
1628,2010,20991,DAL,18.0,1.0,5.0,2.0,10.0
1629,2010,20991,LA,18.0,3.0,3.0,5.0,7.0
1630,2010,20992,NJ,18.0,0.0,6.0,2.0,10.0
1631,2010,20992,OTT,18.0,1.0,5.0,1.0,11.0
1632,2010,20993,NYI,18.0,0.0,6.0,1.0,11.0
1633,2010,20993,TOR,18.0,0.0,6.0,2.0,10.0
1634,2010,20994,EDM,18.0,0.0,6.0,0.0,12.0
1635,2010,20994,PHI,18.0,3.0,3.0,5.0,7.0
1636,2010,20995,BUF,18.0,2.0,4.0,2.0,10.0
1637,2010,20995,PIT,18.0,2.0,4.0,4.0,8.0
1638,2010,20996,BOS,18.0,3.0,3.0,5.0,7.0
1639,2010,20996,MTL,18.0,1.0,5.0,4.0,8.0
1640,2010,20997,CHI,18.0,2.0,4.0,4.0,8.0
1641,2010,20997,FLA,18.0,0.0,6.0,0.0,12.0
1642,2010,20998,COL,18.0,1.0,5.0,2.0,10.0
1643,2010,20998,MIN,18.0,1.0,5.0,2.0,10.0
1644,2010,20999,PHX,18.0,2.0,4.0,3.0,9.0
1645,2010,20999,VAN,18.0,2.0,4.0,5.0,7.0
1646,2010,21000,NSH,18.0,2.0,4.0,4.0,8.0
1647,2010,21000,SJ,18.0,2.0,4.0,6.0,6.0
1648,2010,21001,EDM,18.0,0.0,6.0,0.0,12.0
1649,2010,21001,WSH,18.0,2.0,4.0,4.0,8.0
1650,2010,21002,ATL,18.0,1.0,5.0,1.0,11.0
1651,2010,21002,CAR,18.0,1.0,5.0,3.0,9.0
1652,2010,21003,DET,18.0,2.0,4.0,5.0,7.0
1653,2010,21003,LA,18.0,3.0,3.0,5.0,7.0
1654,2010,21004,CBJ,18.0,0.0,6.0,2.0,10.0
1655,2010,21004,STL,18.0,1.0,5.0,3.0,9.0
1656,2010,21006,CGY,18.0,1.0,5.0,3.0,9.0
1657,2010,21006,DAL,18.0,1.0,5.0,3.0,9.0
1658,2010,21008,BOS,18.0,3.0,3.0,5.0,7.0
1659,2010,21008,BUF,18.0,2.0,4.0,3.0,9.0
1660,2010,21009,PHI,18.0,2.0,4.0,5.0,7.0
1661,2010,21009,TOR,18.0,0.0,6.0,2.0,10.0
1662,2010,21010,FLA,18.0,0.0,6.0,0.0,12.0
1663,2010,21010,OTT,18.0,1.0,5.0,1.0,11.0
1664,2010,21011,MTL,18.0,1.0,5.0,3.0,9.0
1665,2010,21011,STL,18.0,1.0,5.0,2.0,10.0
1666,2010,21012,MIN,18.0,1.0,5.0,2.0,10.0
1667,2010,21012,NSH,18.0,2.0,4.0,4.0,8.0
1668,2010,21013,CGY,18.0,1.0,5.0,3.0,9.0
1669,2010,21013,PHX,18.0,2.0,4.0,3.0,9.0
1670,2010,21014,SJ,18.0,2.0,4.0,6.0,6.0
1671,2010,21014,VAN,18.0,2.0,4.0,5.0,7.0
1672,2010,21015,BOS,18.0,3.0,3.0,5.0,7.0
1673,2010,21015,NYI,18.0,0.0,6.0,1.0,11.0
1674,2010,21016,CAR,18.0,1.0,5.0,3.0,9.0
1675,2010,21016,WSH,18.0,2.0,4.0,4.0,8.0
1676,2010,21018,CBJ,18.0,0.0,6.0,2.0,10.0
1677,2010,21018,LA,18.0,3.0,3.0,5.0,7.0
1678,2010,21019,ATL,18.0,2.0,4.0,1.0,11.0
1679,2010,21019,NJ,18.0,0.0,6.0,2.0,10.0
1680,2010,21021,DAL,18.0,1.0,5.0,3.0,9.0
1681,2010,21021,MIN,18.0,1.0,5.0,2.0,10.0
1682,2010,21022,ANA,18.0,2.0,4.0,5.0,7.0
1683,2010,21022,COL,18.0,0.0,6.0,2.0,10.0
1684,2010,21023,MTL,18.0,1.0,5.0,3.0,9.0
1685,2010,21023,PIT,18.0,2.0,4.0,4.0,8.0
1686,2010,21024,BUF,18.0,2.0,4.0,2.0,10.0
1687,2010,21024,TOR,18.0,0.0,6.0,2.0,10.0
1688,2010,21025,NJ,18.0,0.0,6.0,2.0,10.0
1689,2010,21025,NYI,18.0,0.0,6.0,1.0,11.0
1690,2010,21026,ATL,18.0,2.0,4.0,1.0,11.0
1691,2010,21026,PHI,18.0,2.0,4.0,5.0,7.0
1692,2010,21027,CAR,18.0,1.0,5.0,3.0,9.0
1693,2010,21027,CBJ,18.0,0.0,6.0,2.0,10.0
1694,2010,21028,FLA,18.0,0.0,6.0,0.0,12.0
1695,2010,21028,TB,18.0,0.0,6.0,3.0,9.0
1696,2010,21029,DET,18.0,2.0,4.0,5.0,7.0
1697,2010,21029,STL,18.0,1.0,5.0,2.0,10.0
1698,2010,21030,COL,18.0,0.0,6.0,1.0,11.0
1699,2010,21030,NSH,18.0,2.0,4.0,4.0,8.0
1700,2010,21031,CGY,18.0,1.0,5.0,3.0,9.0
1701,2010,21031,VAN,18.0,2.0,4.0,5.0,7.0
1702,2010,21034,CHI,18.0,2.0,4.0,4.0,8.0
1703,2010,21034,WSH,18.0,2.0,4.0,4.0,8.0
1704,2010,21035,DAL,18.0,1.0,5.0,3.0,9.0
1705,2010,21035,LA,18.0,3.0,3.0,5.0,7.0
1706,2010,21036,BUF,18.0,2.0,4.0,2.0,10.0
1707,2010,21036,OTT,18.0,1.0,5.0,1.0,11.0
1708,2010,21037,ANA,18.0,2.0,4.0,5.0,7.0
1709,2010,21037,PHX,18.0,2.0,4.0,4.0,8.0
1710,2010,21038,TB,18.0,0.0,6.0,3.0,9.0
1711,2010,21038,TOR,18.0,0.0,6.0,2.0,10.0
1712,2010,21040,MIN,18.0,1.0,5.0,3.0,9.0
1713,2010,21040,VAN,18.0,2.0,4.0,5.0,7.0
1714,2010,21041,BUF,18.0,2.0,4.0,3.0,9.0
1715,2010,21041,CAR,18.0,1.0,5.0,3.0,9.0
1716,2010,21042,ATL,18.0,2.0,4.0,1.0,11.0
1717,2010,21042,NJ,18.0,0.0,6.0,2.0,10.0
1718,2010,21043,NYI,18.0,0.0,6.0,1.0,11.0
1719,2010,21043,NYR,18.0,2.0,4.0,4.0,8.0
1720,2010,21044,BOS,18.0,3.0,3.0,5.0,7.0
1721,2010,21044,CBJ,18.0,0.0,6.0,2.0,10.0
1722,2010,21045,MTL,18.0,1.0,5.0,3.0,9.0
1723,2010,21045,WSH,18.0,2.0,4.0,4.0,8.0
1724,2010,21046,OTT,18.0,1.0,5.0,1.0,11.0
1725,2010,21046,PIT,18.0,2.0,4.0,4.0,8.0
1726,2010,21047,FLA,18.0,0.0,6.0,0.0,12.0
1727,2010,21047,PHI,18.0,2.0,4.0,5.0,7.0
1728,2010,21048,LA,18.0,3.0,3.0,5.0,7.0
1729,2010,21048,NSH,18.0,2.0,4.0,4.0,8.0
1730,2010,21049,DAL,18.0,1.0,5.0,3.0,9.0
1731,2010,21049,SJ,18.0,2.0,4.0,6.0,6.0
1732,2010,21051,CAR,18.0,1.0,5.0,3.0,9.0
1733,2010,21051,TOR,18.0,0.0,6.0,2.0,10.0
1734,2010,21052,DET,18.0,3.0,3.0,5.0,7.0
1735,2010,21052,WSH,18.0,2.0,4.0,4.0,8.0
1736,2010,21054,ANA,18.0,2.0,4.0,5.0,7.0
1737,2010,21054,STL,18.0,1.0,5.0,2.0,10.0
1738,2010,21055,ATL,18.0,2.0,4.0,1.0,11.0
1739,2010,21055,PHI,18.0,2.0,4.0,5.0,7.0
1740,2010,21056,CBJ,18.0,0.0,6.0,2.0,10.0
1741,2010,21056,DET,18.0,3.0,3.0,5.0,7.0
1742,2010,21058,NJ,18.0,0.0,6.0,2.0,10.0
1743,2010,21058,OTT,18.0,1.0,5.0,1.0,11.0
1744,2010,21059,FLA,18.0,0.0,6.0,0.0,12.0
1745,2010,21059,TOR,18.0,0.0,6.0,2.0,10.0
1746,2010,21060,BOS,18.0,3.0,3.0,4.0,8.0
1747,2010,21060,NSH,18.0,2.0,4.0,4.0,8.0
1748,2010,21062,CGY,18.0,1.0,5.0,3.0,9.0
1749,2010,21062,COL,18.0,1.0,5.0,1.0,11.0
1750,2010,21063,EDM,18.0,0.0,6.0,0.0,12.0
1751,2010,21063,PHX,18.0,2.0,4.0,4.0,8.0
1752,2010,21064,LA,18.0,3.0,3.0,5.0,7.0
1753,2010,21064,STL,18.0,1.0,5.0,2.0,10.0
1754,2010,21065,MIN,18.0,1.0,5.0,3.0,9.0
1755,2010,21065,SJ,18.0,3.0,3.0,5.0,7.0
1756,2010,21066,NJ,18.0,0.0,6.0,2.0,10.0
1757,2010,21066,WSH,18.0,2.0,4.0,5.0,7.0
1758,2010,21067,MTL,18.0,1.0,5.0,2.0,10.0
1759,2010,21067,NYR,18.0,2.0,4.0,4.0,8.0
1760,2010,21068,CAR,18.0,1.0,5.0,3.0,9.0
1761,2010,21068,NYI,18.0,0.0,6.0,1.0,11.0
1762,2010,21069,PHX,18.0,2.0,4.0,4.0,8.0
1763,2010,21069,VAN,18.0,2.0,4.0,5.0,7.0
1764,2010,21071,ATL,18.0,2.0,4.0,1.0,11.0
1765,2010,21071,BUF,18.0,2.0,4.0,3.0,9.0
1766,2010,21072,BOS,18.0,3.0,3.0,4.0,8.0
1767,2010,21072,TOR,18.0,0.0,6.0,2.0,10.0
1768,2010,21074,FLA,18.0,0.0,6.0,0.0,12.0
1769,2010,21074,NYI,18.0,0.0,6.0,1.0,11.0
1770,2010,21076,DAL,18.0,1.0,5.0,2.0,10.0
1771,2010,21076,PHI,18.0,2.0,4.0,5.0,7.0
1772,2010,21078,ANA,18.0,2.0,4.0,5.0,7.0
1773,2010,21078,LA,18.0,3.0,3.0,5.0,7.0
1774,2010,21079,SJ,18.0,3.0,3.0,5.0,7.0
1775,2010,21079,STL,18.0,1.0,5.0,2.0,10.0
1776,2010,21080,NYR,18.0,1.0,5.0,4.0,8.0
1777,2010,21080,PIT,18.0,2.0,4.0,4.0,8.0
1778,2010,21081,BUF,18.0,2.0,4.0,3.0,9.0
1779,2010,21081,NSH,18.0,2.0,4.0,4.0,8.0
1780,2010,21082,CBJ,18.0,0.0,6.0,2.0,10.0
1781,2010,21082,NJ,18.0,0.0,6.0,2.0,10.0
1782,2010,21083,MIN,18.0,1.0,5.0,3.0,9.0
1783,2010,21083,MTL,18.0,1.0,5.0,2.0,10.0
1784,2010,21085,ANA,18.0,2.0,4.0,5.0,7.0
1785,2010,21085,CGY,18.0,1.0,5.0,3.0,9.0
1786,2010,21087,CGY,18.0,1.0,5.0,3.0,9.0
1787,2010,21087,LA,18.0,3.0,3.0,5.0,7.0
1788,2010,21088,BOS,18.0,3.0,3.0,5.0,7.0
1789,2010,21088,NJ,18.0,0.0,6.0,2.0,10.0
1790,2010,21089,FLA,18.0,0.0,6.0,0.0,12.0
1791,2010,21089,NYR,18.0,1.0,5.0,4.0,8.0
1792,2010,21090,PHI,18.0,2.0,4.0,5.0,7.0
1793,2010,21090,WSH,18.0,2.0,4.0,4.0,8.0
1794,2010,21091,CAR,18.0,1.0,5.0,3.0,9.0
1795,2010,21091,OTT,18.0,1.0,5.0,1.0,11.0
1796,2010,21092,BUF,18.0,2.0,4.0,3.0,9.0
1797,2010,21092,MTL,18.0,1.0,5.0,2.0,10.0
1798,2010,21095,MIN,18.0,1.0,5.0,3.0,9.0
1799,2010,21095,TOR,18.0,0.0,6.0,2.0,10.0
1800,2010,21096,CBJ,18.0,0.0,6.0,2.0,10.0
1801,2010,21096,COL,18.0,1.0,5.0,2.0,10.0
1802,2010,21097,PHX,18.0,2.0,4.0,4.0,8.0
1803,2010,21097,STL,18.0,1.0,5.0,2.0,10.0
1804,2010,21098,DET,18.0,3.0,3.0,2.0,10.0
1805,2010,21098,VAN,18.0,2.0,4.0,4.0,8.0
1806,2010,21099,CHI,18.0,2.0,4.0,3.0,9.0
1807,2010,21099,FLA,18.0,0.0,6.0,0.0,12.0
1808,2010,21100,ANA,18.0,2.0,4.0,5.0,7.0
1809,2010,21100,DAL,18.0,1.0,5.0,3.0,9.0
1810,2010,21101,CGY,18.0,1.0,5.0,3.0,9.0
1811,2010,21101,SJ,18.0,3.0,3.0,6.0,6.0
1812,2010,21102,BOS,18.0,3.0,3.0,5.0,7.0
1813,2010,21102,MTL,18.0,1.0,5.0,3.0,9.0
1814,2010,21103,ATL,18.0,2.0,4.0,1.0,11.0
1815,2010,21103,NYI,18.0,0.0,6.0,1.0,11.0
1816,2010,21104,NYR,18.0,2.0,4.0,4.0,8.0
1817,2010,21104,OTT,18.0,1.0,5.0,1.0,11.0
1818,2010,21105,PHI,18.0,2.0,4.0,5.0,7.0
1819,2010,21105,PIT,18.0,2.0,4.0,4.0,8.0
1820,2010,21106,EDM,18.0,0.0,6.0,0.0,12.0
1821,2010,21106,STL,18.0,1.0,5.0,2.0,10.0
1822,2010,21108,COL,18.0,1.0,5.0,2.0,10.0
1823,2010,21108,TOR,18.0,0.0,6.0,2.0,10.0
1824,2010,21109,CBJ,18.0,0.0,6.0,2.0,10.0
1825,2010,21109,PHX,18.0,2.0,4.0,4.0,8.0
1826,2010,21110,LA,18.0,3.0,3.0,4.0,8.0
1827,2010,21110,SJ,18.0,2.0,4.0,6.0,6.0
1828,2010,21111,NJ,18.0,0.0,6.0,2.0,10.0
1829,2010,21111,PIT,18.0,2.0,4.0,4.0,8.0
1830,2010,21112,BUF,18.0,2.0,4.0,3.0,9.0
1831,2010,21112,FLA,18.0,0.0,6.0,0.0,12.0
1832,2010,21113,OTT,18.0,1.0,5.0,1.0,11.0
1833,2010,21113,WSH,18.0,2.0,4.0,4.0,8.0
1834,2010,21114,ATL,18.0,2.0,4.0,1.0,11.0
1835,2010,21114,VAN,18.0,2.0,4.0,4.0,8.0
1836,2010,21115,CAR,18.0,1.0,5.0,3.0,9.0
1837,2010,21115,TB,18.0,0.0,6.0,3.0,9.0
1838,2010,21116,BOS,18.0,3.0,3.0,5.0,7.0
1839,2010,21116,NYR,18.0,2.0,4.0,4.0,8.0
1840,2010,21117,COL,18.0,1.0,5.0,2.0,10.0
1841,2010,21117,LA,18.0,3.0,3.0,4.0,8.0
1842,2010,21118,BUF,18.0,1.0,5.0,3.0,9.0
1843,2010,21118,NJ,18.0,0.0,6.0,2.0,10.0
1844,2010,21119,MTL,18.0,1.0,5.0,3.0,9.0
1845,2010,21119,WSH,18.0,2.0,4.0,4.0,8.0
1846,2010,21120,NYI,18.0,0.0,6.0,1.0,11.0
1847,2010,21120,PHI,18.0,2.0,4.0,5.0,7.0
1848,2010,21122,DET,18.0,3.0,3.0,3.0,9.0
1849,2010,21122,TOR,18.0,0.0,6.0,2.0,10.0
1850,2010,21123,DAL,18.0,1.0,5.0,3.0,9.0
1851,2010,21123,NSH,18.0,2.0,4.0,4.0,8.0
1852,2010,21124,MIN,18.0,1.0,5.0,3.0,9.0
1853,2010,21124,STL,18.0,1.0,5.0,2.0,10.0
1854,2010,21125,ANA,18.0,2.0,4.0,5.0,7.0
1855,2010,21125,CHI,18.0,2.0,4.0,3.0,9.0
1856,2010,21126,PHX,18.0,2.0,4.0,3.0,9.0
1857,2010,21126,SJ,18.0,3.0,3.0,6.0,6.0
1858,2010,21127,CGY,18.0,1.0,5.0,3.0,9.0
1859,2010,21127,EDM,18.0,0.0,6.0,0.0,12.0
1860,2010,21128,FLA,18.0,0.0,6.0,0.0,12.0
1861,2010,21128,PIT,18.0,2.0,4.0,4.0,8.0
1862,2010,21129,ATL,18.0,2.0,4.0,1.0,11.0
1863,2010,21129,OTT,18.0,1.0,5.0,1.0,11.0
1864,2010,21130,CBJ,18.0,0.0,6.0,2.0,10.0
1865,2010,21130,VAN,18.0,2.0,4.0,4.0,8.0
1866,2010,21131,BOS,18.0,3.0,3.0,5.0,7.0
1867,2010,21131,PHI,18.0,2.0,4.0,5.0,7.0
1868,2010,21132,CHI,18.0,2.0,4.0,3.0,9.0
1869,2010,21132,DET,18.0,3.0,3.0,4.0,8.0
1870,2010,21133,ANA,18.0,2.0,4.0,5.0,7.0
1871,2010,21133,COL,18.0,1.0,5.0,2.0,10.0
1872,2010,21134,BOS,18.0,3.0,3.0,5.0,7.0
1873,2010,21134,CHI,18.0,2.0,4.0,3.0,9.0
1874,2010,21135,BUF,18.0,1.0,5.0,3.0,9.0
1875,2010,21135,TOR,18.0,0.0,6.0,2.0,10.0
1876,2010,21136,PHI,18.0,2.0,4.0,5.0,7.0
1877,2010,21136,PIT,18.0,2.0,4.0,4.0,8.0
1878,2010,21137,CAR,18.0,1.0,5.0,3.0,9.0
1879,2010,21137,WSH,18.0,2.0,4.0,5.0,7.0
1880,2010,21138,CBJ,18.0,0.0,6.0,2.0,10.0
1881,2010,21138,FLA,18.0,0.0,6.0,0.0,12.0
1882,2010,21139,ATL,18.0,2.0,4.0,1.0,11.0
1883,2010,21139,MTL,18.0,1.0,5.0,3.0,9.0
1884,2010,21141,MIN,18.0,1.0,5.0,3.0,9.0
1885,2010,21141,STL,18.0,1.0,5.0,2.0,10.0
1886,2010,21142,NSH,18.0,2.0,4.0,4.0,8.0
1887,2010,21142,VAN,18.0,1.0,5.0,4.0,8.0
1888,2010,21143,EDM,18.0,0.0,6.0,0.0,12.0
1889,2010,21143,LA,18.0,3.0,3.0,3.0,9.0
1890,2010,21144,DAL,18.0,1.0,5.0,3.0,9.0
1891,2010,21144,PHX,18.0,2.0,4.0,3.0,9.0
1892,2010,21145,BUF,18.0,1.0,5.0,3.0,9.0
1893,2010,21145,NYR,18.0,2.0,4.0,4.0,8.0
1894,2010,21146,NJ,18.0,0.0,6.0,2.0,10.0
1895,2010,21146,NYI,18.0,0.0,6.0,1.0,11.0
1896,2010,21147,CAR,18.0,1.0,5.0,3.0,9.0
1897,2010,21147,MTL,18.0,1.0,5.0,3.0,9.0
1898,2010,21148,DET,18.0,3.0,3.0,4.0,8.0
1899,2010,21148,STL,18.0,1.0,5.0,2.0,10.0
1900,2010,21149,ANA,18.0,2.0,4.0,5.0,7.0
1901,2010,21149,CGY,18.0,1.0,5.0,3.0,9.0
1902,2010,21150,BOS,18.0,2.0,4.0,5.0,7.0
1903,2010,21150,TOR,18.0,0.0,6.0,2.0,10.0
1904,2010,21151,NYI,18.0,0.0,6.0,1.0,11.0
1905,2010,21151,NYR,18.0,2.0,4.0,4.0,8.0
1906,2010,21152,ATL,18.0,2.0,4.0,1.0,11.0
1907,2010,21152,PHI,18.0,2.0,4.0,5.0,7.0
1908,2010,21153,CBJ,18.0,0.0,6.0,1.0,11.0
1909,2010,21153,WSH,18.0,2.0,4.0,5.0,7.0
1910,2010,21154,PIT,18.0,2.0,4.0,4.0,8.0
1911,2010,21154,TB,18.0,0.0,6.0,3.0,9.0
1912,2010,21155,FLA,18.0,0.0,6.0,0.0,12.0
1913,2010,21155,OTT,18.0,1.0,5.0,1.0,11.0
1914,2010,21156,EDM,18.0,0.0,6.0,0.0,12.0
1915,2010,21156,MIN,18.0,1.0,5.0,3.0,9.0
1916,2010,21157,COL,18.0,1.0,5.0,2.0,10.0
1917,2010,21157,NSH,18.0,2.0,4.0,4.0,8.0
1918,2010,21158,LA,18.0,3.0,3.0,3.0,9.0
1919,2010,21158,VAN,18.0,1.0,5.0,4.0,8.0
1920,2010,21159,DAL,18.0,1.0,5.0,3.0,9.0
1921,2010,21159,SJ,18.0,3.0,3.0,6.0,6.0
1922,2010,21160,NJ,18.0,0.0,6.0,2.0,10.0
1923,2010,21160,PHI,18.0,2.0,4.0,5.0,7.0
1924,2010,21161,CBJ,18.0,0.0,6.0,1.0,11.0
1925,2010,21161,CHI,18.0,2.0,4.0,3.0,9.0
1926,2010,21162,CGY,18.0,1.0,5.0,3.0,9.0
1927,2010,21162,STL,18.0,1.0,5.0,3.0,9.0
1928,2010,21164,ATL,18.0,2.0,4.0,1.0,11.0
1929,2010,21164,BOS,18.0,3.0,3.0,5.0,7.0
1930,2010,21165,MIN,18.0,1.0,5.0,3.0,9.0
1931,2010,21165,TB,18.0,0.0,6.0,3.0,9.0
1932,2010,21166,DET,18.0,2.0,4.0,4.0,8.0
1933,2010,21166,NSH,18.0,2.0,4.0,4.0,8.0
1934,2010,21167,DAL,18.0,1.0,5.0,3.0,9.0
1935,2010,21167,LA,18.0,3.0,3.0,3.0,9.0
1936,2010,21168,OTT,18.0,0.0,6.0,1.0,11.0
1937,2010,21168,TOR,18.0,0.0,6.0,2.0,10.0
1938,2010,21169,MTL,18.0,1.0,5.0,3.0,9.0
1939,2010,21169,NJ,18.0,0.0,6.0,3.0,9.0
1940,2010,21170,CAR,18.0,1.0,5.0,3.0,9.0
1941,2010,21170,NYI,18.0,0.0,6.0,1.0,11.0
1942,2010,21171,BUF,18.0,1.0,5.0,3.0,9.0
1943,2010,21171,WSH,18.0,2.0,4.0,5.0,7.0
1944,2010,21173,EDM,18.0,0.0,6.0,0.0,12.0
1945,2010,21173,VAN,18.0,1.0,5.0,4.0,8.0
1946,2010,21174,ANA,18.0,2.0,4.0,5.0,7.0
1947,2010,21174,SJ,18.0,3.0,3.0,6.0,6.0
1948,2010,21175,NYR,18.0,2.0,4.0,4.0,8.0
1949,2010,21175,PHI,18.0,2.0,4.0,4.0,8.0
1950,2010,21176,BUF,18.0,1.0,5.0,3.0,9.0
1951,2010,21176,CAR,18.0,1.0,5.0,3.0,9.0
1952,2010,21177,DET,18.0,2.0,4.0,5.0,7.0
1953,2010,21177,MIN,18.0,1.0,5.0,2.0,10.0
1954,2010,21178,CBJ,18.0,0.0,6.0,1.0,11.0
1955,2010,21178,STL,18.0,1.0,5.0,3.0,9.0
1956,2010,21180,CGY,18.0,1.0,5.0,3.0,9.0
1957,2010,21180,COL,18.0,1.0,5.0,2.0,10.0
1958,2010,21181,ANA,18.0,2.0,4.0,5.0,7.0
1959,2010,21181,DAL,18.0,1.0,5.0,3.0,9.0
1960,2010,21182,BOS,18.0,3.0,3.0,5.0,7.0
1961,2010,21182,NYR,18.0,2.0,4.0,4.0,8.0
1962,2010,21183,LA,18.0,3.0,3.0,3.0,9.0
1963,2010,21183,SJ,18.0,3.0,3.0,6.0,6.0
1964,2010,21184,BUF,18.0,1.0,5.0,3.0,9.0
1965,2010,21184,TB,18.0,0.0,6.0,3.0,9.0
1966,2010,21185,TOR,18.0,0.0,6.0,2.0,10.0
1967,2010,21185,WSH,18.0,2.0,4.0,4.0,8.0
1968,2010,21186,NJ,18.0,0.0,6.0,2.0,10.0
1969,2010,21186,PIT,18.0,2.0,4.0,4.0,8.0
1970,2010,21187,CHI,18.0,2.0,4.0,3.0,9.0
1971,2010,21187,MTL,18.0,1.0,5.0,3.0,9.0
1972,2010,21188,OTT,18.0,0.0,6.0,1.0,11.0
1973,2010,21188,PHI,18.0,2.0,4.0,4.0,8.0
1974,2010,21190,ATL,18.0,1.0,5.0,1.0,11.0
1975,2010,21190,NSH,18.0,2.0,4.0,4.0,8.0
1976,2010,21191,CBJ,18.0,0.0,6.0,1.0,11.0
1977,2010,21191,DAL,18.0,1.0,5.0,3.0,9.0
1978,2010,21193,BOS,18.0,3.0,3.0,5.0,7.0
1979,2010,21193,NYI,18.0,0.0,6.0,1.0,11.0
1980,2010,21194,NJ,18.0,0.0,6.0,2.0,10.0
1981,2010,21194,TOR,18.0,0.0,6.0,2.0,10.0
1982,2010,21195,FLA,18.0,0.0,6.0,0.0,12.0
1983,2010,21195,WSH,18.0,2.0,4.0,4.0,8.0
1984,2010,21196,CAR,18.0,1.0,5.0,3.0,9.0
1985,2010,21196,DET,18.0,2.0,4.0,5.0,7.0
1986,2010,21197,CHI,18.0,2.0,4.0,4.0,8.0
1987,2010,21197,STL,18.0,1.0,5.0,3.0,9.0
1988,2010,21199,ANA,18.0,2.0,4.0,5.0,7.0
1989,2010,21199,SJ,18.0,3.0,3.0,5.0,7.0
1990,2010,21200,LA,18.0,3.0,3.0,3.0,9.0
1991,2010,21200,PHX,18.0,2.0,4.0,4.0,8.0
1992,2010,21203,COL,18.0,0.0,6.0,2.0,10.0
1993,2010,21203,DAL,18.0,1.0,5.0,3.0,9.0
1994,2010,21205,NYI,18.0,0.0,6.0,1.0,11.0
1995,2010,21205,PIT,18.0,2.0,4.0,4.0,8.0
1996,2010,21206,CHI,18.0,2.0,4.0,4.0,8.0
1997,2010,21206,DET,18.0,2.0,4.0,4.0,8.0
1998,2010,21207,BUF,18.0,1.0,5.0,3.0,9.0
1999,2010,21207,PHI,18.0,2.0,4.0,5.0,7.0
2000,2010,21208,ATL,18.0,1.0,5.0,1.0,11.0
2001,2010,21208,CAR,18.0,1.0,5.0,3.0,9.0
2002,2010,21209,FLA,18.0,0.0,6.0,0.0,12.0
2003,2010,21209,TB,18.0,0.0,6.0,3.0,9.0
2004,2010,21210,CBJ,18.0,0.0,6.0,1.0,11.0
2005,2010,21210,NSH,18.0,2.0,4.0,3.0,9.0
2006,2010,21214,ANA,18.0,2.0,4.0,5.0,7.0
2007,2010,21214,LA,18.0,3.0,3.0,3.0,9.0
2008,2010,21215,NJ,18.0,0.0,6.0,2.0,10.0
2009,2010,21215,NYR,18.0,2.0,4.0,3.0,9.0
2010,2010,21216,BOS,18.0,2.0,4.0,4.0,8.0
2011,2010,21216,OTT,18.0,0.0,6.0,1.0,11.0
2012,2010,21218,NYI,18.0,0.0,6.0,1.0,11.0
2013,2010,21218,PHI,18.0,2.0,4.0,5.0,7.0
2014,2010,21220,FLA,18.0,0.0,6.0,0.0,12.0
2015,2010,21220,WSH,18.0,2.0,4.0,5.0,7.0
2016,2010,21221,BUF,18.0,1.0,5.0,2.0,10.0
2017,2010,21221,CBJ,18.0,0.0,6.0,1.0,11.0
2018,2010,21222,NSH,18.0,2.0,4.0,3.0,9.0
2019,2010,21222,STL,18.0,1.0,5.0,3.0,9.0
2020,2010,21224,ANA,18.0,2.0,4.0,5.0,7.0
2021,2010,21224,LA,18.0,3.0,3.0,3.0,9.0
2022,2010,21225,PHX,18.0,2.0,4.0,4.0,8.0
2023,2010,21225,SJ,18.0,3.0,3.0,5.0,7.0
2024,2010,21226,BOS,18.0,2.0,4.0,5.0,7.0
2025,2010,21226,NJ,18.0,0.0,6.0,2.0,10.0
2026,2010,21229,CHI,18.0,2.0,4.0,4.0,8.0
2027,2010,21229,DET,18.0,2.0,4.0,4.0,8.0
2028,2010,21230,DAL,18.0,1.0,5.0,3.0,9.0
2029,2010,21230,MIN,18.0,1.0,5.0,2.0,10.0
