Season,GameNumber,GameDate,VTeamCode,HTeamCode
2010,20001,2010-10-07,MTL,TOR
2010,20002,2010-10-07,PHI,PIT
2010,20003,2010-10-07,CAR,MIN
2010,20004,2010-10-07,CHI,COL
2010,20005,2010-10-07,CGY,EDM
2010,20006,2010-10-08,SJ,CBJ
2010,20007,2010-10-08,DAL,NJ
2010,20008,2010-10-08,MIN,CAR
2010,20009,2010-10-08,ANA,DET
2010,20010,2010-10-08,BUF,OTT
2010,20011,2010-10-08,WSH,ATL
2010,20012,2010-10-09,PHX,BOS
2010,20013,2010-10-09,NYR,BUF
2010,20014,2010-10-09,OTT,TOR
2010,20015,2010-10-09,DAL,NYI
2010,20016,2010-10-09,MTL,PIT
2010,20017,2010-10-09,NJ,WSH
2010,20018,2010-10-09,ATL,TB
2010,20019,2010-10-09,PHI,STL
2010,20020,2010-10-09,ANA,NSH
2010,20021,2010-10-09,DET,CHI
2010,20022,2010-10-09,CBJ,SJ
2010,20023,2010-10-09,LA,VAN
2010,20024,2010-10-10,BOS,PHX
2010,20025,2010-10-10,LA,CGY
2010,20026,2010-10-10,FLA,EDM
2010,20027,2010-10-11,PIT,NJ
2010,20028,2010-10-11,NYR,NYI
2010,20029,2010-10-11,ANA,STL
2010,20030,2010-10-11,CHI,BUF
2010,20031,2010-10-11,COL,PHI
2010,20032,2010-10-11,OTT,WSH
2010,20033,2010-10-11,FLA,VAN
2010,20034,2010-10-12,COL,DET
2010,20035,2010-10-12,ATL,LA
2010,20036,2010-10-13,NJ,BUF
2010,20037,2010-10-13,NYI,WSH
2010,20038,2010-10-13,TB,MTL
2010,20039,2010-10-13,TOR,PIT
2010,20040,2010-10-13,NSH,CHI
2010,20041,2010-10-13,VAN,ANA
2010,20042,2010-10-14,TB,PHI
2010,20043,2010-10-14,CAR,OTT
2010,20044,2010-10-14,STL,NSH
2010,20045,2010-10-14,EDM,MIN
2010,20046,2010-10-14,DET,DAL
2010,20047,2010-10-14,FLA,CGY
2010,20048,2010-10-15,COL,NJ
2010,20049,2010-10-15,TOR,NYR
2010,20050,2010-10-15,NYI,PIT
2010,20051,2010-10-15,CHI,CBJ
2010,20052,2010-10-15,MTL,BUF
2010,20053,2010-10-15,ATL,ANA
2010,20054,2010-10-15,VAN,LA
2010,20055,2010-10-16,OTT,MTL
2010,20056,2010-10-16,BOS,NJ
2010,20057,2010-10-16,COL,NYI
2010,20058,2010-10-16,PIT,PHI
2010,20059,2010-10-16,TB,FLA
2010,20060,2010-10-16,WSH,NSH
2010,20061,2010-10-16,CBJ,MIN
2010,20062,2010-10-16,STL,DAL
2010,20063,2010-10-16,BUF,CHI
2010,20064,2010-10-16,DET,PHX
2010,20065,2010-10-16,EDM,CGY
2010,20066,2010-10-16,ATL,SJ
2010,20067,2010-10-17,PHX,ANA
2010,20068,2010-10-17,CAR,VAN
2010,20069,2010-10-18,NYI,TOR
2010,20070,2010-10-18,COL,NYR
2010,20071,2010-10-18,OTT,PIT
2010,20072,2010-10-18,DAL,TB
2010,20073,2010-10-18,STL,CHI
2010,20074,2010-10-19,BOS,WSH
2010,20075,2010-10-19,CGY,NSH
2010,20076,2010-10-19,VAN,MIN
2010,20077,2010-10-19,CAR,SJ
2010,20078,2010-10-20,BUF,ATL
2010,20079,2010-10-20,ANA,CBJ
2010,20080,2010-10-20,VAN,CHI
2010,20081,2010-10-20,CAR,LA
2010,20082,2010-10-21,WSH,BOS
2010,20083,2010-10-21,NYR,TOR
2010,20084,2010-10-21,ANA,PHI
2010,20085,2010-10-21,CGY,DET
2010,20086,2010-10-21,NJ,MTL
2010,20087,2010-10-21,NYI,TB
2010,20088,2010-10-21,DAL,FLA
2010,20089,2010-10-21,PIT,NSH
2010,20090,2010-10-21,SJ,COL
2010,20091,2010-10-21,MIN,EDM
2010,20092,2010-10-21,LA,PHX
2010,20093,2010-10-22,CGY,CBJ
2010,20094,2010-10-22,OTT,BUF
2010,20095,2010-10-22,TB,ATL
2010,20096,2010-10-22,CHI,STL
2010,20097,2010-10-22,MIN,VAN
2010,20098,2010-10-23,NYR,BOS
2010,20099,2010-10-23,MTL,OTT
2010,20100,2010-10-23,BUF,NJ
2010,20101,2010-10-23,TOR,PHI
2010,20102,2010-10-23,ATL,WSH
2010,20103,2010-10-23,NYI,FLA
2010,20104,2010-10-23,ANA,DET
2010,20105,2010-10-23,PIT,STL
2010,20106,2010-10-23,NSH,DAL
2010,20107,2010-10-23,CBJ,CHI
2010,20108,2010-10-23,LA,COL
2010,20109,2010-10-23,CAR,PHX
2010,20110,2010-10-23,SJ,EDM
2010,20111,2010-10-24,NSH,TB
2010,20112,2010-10-24,NJ,NYR
2010,20113,2010-10-24,SJ,CGY
2010,20114,2010-10-25,PHI,CBJ
2010,20115,2010-10-25,PHX,MTL
2010,20116,2010-10-25,LA,MIN
2010,20117,2010-10-26,FLA,TOR
2010,20118,2010-10-26,BUF,PHI
2010,20119,2010-10-26,PHX,OTT
2010,20120,2010-10-26,EDM,CGY
2010,20121,2010-10-26,ANA,DAL
2010,20122,2010-10-26,COL,VAN
2010,20123,2010-10-27,ATL,NYR
2010,20124,2010-10-27,WSH,CAR
2010,20125,2010-10-27,NYI,MTL
2010,20126,2010-10-27,PIT,TB
2010,20127,2010-10-27,LA,CHI
2010,20128,2010-10-27,NJ,SJ
2010,20129,2010-10-28,TOR,BOS
2010,20130,2010-10-28,PHX,DET
2010,20131,2010-10-28,EDM,CBJ
2010,20132,2010-10-28,FLA,OTT
2010,20133,2010-10-28,STL,NSH
2010,20134,2010-10-28,WSH,MIN
2010,20135,2010-10-28,LA,DAL
2010,20136,2010-10-28,COL,CGY
2010,20137,2010-10-29,MTL,NYI
2010,20138,2010-10-29,CAR,NYR
2010,20139,2010-10-29,PHI,PIT
2010,20140,2010-10-29,BUF,ATL
2010,20141,2010-10-29,EDM,CHI
2010,20142,2010-10-29,NJ,ANA
2010,20143,2010-10-30,NYR,TOR
2010,20144,2010-10-30,FLA,MTL
2010,20145,2010-10-30,BOS,OTT
2010,20146,2010-10-30,NYI,PHI
2010,20147,2010-10-30,PIT,CAR
2010,20148,2010-10-30,NSH,DET
2010,20149,2010-10-30,ATL,STL
2010,20150,2010-10-30,CHI,MIN
2010,20151,2010-10-30,BUF,DAL
2010,20152,2010-10-30,CBJ,COL
2010,20153,2010-10-30,TB,PHX
2010,20154,2010-10-30,WSH,CGY
2010,20155,2010-10-30,NJ,LA
2010,20156,2010-10-30,ANA,SJ
2010,20157,2010-11-01,CHI,NYR
2010,20158,2010-11-01,CAR,PHI
2010,20159,2010-11-01,NJ,VAN
2010,20160,2010-11-02,OTT,TOR
2010,20161,2010-11-02,MTL,CBJ
2010,20162,2010-11-02,SJ,MIN
2010,20163,2010-11-02,VAN,EDM
2010,20164,2010-11-03,BOS,BUF
2010,20165,2010-11-03,TOR,WSH
2010,20166,2010-11-03,NYI,CAR
2010,20167,2010-11-03,ATL,FLA
2010,20168,2010-11-03,NJ,CHI
2010,20169,2010-11-03,PIT,DAL
2010,20170,2010-11-03,DET,CGY
2010,20171,2010-11-03,NSH,PHX
2010,20172,2010-11-03,TB,ANA
2010,20173,2010-11-04,NYR,PHI
2010,20174,2010-11-04,CBJ,ATL
2010,20175,2010-11-04,NYI,OTT
2010,20176,2010-11-04,SJ,STL
2010,20177,2010-11-04,VAN,COL
2010,20178,2010-11-04,TB,LA
2010,20179,2010-11-05,NYR,NJ
2010,20180,2010-11-05,BOS,WSH
2010,20181,2010-11-05,MTL,BUF
2010,20182,2010-11-05,CAR,FLA
2010,20183,2010-11-05,CGY,MIN
2010,20184,2010-11-05,PHX,DAL
2010,20185,2010-11-05,DET,EDM
2010,20186,2010-11-05,PIT,ANA
2010,20187,2010-11-06,NSH,LA
2010,20188,2010-11-06,STL,BOS
2010,20189,2010-11-06,BUF,TOR
2010,20190,2010-11-06,OTT,MTL
2010,20191,2010-11-06,PHI,NYI
2010,20192,2010-11-06,FLA,CAR
2010,20193,2010-11-06,CHI,ATL
2010,20194,2010-11-06,MIN,CBJ
2010,20195,2010-11-06,DAL,COL
2010,20196,2010-11-06,PIT,PHX
2010,20197,2010-11-06,DET,VAN
2010,20198,2010-11-06,TB,SJ
2010,20199,2010-11-07,PHI,WSH
2010,20200,2010-11-07,STL,NYR
2010,20201,2010-11-07,EDM,CHI
2010,20202,2010-11-07,NSH,ANA
2010,20203,2010-11-08,PHX,DET
2010,20204,2010-11-09,WSH,NYR
2010,20205,2010-11-09,EDM,CAR
2010,20206,2010-11-09,VAN,MTL
2010,20207,2010-11-09,ATL,OTT
2010,20208,2010-11-09,TOR,TB
2010,20209,2010-11-09,CGY,COL
2010,20210,2010-11-09,ANA,SJ
2010,20211,2010-11-10,BUF,NJ
2010,20212,2010-11-10,BOS,PIT
2010,20213,2010-11-10,STL,CBJ
2010,20214,2010-11-10,TOR,FLA
2010,20215,2010-11-10,PHX,CHI
2010,20216,2010-11-10,NYI,ANA
2010,20217,2010-11-11,MTL,BOS
2010,20218,2010-11-11,BUF,NYR
2010,20219,2010-11-11,TB,WSH
2010,20220,2010-11-11,PHI,CAR
2010,20221,2010-11-11,MIN,ATL
2010,20222,2010-11-11,EDM,DET
2010,20223,2010-11-11,VAN,OTT
2010,20224,2010-11-11,NSH,STL
2010,20225,2010-11-11,DAL,LA
2010,20226,2010-11-11,NYI,SJ
2010,20227,2010-11-12,EDM,NJ
2010,20228,2010-11-12,TB,PIT
2010,20229,2010-11-12,COL,CBJ
2010,20230,2010-11-12,MIN,FLA
2010,20231,2010-11-12,CGY,PHX
2010,20232,2010-11-12,DAL,ANA
2010,20233,2010-11-13,OTT,BOS
2010,20234,2010-11-13,WSH,BUF
2010,20235,2010-11-13,VAN,TOR
2010,20236,2010-11-13,CAR,MTL
2010,20237,2010-11-13,FLA,PHI
2010,20238,2010-11-13,PIT,ATL
2010,20239,2010-11-13,COL,DET
2010,20240,2010-11-13,CHI,NSH
2010,20241,2010-11-13,STL,PHX
2010,20242,2010-11-13,CGY,SJ
2010,20243,2010-11-13,NYI,LA
2010,20244,2010-11-14,EDM,NYR
2010,20245,2010-11-14,ATL,WSH
2010,20246,2010-11-14,MIN,TB
2010,20247,2010-11-14,ANA,CHI
2010,20248,2010-11-15,NJ,BOS
2010,20249,2010-11-15,VAN,BUF
2010,20250,2010-11-15,OTT,PHI
2010,20251,2010-11-15,NYR,PIT
2010,20252,2010-11-15,STL,COL
2010,20253,2010-11-15,LA,SJ
2010,20254,2010-11-16,NSH,TOR
2010,20255,2010-11-16,PHI,MTL
2010,20256,2010-11-16,ANA,DAL
2010,20257,2010-11-17,TB,NYI
2010,20258,2010-11-17,BOS,NYR
2010,20259,2010-11-17,VAN,PIT
2010,20260,2010-11-17,BUF,WSH
2010,20261,2010-11-17,OTT,CAR
2010,20262,2010-11-17,FLA,ATL
2010,20263,2010-11-17,STL,DET
2010,20264,2010-11-17,ANA,MIN
2010,20265,2010-11-17,SJ,COL
2010,20266,2010-11-17,PHX,CGY
2010,20267,2010-11-17,CHI,EDM
2010,20268,2010-11-17,CBJ,LA
2010,20269,2010-11-18,FLA,BOS
2010,20270,2010-11-18,NJ,TOR
2010,20271,2010-11-18,TB,PHI
2010,20272,2010-11-18,NSH,MTL
2010,20273,2010-11-18,SJ,DAL
2010,20274,2010-11-19,CAR,PIT
2010,20275,2010-11-19,MIN,DET
2010,20276,2010-11-19,LA,BUF
2010,20277,2010-11-19,WSH,ATL
2010,20278,2010-11-19,OTT,STL
2010,20279,2010-11-19,NYR,COL
2010,20280,2010-11-19,CHI,CGY
2010,20281,2010-11-19,PHX,EDM
2010,20282,2010-11-19,CBJ,ANA
2010,20283,2010-11-20,LA,BOS
2010,20284,2010-11-20,TB,BUF
2010,20285,2010-11-20,TOR,MTL
2010,20286,2010-11-20,FLA,NYI
2010,20287,2010-11-20,PHI,WSH
2010,20288,2010-11-20,NSH,CAR
2010,20289,2010-11-20,NJ,STL
2010,20290,2010-11-20,NYR,MIN
2010,20291,2010-11-20,COL,DAL
2010,20292,2010-11-20,CHI,VAN
2010,20293,2010-11-20,CBJ,SJ
2010,20294,2010-11-21,NYI,ATL
2010,20295,2010-11-21,CGY,DET
2010,20296,2010-11-21,EDM,ANA
2010,20297,2010-11-21,PHX,VAN
2010,20298,2010-11-22,DAL,TOR
2010,20299,2010-11-22,WSH,NJ
2010,20300,2010-11-22,CGY,NYR
2010,20301,2010-11-22,MTL,PHI
2010,20302,2010-11-22,NSH,CBJ
2010,20303,2010-11-22,LA,OTT
2010,20304,2010-11-22,BOS,TB
2010,20305,2010-11-22,PIT,FLA
2010,20306,2010-11-23,EDM,PHX
2010,20307,2010-11-24,PIT,BUF
2010,20308,2010-11-24,CBJ,NYI
2010,20309,2010-11-24,WSH,CAR
2010,20310,2010-11-24,DET,ATL
2010,20311,2010-11-24,LA,MTL
2010,20312,2010-11-24,DAL,OTT
2010,20313,2010-11-24,CGY,NJ
2010,20314,2010-11-24,NYR,TB
2010,20315,2010-11-24,BOS,FLA
2010,20316,2010-11-24,STL,NSH
2010,20317,2010-11-24,PHI,MIN
2010,20318,2010-11-24,COL,VAN
2010,20319,2010-11-24,CHI,SJ
2010,20320,2010-11-25,COL,EDM
2010,20321,2010-11-26,CAR,BOS
2010,20322,2010-11-26,NJ,NYI
2010,20323,2010-11-26,CGY,PHI
2010,20324,2010-11-26,OTT,PIT
2010,20325,2010-11-26,NSH,MIN
2010,20326,2010-11-26,CHI,ANA
2010,20327,2010-11-26,TB,WSH
2010,20328,2010-11-26,DET,CBJ
2010,20329,2010-11-26,TOR,BUF
2010,20330,2010-11-26,MTL,ATL
2010,20331,2010-11-26,NYR,FLA
2010,20332,2010-11-26,STL,DAL
2010,20333,2010-11-26,SJ,VAN
2010,20334,2010-11-27,PHI,NJ
2010,20335,2010-11-27,CGY,PIT
2010,20336,2010-11-27,BUF,MTL
2010,20337,2010-11-27,TOR,OTT
2010,20338,2010-11-27,FLA,TB
2010,20339,2010-11-27,DAL,STL
2010,20340,2010-11-27,NYR,NSH
2010,20341,2010-11-27,ANA,PHX
2010,20342,2010-11-27,MIN,COL
2010,20343,2010-11-27,SJ,EDM
2010,20344,2010-11-27,CHI,LA
2010,20345,2010-11-28,CAR,WSH
2010,20346,2010-11-28,BOS,ATL
2010,20347,2010-11-28,CBJ,DET
2010,20348,2010-11-29,PIT,NYR
2010,20349,2010-11-29,DAL,CAR
2010,20350,2010-11-29,EDM,OTT
2010,20351,2010-11-29,MIN,CGY
2010,20352,2010-11-29,LA,ANA
2010,20353,2010-11-30,TB,TOR
2010,20354,2010-11-30,PHX,NSH
2010,20355,2010-11-30,STL,CHI
2010,20356,2010-11-30,ATL,COL
2010,20357,2010-11-30,DET,SJ
2010,20358,2010-12-01,EDM,MTL
2010,20359,2010-12-01,BOS,PHI
2010,20360,2010-12-01,NSH,CBJ
2010,20361,2010-12-01,WSH,STL
2010,20362,2010-12-01,PHX,MIN
2010,20363,2010-12-01,VAN,CGY
2010,20364,2010-12-01,FLA,ANA
2010,20365,2010-12-02,TB,BOS
2010,20366,2010-12-02,EDM,TOR
2010,20367,2010-12-02,MTL,NJ
2010,20368,2010-12-02,NYR,NYI
2010,20369,2010-12-02,ATL,PIT
2010,20370,2010-12-02,SJ,OTT
2010,20371,2010-12-02,WSH,DAL
2010,20372,2010-12-02,FLA,LA
2010,20373,2010-12-03,NYI,NYR
2010,20374,2010-12-03,COL,CAR
2010,20375,2010-12-03,CBJ,BUF
2010,20376,2010-12-03,CGY,MIN
2010,20377,2010-12-03,VAN,CHI
2010,20378,2010-12-03,DET,ANA
2010,20379,2010-12-04,NJ,PHI
2010,20380,2010-12-04,SJ,MTL
2010,20381,2010-12-04,BOS,TOR
2010,20382,2010-12-04,BUF,OTT
2010,20383,2010-12-04,ATL,WSH
2010,20384,2010-12-04,PIT,CBJ
2010,20385,2010-12-04,COL,TB
2010,20386,2010-12-04,CAR,NSH
2010,20387,2010-12-04,MIN,DAL
2010,20388,2010-12-04,FLA,PHX
2010,20389,2010-12-04,STL,EDM
2010,20390,2010-12-04,DET,LA
2010,20391,2010-12-05,PHI,NYI
2010,20392,2010-12-05,OTT,NYR
2010,20393,2010-12-05,CGY,CHI
2010,20394,2010-12-05,PHX,ANA
2010,20395,2010-12-05,STL,VAN
2010,20396,2010-12-06,NJ,PIT
2010,20397,2010-12-06,TOR,WSH
2010,20398,2010-12-06,NSH,ATL
2010,20399,2010-12-06,SJ,DET
2010,20400,2010-12-06,DAL,CBJ
2010,20401,2010-12-07,BUF,BOS
2010,20402,2010-12-07,OTT,MTL
2010,20403,2010-12-07,COL,FLA
2010,20404,2010-12-07,TB,CGY
2010,20405,2010-12-07,ANA,EDM
2010,20406,2010-12-08,SJ,PHI
2010,20407,2010-12-08,TOR,PIT
2010,20408,2010-12-08,NSH,DET
2010,20409,2010-12-08,DAL,CHI
2010,20410,2010-12-08,ANA,VAN
2010,20411,2010-12-09,NYI,BOS
2010,20412,2010-12-09,SJ,BUF
2010,20413,2010-12-09,PHI,TOR
2010,20414,2010-12-09,FLA,WSH
2010,20415,2010-12-09,NYR,OTT
2010,20416,2010-12-09,CBJ,STL
2010,20417,2010-12-09,MIN,PHX
2010,20418,2010-12-09,CGY,LA
2010,20419,2010-12-10,MTL,DET
2010,20420,2010-12-10,NJ,OTT
2010,20421,2010-12-10,COL,ATL
2010,20422,2010-12-10,CAR,DAL
2010,20423,2010-12-10,TB,EDM
2010,20424,2010-12-10,CGY,ANA
2010,20425,2010-12-11,PHI,BOS
2010,20426,2010-12-11,PIT,BUF
2010,20427,2010-12-11,MTL,TOR
2010,20428,2010-12-11,DET,NJ
2010,20429,2010-12-11,ATL,NYI
2010,20430,2010-12-11,COL,WSH
2010,20431,2010-12-11,NYR,CBJ
2010,20432,2010-12-11,CAR,STL
2010,20433,2010-12-11,FLA,NSH
2010,20434,2010-12-11,DAL,PHX
2010,20435,2010-12-11,TB,VAN
2010,20436,2010-12-11,MIN,LA
2010,20437,2010-12-11,CHI,SJ
2010,20438,2010-12-12,WSH,NYR
2010,20439,2010-12-12,VAN,EDM
2010,20440,2010-12-12,MIN,ANA
2010,20441,2010-12-13,LA,DET
2010,20442,2010-12-13,ATL,OTT
2010,20443,2010-12-13,NYI,NSH
2010,20444,2010-12-13,CHI,COL
2010,20445,2010-12-13,CBJ,CGY
2010,20446,2010-12-13,DAL,SJ
2010,20447,2010-12-14,PIT,PHI
2010,20448,2010-12-14,TOR,EDM
2010,20449,2010-12-15,BOS,BUF
2010,20450,2010-12-15,PHX,NJ
2010,20451,2010-12-15,NYR,PIT
2010,20452,2010-12-15,ANA,WSH
2010,20453,2010-12-15,STL,DET
2010,20454,2010-12-15,PHI,MTL
2010,20455,2010-12-15,ATL,TB
2010,20456,2010-12-15,CAR,FLA
2010,20457,2010-12-15,SJ,NSH
2010,20458,2010-12-15,COL,CHI
2010,20459,2010-12-15,CBJ,VAN
2010,20460,2010-12-16,ANA,NYI
2010,20461,2010-12-16,PHX,NYR
2010,20462,2010-12-16,CAR,ATL
2010,20463,2010-12-16,BOS,MTL
2010,20464,2010-12-16,LA,STL
2010,20465,2010-12-16,OTT,MIN
2010,20466,2010-12-16,SJ,DAL
2010,20467,2010-12-16,TOR,CGY
2010,20468,2010-12-16,CBJ,EDM
2010,20469,2010-12-17,NSH,NJ
2010,20470,2010-12-17,BUF,FLA
2010,20471,2010-12-17,DET,CHI
2010,20472,2010-12-17,OTT,COL
2010,20473,2010-12-18,NYR,PHI
2010,20474,2010-12-18,WSH,BOS
2010,20475,2010-12-18,PHX,NYI
2010,20476,2010-12-18,ANA,CAR
2010,20477,2010-12-18,NJ,ATL
2010,20478,2010-12-18,DAL,CBJ
2010,20479,2010-12-18,BUF,TB
2010,20480,2010-12-18,SJ,STL
2010,20481,2010-12-18,LA,NSH
2010,20482,2010-12-18,MIN,CGY
2010,20483,2010-12-18,TOR,VAN
2010,20484,2010-12-19,WSH,OTT
2010,20485,2010-12-19,DAL,DET
2010,20486,2010-12-19,LA,CHI
2010,20487,2010-12-19,MTL,COL
2010,20488,2010-12-20,ANA,BOS
2010,20489,2010-12-20,ATL,TOR
2010,20490,2010-12-20,FLA,PHI
2010,20491,2010-12-20,PHX,PIT
2010,20492,2010-12-20,CAR,TB
2010,20493,2010-12-20,VAN,STL
2010,20494,2010-12-20,CGY,MIN
2010,20495,2010-12-21,ANA,BUF
2010,20496,2010-12-21,NJ,WSH
2010,20497,2010-12-21,STL,ATL
2010,20498,2010-12-21,CGY,CBJ
2010,20499,2010-12-21,MTL,DAL
2010,20500,2010-12-21,LA,COL
2010,20501,2010-12-21,EDM,SJ
2010,20502,2010-12-22,TB,NYI
2010,20503,2010-12-22,FLA,PIT
2010,20504,2010-12-22,VAN,DET
2010,20505,2010-12-22,NSH,CHI
2010,20506,2010-12-23,ATL,BOS
2010,20507,2010-12-23,FLA,BUF
2010,20508,2010-12-23,NYI,NJ
2010,20509,2010-12-23,TB,NYR
2010,20510,2010-12-23,PIT,WSH
2010,20511,2010-12-23,MTL,CAR
2010,20512,2010-12-23,VAN,CBJ
2010,20513,2010-12-23,DET,STL
2010,20514,2010-12-23,OTT,NSH
2010,20515,2010-12-23,CGY,DAL
2010,20516,2010-12-23,MIN,COL
2010,20517,2010-12-23,EDM,LA
2010,20518,2010-12-23,PHX,SJ
2010,20519,2010-12-26,PIT,OTT
2010,20520,2010-12-26,TOR,NJ
2010,20521,2010-12-26,MTL,NYI
2010,20522,2010-12-26,WSH,CAR
2010,20523,2010-12-26,TB,ATL
2010,20524,2010-12-26,CBJ,CHI
2010,20525,2010-12-26,NSH,STL
2010,20526,2010-12-26,DET,MIN
2010,20527,2010-12-26,PHX,DAL
2010,20528,2010-12-26,EDM,VAN
2010,20529,2010-12-26,ANA,LA
2010,20530,2010-12-27,NYI,NYR
2010,20531,2010-12-27,MIN,CBJ
2010,20532,2010-12-27,BOS,FLA
2010,20533,2010-12-27,DET,COL
2010,20534,2010-12-27,BUF,CGY
2010,20535,2010-12-27,LA,SJ
2010,20536,2010-12-28,CAR,TOR
2010,20537,2010-12-28,ATL,PIT
2010,20538,2010-12-28,MTL,WSH
2010,20539,2010-12-28,BOS,TB
2010,20540,2010-12-28,CHI,STL
2010,20541,2010-12-28,DAL,NSH
2010,20542,2010-12-28,BUF,EDM
2010,20543,2010-12-28,ANA,PHX
2010,20544,2010-12-28,PHI,VAN
2010,20545,2010-12-29,NYR,NJ
2010,20546,2010-12-29,PIT,NYI
2010,20547,2010-12-29,CAR,OTT
2010,20548,2010-12-29,SJ,MIN
2010,20549,2010-12-29,DET,DAL
2010,20550,2010-12-29,LA,PHX
2010,20551,2010-12-30,CBJ,TOR
2010,20552,2010-12-30,BOS,ATL
2010,20553,2010-12-30,MTL,TB
2010,20554,2010-12-30,SJ,CHI
2010,20555,2010-12-30,COL,EDM
2010,20556,2010-12-30,PHI,LA
2010,20557,2010-12-31,ATL,NJ
2010,20558,2010-12-31,MTL,FLA
2010,20559,2010-12-31,NSH,MIN
2010,20560,2010-12-31,NYI,DET
2010,20561,2010-12-31,OTT,CBJ
2010,20562,2010-12-31,PHX,STL
2010,20563,2010-12-31,PHI,ANA
2010,20564,2010-12-31,VAN,DAL
2010,20565,2010-12-31,COL,CGY
2010,20566,2011-01-01,WSH,PIT
2010,20567,2011-01-01,BOS,BUF
2010,20568,2011-01-01,TOR,OTT
2010,20569,2011-01-01,NJ,CAR
2010,20570,2011-01-01,NYR,TB
2010,20571,2011-01-01,SJ,LA
2010,20572,2011-01-01,CGY,EDM
2010,20573,2011-01-02,ATL,MTL
2010,20574,2011-01-02,NYR,FLA
2010,20575,2011-01-02,PHI,DET
2010,20576,2011-01-02,DAL,STL
2010,20577,2011-01-02,CBJ,NSH
2010,20578,2011-01-02,PHX,MIN
2010,20579,2011-01-02,VAN,COL
2010,20580,2011-01-02,CHI,ANA
2010,20581,2011-01-03,BOS,TOR
2010,20582,2011-01-03,FLA,CAR
2010,20583,2011-01-03,NYI,CGY
2010,20584,2011-01-03,CHI,LA
2010,20585,2011-01-03,VAN,SJ
2010,20586,2011-01-04,MIN,NJ
2010,20587,2011-01-04,TB,WSH
2010,20588,2011-01-04,BUF,COL
2010,20589,2011-01-04,DET,EDM
2010,20590,2011-01-04,CBJ,PHX
2010,20591,2011-01-05,CAR,NYR
2010,20592,2011-01-05,TB,PIT
2010,20593,2011-01-05,ATL,FLA
2010,20594,2011-01-05,DAL,CHI
2010,20595,2011-01-05,CGY,VAN
2010,20596,2011-01-05,NSH,ANA
2010,20597,2011-01-06,MIN,BOS
2010,20598,2011-01-06,STL,TOR
2010,20599,2011-01-06,PHI,NJ
2010,20600,2011-01-06,PIT,MTL
2010,20601,2011-01-06,PHX,COL
2010,20602,2011-01-06,NYI,EDM
2010,20603,2011-01-06,NSH,LA
2010,20604,2011-01-06,BUF,SJ
2010,20605,2011-01-07,TOR,ATL
2010,20606,2011-01-07,CAR,FLA
2010,20607,2011-01-07,OTT,CHI
2010,20608,2011-01-07,NYR,DAL
2010,20609,2011-01-07,DET,CGY
2010,20610,2011-01-07,EDM,VAN
2010,20611,2011-01-07,CBJ,ANA
2010,20612,2011-01-08,NJ,PHI
2010,20613,2011-01-08,NYI,COL
2010,20614,2011-01-08,BOS,MTL
2010,20615,2011-01-08,TB,OTT
2010,20616,2011-01-08,MIN,PIT
2010,20617,2011-01-08,FLA,WSH
2010,20618,2011-01-08,NYR,STL
2010,20619,2011-01-08,BUF,PHX
2010,20620,2011-01-08,NSH,SJ
2010,20621,2011-01-08,DET,VAN
2010,20622,2011-01-08,CBJ,LA
2010,20623,2011-01-09,ATL,CAR
2010,20624,2011-01-09,TB,NJ
2010,20625,2011-01-09,DAL,MIN
2010,20626,2011-01-09,NYI,CHI
2010,20627,2011-01-09,SJ,ANA
2010,20628,2011-01-10,BOS,PIT
2010,20629,2011-01-10,PHX,STL
2010,20630,2011-01-10,DET,COL
2010,20631,2011-01-10,TOR,LA
2010,20632,2011-01-11,OTT,BOS
2010,20633,2011-01-11,PHI,BUF
2010,20634,2011-01-11,VAN,NYI
2010,20635,2011-01-11,MTL,NYR
2010,20636,2011-01-11,CGY,CAR
2010,20637,2011-01-11,PHX,CBJ
2010,20638,2011-01-11,WSH,FLA
2010,20639,2011-01-11,MIN,NSH
2010,20640,2011-01-11,EDM,DAL
2010,20641,2011-01-11,TOR,SJ
2010,20642,2011-01-12,PIT,MTL
2010,20643,2011-01-12,WSH,TB
2010,20644,2011-01-12,COL,CHI
2010,20645,2011-01-12,STL,ANA
2010,20646,2011-01-13,PHI,BOS
2010,20647,2011-01-13,CAR,BUF
2010,20648,2011-01-13,OTT,NYI
2010,20649,2011-01-13,VAN,NYR
2010,20650,2011-01-13,NSH,FLA
2010,20651,2011-01-13,TOR,PHX
2010,20652,2011-01-13,STL,LA
2010,20653,2011-01-13,EDM,SJ
2010,20654,2011-01-14,VAN,WSH
2010,20655,2011-01-14,DET,CBJ
2010,20656,2011-01-14,CGY,OTT
2010,20657,2011-01-14,PHI,ATL
2010,20658,2011-01-14,NJ,TB
2010,20659,2011-01-14,COL,MIN
2010,20660,2011-01-15,PIT,BOS
2010,20661,2011-01-15,CGY,TOR
2010,20662,2011-01-15,NYR,MTL
2010,20663,2011-01-15,BUF,NYI
2010,20664,2011-01-15,TB,CAR
2010,20665,2011-01-15,NJ,FLA
2010,20666,2011-01-15,CBJ,DET
2010,20667,2011-01-15,CHI,NSH
2010,20668,2011-01-15,ATL,DAL
2010,20669,2011-01-15,ANA,PHX
2010,20670,2011-01-15,EDM,LA
2010,20671,2011-01-15,STL,SJ
2010,20672,2011-01-16,OTT,WSH
2010,20673,2011-01-16,VAN,MIN
2010,20674,2011-01-16,PHI,NYR
2010,20675,2011-01-16,NSH,CHI
2010,20676,2011-01-16,EDM,ANA
2010,20677,2011-01-17,CAR,BOS
2010,20678,2011-01-17,NJ,NYI
2010,20679,2011-01-17,SJ,PHX
2010,20680,2011-01-17,CGY,MTL
2010,20681,2011-01-17,ATL,FLA
2010,20682,2011-01-17,LA,DAL
2010,20683,2011-01-18,MTL,BUF
2010,20684,2011-01-18,WSH,PHI
2010,20685,2011-01-18,DET,PIT
2010,20686,2011-01-18,BOS,CAR
2010,20687,2011-01-18,ANA,OTT
2010,20688,2011-01-18,CBJ,TB
2010,20689,2011-01-18,LA,STL
2010,20690,2011-01-18,VAN,COL
2010,20691,2011-01-18,MIN,EDM
2010,20692,2011-01-18,NSH,PHX
2010,20693,2011-01-19,TOR,NYR
2010,20694,2011-01-19,CBJ,FLA
2010,20695,2011-01-19,MIN,CGY
2010,20696,2011-01-20,BUF,BOS
2010,20697,2011-01-20,ANA,TOR
2010,20698,2011-01-20,PIT,NJ
2010,20699,2011-01-20,WSH,NYI
2010,20700,2011-01-20,OTT,PHI
2010,20701,2011-01-20,NYR,CAR
2010,20702,2011-01-20,TB,ATL
2010,20703,2011-01-20,DET,STL
2010,20704,2011-01-20,NSH,COL
2010,20705,2011-01-20,DAL,EDM
2010,20706,2011-01-20,SJ,VAN
2010,20707,2011-01-20,PHX,LA
2010,20708,2011-01-21,NYI,BUF
2010,20709,2011-01-21,MTL,OTT
2010,20710,2011-01-21,TB,FLA
2010,20711,2011-01-21,DAL,CGY
2010,20712,2011-01-22,NJ,PHI
2010,20713,2011-01-22,CHI,DET
2010,20714,2011-01-22,BOS,COL
2010,20715,2011-01-22,WSH,TOR
2010,20716,2011-01-22,ANA,MTL
2010,20717,2011-01-22,CAR,PIT
2010,20718,2011-01-22,NYR,ATL
2010,20719,2011-01-22,CBJ,STL
2010,20720,2011-01-22,LA,PHX
2010,20721,2011-01-22,CGY,VAN
2010,20722,2011-01-22,MIN,SJ
2010,20723,2011-01-23,FLA,NJ
2010,20724,2011-01-23,BUF,NYI
2010,20725,2011-01-23,PHI,CHI
2010,20726,2011-01-23,ATL,TB
2010,20727,2011-01-23,NSH,EDM
2010,20728,2011-01-24,NYR,WSH
2010,20729,2011-01-24,TOR,CAR
2010,20730,2011-01-24,NSH,CGY
2010,20731,2011-01-24,STL,COL
2010,20732,2011-01-24,DAL,VAN
2010,20733,2011-01-24,BOS,LA
2010,20734,2011-01-25,FLA,NYR
2010,20735,2011-01-25,MTL,PHI
2010,20736,2011-01-25,NYI,PIT
2010,20737,2011-01-25,ANA,CBJ
2010,20738,2011-01-25,BUF,OTT
2010,20739,2011-01-25,TOR,TB
2010,20740,2011-01-25,MIN,CHI
2010,20741,2011-01-25,EDM,PHX
2010,20742,2011-01-26,FLA,BOS
2010,20743,2011-01-26,CAR,NYI
2010,20744,2011-01-26,WSH,ATL
2010,20745,2011-01-26,NJ,DET
2010,20746,2011-01-26,EDM,DAL
2010,20747,2011-01-26,PHX,COL
2010,20748,2011-01-26,STL,CGY
2010,20749,2011-01-26,NSH,VAN
2010,20750,2011-01-26,SJ,LA
2010,20751,2011-02-01,FLA,TOR
2010,20752,2011-02-01,OTT,NJ
2010,20753,2011-02-01,PIT,NYR
2010,20754,2011-02-01,MTL,WSH
2010,20755,2011-02-01,BOS,CAR
2010,20756,2011-02-01,NYI,ATL
2010,20757,2011-02-01,CHI,CBJ
2010,20758,2011-02-01,PHI,TB
2010,20759,2011-02-22,COL,STL
2010,20760,2011-02-01,CGY,NSH
2010,20761,2011-02-01,LA,MIN
2010,20762,2011-02-01,VAN,DAL
2010,20763,2011-02-01,PHX,SJ
2010,20764,2011-02-02,DET,OTT
2010,20765,2011-02-02,NYI,PIT
2010,20766,2011-02-02,FLA,MTL
2010,20767,2011-02-02,VAN,PHX
2010,20768,2011-02-02,LA,EDM
2010,20769,2011-02-02,SJ,ANA
2010,20770,2011-02-03,DAL,BOS
2010,20771,2011-02-03,CAR,TOR
2010,20772,2011-02-03,NJ,NYR
2010,20773,2011-02-03,NSH,PHI
2010,20774,2011-02-03,CGY,ATL
2010,20775,2011-02-03,MIN,COL
2010,20776,2011-02-04,FLA,NJ
2010,20777,2011-02-04,BUF,PIT
2010,20778,2011-02-04,CBJ,DET
2010,20779,2011-02-04,WSH,TB
2010,20780,2011-02-04,EDM,STL
2010,20781,2011-02-04,CHI,VAN
2010,20782,2011-02-05,SJ,BOS
2010,20783,2011-02-05,NYR,MTL
2010,20784,2011-02-05,ANA,COL
2010,20785,2011-02-05,TOR,BUF
2010,20786,2011-02-05,OTT,NYI
2010,20787,2011-02-05,DAL,PHI
2010,20788,2011-02-05,ATL,CAR
2010,20789,2011-02-05,EDM,CBJ
2010,20790,2011-02-05,DET,NSH
2010,20791,2011-02-05,MIN,PHX
2010,20792,2011-02-05,LA,CGY
2010,20793,2011-02-06,PIT,WSH
2010,20794,2011-02-06,NJ,MTL
2010,20795,2011-02-06,STL,TB
2010,20796,2011-02-07,ATL,TOR
2010,20797,2011-02-07,NYR,DET
2010,20798,2011-02-07,EDM,NSH
2010,20799,2011-02-07,CHI,CGY
2010,20800,2011-02-07,COL,PHX
2010,20801,2011-02-07,OTT,VAN
2010,20802,2011-02-08,CAR,NJ
2010,20803,2011-02-08,TOR,NYI
2010,20804,2011-02-08,CBJ,PIT
2010,20805,2011-02-08,SJ,WSH
2010,20806,2011-02-08,BUF,TB
2010,20807,2011-02-08,STL,FLA
2010,20808,2011-02-09,MTL,BOS
2010,20809,2011-02-09,NSH,DET
2010,20810,2011-02-09,SJ,CBJ
2010,20811,2011-02-09,COL,MIN
2010,20812,2011-02-09,PHX,DAL
2010,20813,2011-02-09,OTT,CGY
2010,20814,2011-02-09,CHI,EDM
2010,20815,2011-02-09,ANA,VAN
2010,20816,2011-02-10,NJ,TOR
2010,20817,2011-02-10,CAR,PHI
2010,20818,2011-02-10,LA,PIT
2010,20819,2011-02-10,NYI,MTL
2010,20820,2011-02-10,BUF,FLA
2010,20821,2011-02-11,DET,BOS
2010,20822,2011-02-11,SJ,NJ
2010,20823,2011-02-11,PIT,NYI
2010,20824,2011-02-11,COL,CBJ
2010,20825,2011-02-11,NYR,ATL
2010,20826,2011-02-11,MIN,STL
2010,20827,2011-02-11,CHI,DAL
2010,20828,2011-02-11,ANA,CGY
2010,20829,2011-02-12,LA,WSH
2010,20830,2011-02-12,OTT,EDM
2010,20831,2011-02-12,TOR,MTL
2010,20832,2011-02-12,CAR,TB
2010,20833,2011-02-12,COL,NSH
2010,20834,2011-02-12,CHI,PHX
2010,20835,2011-02-12,STL,MIN
2010,20836,2011-02-12,CGY,VAN
2010,20837,2011-02-13,NYI,BUF
2010,20838,2011-02-13,PIT,NYR
2010,20839,2011-02-13,CBJ,DAL
2010,20840,2011-02-13,CAR,ATL
2010,20841,2011-02-13,SJ,FLA
2010,20842,2011-02-13,BOS,DET
2010,20843,2011-02-13,LA,PHI
2010,20844,2011-02-13,ANA,EDM
2010,20845,2011-02-14,VAN,STL
2010,20846,2011-02-14,CGY,COL
2010,20847,2011-02-14,WSH,PHX
2010,20848,2011-02-15,TOR,BOS
2010,20849,2011-02-15,BUF,MTL
2010,20850,2011-02-15,NYI,OTT
2010,20851,2011-02-15,PHI,TB
2010,20852,2011-02-15,SJ,NSH
2010,20853,2011-02-15,VAN,MIN
2010,20854,2011-02-15,DAL,EDM
2010,20855,2011-02-16,TOR,BUF
2010,20856,2011-02-16,CAR,NJ
2010,20857,2011-02-16,LA,CBJ
2010,20858,2011-02-16,PHI,FLA
2010,20859,2011-02-16,MIN,CHI
2010,20860,2011-02-16,PIT,COL
2010,20861,2011-02-16,DAL,CGY
2010,20862,2011-02-16,WSH,ANA
2010,20863,2011-02-17,BOS,NYI
2010,20864,2011-02-17,LA,NYR
2010,20865,2011-02-17,DET,TB
2010,20866,2011-02-17,VAN,NSH
2010,20867,2011-02-17,MTL,EDM
2010,20868,2011-02-17,ATL,PHX
2010,20869,2011-02-17,WSH,SJ
2010,20870,2011-02-18,NYR,NJ
2010,20871,2011-02-18,PHI,CAR
2010,20872,2011-02-18,STL,BUF
2010,20873,2011-02-18,BOS,OTT
2010,20874,2011-02-18,DET,FLA
2010,20875,2011-02-18,ANA,MIN
2010,20876,2011-02-18,CBJ,CHI
2010,20877,2011-02-19,ATL,EDM
2010,20878,2011-02-19,OTT,TOR
2010,20879,2011-02-19,LA,NYI
2010,20880,2011-02-19,NJ,CAR
2010,20881,2011-02-19,FLA,TB
2010,20882,2011-02-19,ANA,STL
2010,20883,2011-02-19,PHX,NSH
2010,20884,2011-02-19,DAL,VAN
2010,20885,2011-02-19,COL,SJ
2010,20886,2011-02-20,WSH,BUF
2010,20887,2011-02-20,PHI,NYR
2010,20888,2011-02-20,PIT,CHI
2010,20889,2011-02-20,DET,MIN
2010,20890,2011-02-20,MTL,CGY
2010,20891,2011-02-21,FLA,NYI
2010,20892,2011-02-21,CHI,STL
2010,20893,2011-02-21,WSH,PIT
2010,20894,2011-02-22,NYI,TOR
2010,20895,2011-02-22,PHX,PHI
2010,20896,2011-02-22,NYR,CAR
2010,20897,2011-02-22,SJ,DET
2010,20898,2011-02-22,NSH,CBJ
2010,20899,2011-02-22,EDM,MIN
2010,20900,2011-02-22,NJ,DAL
2010,20901,2011-02-22,MTL,VAN
2010,20902,2011-02-23,ATL,BUF
2010,20903,2011-02-23,FLA,OTT
2010,20904,2011-02-23,SJ,PIT
2010,20905,2011-02-23,PHX,TB
2010,20906,2011-02-22,BOS,CGY
2010,20907,2011-02-23,EDM,COL
2010,20908,2011-02-23,LA,ANA
2010,20909,2011-02-24,NYI,PHI
2010,20910,2011-02-24,DAL,DET
2010,20911,2011-02-24,TOR,MTL
2010,20912,2011-02-24,CHI,NSH
2010,20913,2011-02-24,STL,VAN
2010,20914,2011-02-24,MIN,LA
2010,20915,2011-02-25,NYR,WSH
2010,20916,2011-02-25,PIT,CAR
2010,20917,2011-02-25,PHX,CBJ
2010,20918,2011-02-25,OTT,BUF
2010,20919,2011-02-25,FLA,ATL
2010,20920,2011-02-25,NJ,TB
2010,20921,2011-02-25,SJ,CGY
2010,20922,2011-02-25,STL,EDM
2010,20923,2011-02-25,MIN,ANA
2010,20924,2011-02-26,NSH,DAL
2010,20925,2011-02-26,COL,LA
2010,20926,2011-02-26,DET,BUF
2010,20927,2011-02-26,PIT,TOR
2010,20928,2011-02-26,CAR,MTL
2010,20929,2011-02-26,PHI,OTT
2010,20930,2011-02-26,WSH,NYI
2010,20931,2011-02-26,BOS,VAN
2010,20932,2011-02-27,TB,NYR
2010,20933,2011-02-27,CBJ,NSH
2010,20934,2011-02-27,TOR,ATL
2010,20935,2011-02-27,NJ,FLA
2010,20936,2011-02-27,PHX,CHI
2010,20937,2011-02-27,STL,CGY
2010,20938,2011-02-27,BOS,EDM
2010,20939,2011-02-27,COL,ANA
2010,20940,2011-02-28,CHI,MIN
2010,20941,2011-02-28,DET,LA
2010,20942,2011-03-01,BUF,NYR
2010,20943,2011-03-01,NYI,WSH
2010,20944,2011-03-01,FLA,CAR
2010,20945,2011-03-01,MTL,ATL
2010,20946,2011-03-01,BOS,OTT
2010,20947,2011-03-01,CGY,STL
2010,20948,2011-03-01,NSH,EDM
2010,20949,2011-03-01,DAL,PHX
2010,20950,2011-03-01,CBJ,VAN
2010,20951,2011-03-01,COL,SJ
2010,20952,2011-03-02,PIT,TOR
2010,20953,2011-03-02,TB,NJ
2010,20954,2011-03-02,MIN,NYI
2010,20955,2011-03-02,CGY,CHI
2010,20956,2011-03-02,DET,ANA
2010,20957,2011-03-03,TB,BOS
2010,20958,2011-03-03,MIN,NYR
2010,20959,2011-03-03,TOR,PHI
2010,20960,2011-03-03,STL,WSH
2010,20961,2011-03-03,BUF,CAR
2010,20962,2011-03-03,OTT,ATL
2010,20963,2011-03-03,MTL,FLA
2010,20964,2011-03-03,CBJ,EDM
2010,20965,2011-03-03,NSH,VAN
2010,20966,2011-03-03,PHX,LA
2010,20967,2011-03-03,DET,SJ
2010,20968,2011-03-04,PIT,NJ
2010,20969,2011-03-04,NYR,OTT
2010,20970,2011-03-04,CAR,CHI
2010,20971,2011-03-04,CBJ,CGY
2010,20972,2011-03-04,DAL,ANA
2010,20973,2011-03-05,STL,NYI
2010,20974,2011-03-05,BUF,PHI
2010,20975,2011-03-05,VAN,LA
2010,20976,2011-03-05,PIT,BOS
2010,20977,2011-03-05,CHI,TOR
2010,20978,2011-03-05,FLA,ATL
2010,20979,2011-03-05,MTL,TB
2010,20980,2011-03-05,DET,PHX
2010,20981,2011-03-05,EDM,COL
2010,20982,2011-03-05,DAL,SJ
2010,20983,2011-03-06,NJ,NYI
2010,20984,2011-03-06,PHI,NYR
2010,20985,2011-03-06,WSH,FLA
2010,20986,2011-03-06,BUF,MIN
2010,20987,2011-03-06,NSH,CGY
2010,20988,2011-03-06,VAN,ANA
2010,20989,2011-03-07,WSH,TB
2010,20990,2011-03-07,CBJ,STL
2010,20991,2011-03-07,DAL,LA
2010,20992,2011-03-08,OTT,NJ
2010,20993,2011-03-08,TOR,NYI
2010,20994,2011-03-08,EDM,PHI
2010,20995,2011-03-08,BUF,PIT
2010,20996,2011-03-08,BOS,MTL
2010,20997,2011-03-08,CHI,FLA
2010,20998,2011-03-08,COL,MIN
2010,20999,2011-03-08,VAN,PHX
2010,21000,2011-03-08,NSH,SJ
2010,21001,2011-03-09,EDM,WSH
2010,21002,2011-03-09,ATL,CAR
2010,21003,2011-03-09,LA,DET
2010,21004,2011-03-09,STL,CBJ
2010,21005,2011-03-09,CHI,TB
2010,21006,2011-03-09,CGY,DAL
2010,21007,2011-03-09,NYR,ANA
2010,21008,2011-03-10,BUF,BOS
2010,21009,2011-03-10,PHI,TOR
2010,21010,2011-03-10,OTT,FLA
2010,21011,2011-03-10,MTL,STL
2010,21012,2011-03-10,MIN,NSH
2010,21013,2011-03-10,CGY,PHX
2010,21014,2011-03-10,VAN,SJ
2010,21015,2011-03-11,BOS,NYI
2010,21016,2011-03-11,CAR,WSH
2010,21017,2011-03-11,EDM,DET
2010,21018,2011-03-11,LA,CBJ
2010,21019,2011-03-11,NJ,ATL
2010,21020,2011-03-11,OTT,TB
2010,21021,2011-03-11,MIN,DAL
2010,21022,2011-03-11,ANA,COL
2010,21023,2011-03-12,MTL,PIT
2010,21024,2011-03-12,BUF,TOR
2010,21025,2011-03-12,NYI,NJ
2010,21026,2011-03-12,ATL,PHI
2010,21027,2011-03-12,CBJ,CAR
2010,21028,2011-03-12,TB,FLA
2010,21029,2011-03-12,DET,STL
2010,21030,2011-03-12,COL,NSH
2010,21031,2011-03-12,VAN,CGY
2010,21032,2011-03-12,NYR,SJ
2010,21033,2011-03-13,EDM,PIT
2010,21034,2011-03-13,CHI,WSH
2010,21035,2011-03-13,LA,DAL
2010,21036,2011-03-13,OTT,BUF
2010,21037,2011-03-13,PHX,ANA
2010,21038,2011-03-14,TB,TOR
2010,21039,2011-03-14,SJ,CHI
2010,21040,2011-03-14,MIN,VAN
2010,21041,2011-03-15,CAR,BUF
2010,21042,2011-03-15,ATL,NJ
2010,21043,2011-03-15,NYI,NYR
2010,21044,2011-03-15,BOS,CBJ
2010,21045,2011-03-15,WSH,MTL
2010,21046,2011-03-15,PIT,OTT
2010,21047,2011-03-15,PHI,FLA
2010,21048,2011-03-15,LA,NSH
2010,21049,2011-03-15,SJ,DAL
2010,21050,2011-03-15,PHX,CGY
2010,21051,2011-03-16,TOR,CAR
2010,21052,2011-03-16,WSH,DET
2010,21053,2011-03-16,COL,VAN
2010,21054,2011-03-16,STL,ANA
2010,21055,2011-03-17,PHI,ATL
2010,21056,2011-03-17,DET,CBJ
2010,21057,2011-03-17,TB,MTL
2010,21058,2011-03-17,NJ,OTT
2010,21059,2011-03-17,TOR,FLA
2010,21060,2011-03-17,BOS,NSH
2010,21061,2011-03-17,CHI,DAL
2010,21062,2011-03-17,COL,CGY
2010,21063,2011-03-17,PHX,EDM
2010,21064,2011-03-17,STL,LA
2010,21065,2011-03-17,MIN,SJ
2010,21066,2011-03-18,WSH,NJ
2010,21067,2011-03-18,MTL,NYR
2010,21068,2011-03-18,NYI,CAR
2010,21069,2011-03-18,PHX,VAN
2010,21070,2011-03-19,CBJ,MIN
2010,21071,2011-03-19,ATL,BUF
2010,21072,2011-03-19,BOS,TOR
2010,21073,2011-03-19,TB,OTT
2010,21074,2011-03-19,NYI,FLA
2010,21075,2011-03-19,DET,NSH
2010,21076,2011-03-19,PHI,DAL
2010,21077,2011-03-19,COL,EDM
2010,21078,2011-03-19,ANA,LA
2010,21079,2011-03-19,STL,SJ
2010,21080,2011-03-20,NYR,PIT
2010,21081,2011-03-20,NSH,BUF
2010,21082,2011-03-20,NJ,CBJ
2010,21083,2011-03-20,MTL,MIN
2010,21084,2011-03-20,CHI,PHX
2010,21085,2011-03-20,CGY,ANA
2010,21086,2011-03-21,PIT,DET
2010,21087,2011-03-21,CGY,LA
2010,21088,2011-03-22,NJ,BOS
2010,21089,2011-03-22,FLA,NYR
2010,21090,2011-03-22,WSH,PHI
2010,21091,2011-03-22,OTT,CAR
2010,21092,2011-03-22,BUF,MTL
2010,21093,2011-03-22,NYI,TB
2010,21094,2011-03-22,EDM,NSH
2010,21095,2011-03-22,TOR,MIN
2010,21096,2011-03-22,CBJ,COL
2010,21097,2011-03-22,STL,PHX
2010,21098,2011-03-23,VAN,DET
2010,21099,2011-03-23,FLA,CHI
2010,21100,2011-03-23,ANA,DAL
2010,21101,2011-03-23,CGY,SJ
2010,21102,2011-03-24,MTL,BOS
2010,21103,2011-03-24,ATL,NYI
2010,21104,2011-03-24,OTT,NYR
2010,21105,2011-03-24,PIT,PHI
2010,21106,2011-03-24,EDM,STL
2010,21107,2011-03-24,ANA,NSH
2010,21108,2011-03-24,TOR,COL
2010,21109,2011-03-24,CBJ,PHX
2010,21110,2011-03-24,SJ,LA
2010,21111,2011-03-25,NJ,PIT
2010,21112,2011-03-25,FLA,BUF
2010,21113,2011-03-25,WSH,OTT
2010,21114,2011-03-25,VAN,ATL
2010,21115,2011-03-25,CAR,TB
2010,21116,2011-03-26,NYR,BOS
2010,21117,2011-03-26,COL,LA
2010,21118,2011-03-26,NJ,BUF
2010,21119,2011-03-26,WSH,MTL
2010,21120,2011-03-26,PHI,NYI
2010,21121,2011-03-26,TB,CAR
2010,21122,2011-03-26,TOR,DET
2010,21123,2011-03-26,DAL,NSH
2010,21124,2011-03-26,STL,MIN
2010,21125,2011-03-26,ANA,CHI
2010,21126,2011-03-26,SJ,PHX
2010,21127,2011-03-26,CGY,EDM
2010,21128,2011-03-27,FLA,PIT
2010,21129,2011-03-27,OTT,ATL
2010,21130,2011-03-27,VAN,CBJ
2010,21131,2011-03-27,BOS,PHI
2010,21132,2011-03-28,CHI,DET
2010,21133,2011-03-28,COL,ANA
2010,21134,2011-03-29,CHI,BOS
2010,21135,2011-03-29,BUF,TOR
2010,21136,2011-03-29,PHI,PIT
2010,21137,2011-03-29,CAR,WSH
2010,21138,2011-03-29,FLA,CBJ
2010,21139,2011-03-29,ATL,MTL
2010,21140,2011-03-29,OTT,TB
2010,21141,2011-03-29,MIN,STL
2010,21142,2011-03-29,VAN,NSH
2010,21143,2011-03-29,LA,EDM
2010,21144,2011-03-29,DAL,PHX
2010,21145,2011-03-30,NYR,BUF
2010,21146,2011-03-30,NYI,NJ
2010,21147,2011-03-30,MTL,CAR
2010,21148,2011-03-30,STL,DET
2010,21149,2011-03-30,ANA,CGY
2010,21150,2011-03-31,TOR,BOS
2010,21151,2011-03-31,NYR,NYI
2010,21152,2011-03-31,ATL,PHI
2010,21153,2011-03-31,CBJ,WSH
2010,21154,2011-03-31,PIT,TB
2010,21155,2011-03-31,OTT,FLA
2010,21156,2011-03-31,EDM,MIN
2010,21157,2011-03-31,NSH,COL
2010,21158,2011-03-31,LA,VAN
2010,21159,2011-03-31,DAL,SJ
2010,21160,2011-04-01,PHI,NJ
2010,21161,2011-04-01,CHI,CBJ
2010,21162,2011-04-01,CGY,STL
2010,21163,2011-04-01,COL,PHX
2010,21164,2011-04-02,ATL,BOS
2010,21165,2011-04-02,TB,MIN
2010,21166,2011-04-02,DET,NSH
2010,21167,2011-04-02,DAL,LA
2010,21168,2011-04-02,TOR,OTT
2010,21169,2011-04-02,MTL,NJ
2010,21170,2011-04-02,CAR,NYI
2010,21171,2011-04-02,BUF,WSH
2010,21172,2011-04-02,PIT,FLA
2010,21173,2011-04-02,EDM,VAN
2010,21174,2011-04-02,ANA,SJ
2010,21175,2011-04-03,NYR,PHI
2010,21176,2011-04-03,BUF,CAR
2010,21177,2011-04-03,MIN,DET
2010,21178,2011-04-03,STL,CBJ
2010,21179,2011-04-03,TB,CHI
2010,21180,2011-04-03,CGY,COL
2010,21181,2011-04-03,DAL,ANA
2010,21182,2011-04-04,BOS,NYR
2010,21183,2011-04-04,LA,SJ
2010,21184,2011-04-05,TB,BUF
2010,21185,2011-04-05,WSH,TOR
2010,21186,2011-04-05,NJ,PIT
2010,21187,2011-04-05,CHI,MTL
2010,21188,2011-04-05,PHI,OTT
2010,21189,2011-04-05,COL,STL
2010,21190,2011-04-05,ATL,NSH
2010,21191,2011-04-05,CBJ,DAL
2010,21192,2011-04-05,VAN,EDM
2010,21193,2011-04-06,NYI,BOS
2010,21194,2011-04-06,TOR,NJ
2010,21195,2011-04-06,FLA,WSH
2010,21196,2011-04-06,DET,CAR
2010,21197,2011-04-06,STL,CHI
2010,21198,2011-04-06,EDM,CGY
2010,21199,2011-04-06,SJ,ANA
2010,21200,2011-04-06,PHX,LA
2010,21201,2011-04-07,ATL,NYR
2010,21202,2011-04-07,MTL,OTT
2010,21203,2011-04-07,COL,DAL
2010,21204,2011-04-07,MIN,VAN
2010,21205,2011-04-08,PIT,NYI
2010,21206,2011-04-08,CHI,DET
2010,21207,2011-04-08,PHI,BUF
2010,21208,2011-04-08,CAR,ATL
2010,21209,2011-04-08,FLA,TB
2010,21210,2011-04-08,CBJ,NSH
2010,21211,2011-04-08,DAL,COL
2010,21212,2011-04-08,MIN,EDM
2010,21213,2011-04-08,SJ,PHX
2010,21214,2011-04-08,LA,ANA
2010,21215,2011-04-09,NJ,NYR
2010,21216,2011-04-09,OTT,BOS
2010,21217,2011-04-09,MTL,TOR
2010,21218,2011-04-09,NYI,PHI
2010,21219,2011-04-09,TB,CAR
2010,21220,2011-04-09,WSH,FLA
2010,21221,2011-04-09,BUF,CBJ
2010,21222,2011-04-09,NSH,STL
2010,21223,2011-04-09,VAN,CGY
2010,21224,2011-04-09,ANA,LA
2010,21225,2011-04-09,PHX,SJ
2010,21226,2011-04-10,BOS,NJ
2010,21227,2011-04-10,PIT,ATL
2010,21228,2011-04-10,EDM,COL
2010,21229,2011-04-10,DET,CHI
2010,21230,2011-04-10,DAL,MIN
2010,30111,2011-04-13,NYR,WSH
2010,30112,2011-04-15,NYR,WSH
2010,30113,2011-04-17,WSH,NYR
2010,30114,2011-04-20,WSH,NYR
2010,30115,2011-04-23,NYR,WSH
2010,30121,2011-04-14,BUF,PHI
2010,30122,2011-04-16,BUF,PHI
2010,30123,2011-04-18,PHI,BUF
2010,30124,2011-04-20,PHI,BUF
2010,30125,2011-04-22,BUF,PHI
2010,30126,2011-04-24,PHI,BUF
2010,30127,2011-04-26,BUF,PHI
2010,30131,2011-04-14,MTL,BOS
2010,30132,2011-04-16,MTL,BOS
2010,30133,2011-04-18,BOS,MTL
2010,30134,2011-04-21,BOS,MTL
2010,30135,2011-04-23,MTL,BOS
2010,30136,2011-04-26,BOS,MTL
2010,30137,2011-04-27,MTL,BOS
2010,30141,2011-04-13,TB,PIT
2010,30142,2011-04-15,TB,PIT
2010,30143,2011-04-18,PIT,TB
2010,30144,2011-04-20,PIT,TB
2010,30145,2011-04-23,TB,PIT
2010,30146,2011-04-25,PIT,TB
2010,30147,2011-04-27,TB,PIT
2010,30151,2011-04-13,CHI,VAN
2010,30152,2011-04-15,CHI,VAN
2010,30153,2011-04-17,VAN,CHI
2010,30154,2011-04-19,VAN,CHI
2010,30155,2011-04-21,CHI,VAN
2010,30156,2011-04-24,VAN,CHI
2010,30157,2011-04-26,CHI,VAN
2010,30161,2011-04-14,LA,SJ
2010,30162,2011-04-16,LA,SJ
2010,30163,2011-04-19,SJ,LA
2010,30164,2011-04-21,SJ,LA
2010,30165,2011-04-23,LA,SJ
2010,30166,2011-04-25,SJ,LA
2010,30171,2011-04-13,PHX,DET
2010,30172,2011-04-16,PHX,DET
2010,30173,2011-04-18,DET,PHX
2010,30174,2011-04-20,DET,PHX
2010,30181,2011-04-13,NSH,ANA
2010,30182,2011-04-15,NSH,ANA
2010,30183,2011-04-17,ANA,NSH
2010,30184,2011-04-20,ANA,NSH
2010,30185,2011-04-22,NSH,ANA
2010,30186,2011-04-24,ANA,NSH
2010,30211,2011-04-29,TB,WSH
2010,30212,2011-05-01,TB,WSH
2010,30213,2011-05-03,WSH,TB
2010,30214,2011-05-04,WSH,TB
2010,30221,2011-04-30,BOS,PHI
2010,30222,2011-05-02,BOS,PHI
2010,30223,2011-05-04,PHI,BOS
2010,30224,2011-05-06,PHI,BOS
2010,30231,2011-04-28,NSH,VAN
2010,30232,2011-04-30,NSH,VAN
2010,30233,2011-05-03,VAN,NSH
2010,30234,2011-05-05,VAN,NSH
2010,30236,2011-05-09,VAN,NSH
2010,30241,2011-04-29,DET,SJ
2010,30242,2011-05-01,DET,SJ
2010,30243,2011-05-04,SJ,DET
2010,30244,2011-05-06,SJ,DET
2010,30246,2011-05-10,SJ,DET
2010,30247,2011-05-12,DET,SJ
2010,30311,2011-05-14,TB,BOS
2010,30312,2011-05-17,TB,BOS
2010,30313,2011-05-19,BOS,TB
2010,30314,2011-05-21,BOS,TB
2010,30315,2011-05-23,TB,BOS
2010,30316,2011-05-25,BOS,TB
2010,30321,2011-05-15,SJ,VAN
2010,30322,2011-05-18,SJ,VAN
2010,30323,2011-05-20,VAN,SJ
2010,30324,2011-05-22,VAN,SJ
2010,30325,2011-05-24,SJ,VAN
2010,30411,2011-06-01,BOS,VAN
2010,30412,2011-06-04,BOS,VAN
2010,30413,2011-06-06,VAN,BOS
2010,30414,2011-06-08,VAN,BOS
2010,30415,2011-06-10,BOS,VAN
2010,30416,2011-06-13,VAN,BOS
2010,30417,2011-06-15,BOS,VAN
